comment_id,comment,label,source
C0001,Mada Inna eka ekka virudda paxaye 3 K innawa neda,neutral,YouTube
C0002,Mu sangwaadaya hasurawana ekek newei balayek,offensive,YouTube
C0003,"Oka oya hadanne police officer la baya karanna etakota munissu baya wenawa law eka karanna,oka oya dagalanne Rajapaksa lage kapuwata okath waga kiyanna ona,policya kisima ekakta baya wenna epa",offensive,YouTube
C0004,"Asuchi unath kana minihek oka,gamata enna minissu kiyala devi",hate,YouTube
C0005,Ape meneka API oba samagai,neutral,YouTube
C0006,Jungi walata denawaa aluth b😊esam hilwunu ....ewaata denawaa kottamalli hundu... Watti ammma jayawevaa.kata nikam Kara pincha vage. .....,offensive,YouTube
C0007,"Dolawaththata laksha 500k ranil janadipathikale laminate,ekata monada danne naha kale.",offensive,YouTube
C0008,Asda ahagaththa dolayo .muduma dolaya mukuth Nodanna Baba wage kathakarana Hati .,hate,YouTube
C0009,Dankudaya,offensive,YouTube
C0010,Ape sahodariya kiyanawa janathawata me vihilu walata rewatenna apalu Boru walata vithara da rewatenna ona.,neutral,YouTube
C0011,Dolawaththa. Kadappuli WESHIGEPUTHA,hate,YouTube
C0012,ethelote. contentenet. 323. pitekirreeme. duusjeneyak. noveyode,offensive,YouTube
C0013,Oka.amue.gana..aperade.kale..,offensive,YouTube
C0014,Ale.duewa.denena.duewa.okueneta duewanena🎉🎉🎉🎉🎉,offensive,YouTube
C0015,Dole oya mey comment balaala hàdiyan bang.umba pakkaliyek.,hate,YouTube
C0016,Me dolayata paw muwa hamadama balukarann uge pakshen ewnawa mu hama dama balu wenawa,offensive,YouTube
C0017,Dolawaththage Redi Nane.,offensive,YouTube
C0018,Watti AMMA kenek 😂,offensive,YouTube
C0019,Wayiraya penawa kalakani pacha anurage ekad hakarakiyane lalkanthawen athi gewal nathu hil jagi adan hitapu un dan maligawala,hate,YouTube
C0020,Anura pachaya kohomath ohoma thama boru vidinawa,offensive,YouTube
C0021,AKD ❤❤❤❤❤❤,neutral,YouTube
C0022,Anuratath uge anduwath horu horu horu,offensive,YouTube
C0023,Me kota lapaya miharakek,hate,YouTube
C0024,Me wage miharak rata pslanaya karanne na,hate,YouTube
C0025,Anura sahoodaraya kothanada janathawa anna eathanai o k,neutral,YouTube
C0026,Pachakota,hate,YouTube
C0027,pennanna welawak enne na gon naambo ubata,offensive,YouTube
C0028,"Namalayo puluwannam tho jathika leisthuwen nethuwa dinala pennako, Pala ke,,,,,,,po,,,,,,,pak,,,,,,,",hate,YouTube
C0029,Naamolayata jaya kiyana un Unge guuu lewa kana un,hate,YouTube
C0030,Me balla ela wanna kenek nadda para balla,hate,YouTube
C0031,Seeya Wakkaden atha hodan aawaa Namal welikaden atha hodan ewilla parliament ekata,offensive,YouTube
C0032,Akd sir respect ❤🙏,neutral,YouTube
C0033,Pissu huthek me namal kiyanne mona Danna huthedda oka,hate,YouTube
C0034,Anurage puka lewakapn 😂😂lankwe inna awajathayont kelehi gunayak kiyl gawila wath na,hate,YouTube
C0035,hora balla,hate,YouTube
C0036,Ape Anurajanadipathi thumata jayawewa,neutral,YouTube
C0037,j V P vitharak minimaruwo nema hema anduwe ma minimeruwa????????_x000D_ Hema anduwe ma minimeruwa mahindaya nora minimaruwa????ranilala minimaruwa wadak agar aya????pema dasaya u mani kappiththa oya hema anduwak a nithiya athata aran weda kala aka cal aken onama deyak karanna puluwan nithiyak thibuna ????????_x000D_ Den paka pall aki kohomada nithiya weda karana heti thopita awa balan enna beha neha,hate,YouTube
C0038,Muta. Mokatada. Parlimenthuwzta Anna awasaraya dunne. Heretageyama katapanagahala aurudu 20k damannaona. Munta parlimenthuwath thahanamkaranna.,hate,YouTube
C0039,Pissiyoooo2,hate,YouTube
C0040,Kibbath penna pan _x000D_ Balu paduru wesi,offensive,YouTube
C0041,Yakoooo aga hadaganin kathdma kathai appiriyai 😢😢😢,offensive,YouTube
C0042,Ok,neutral,YouTube
C0043,Wasiyo,hate,YouTube
C0044,Gananhamotama.ljjakaranawa,offensive,YouTube
C0045,Hati witharak,offensive,YouTube
C0046,"Mala appiriyai,nugath geniyek,labbata Rita gahala wage,vomitish feeling v",offensive,YouTube
C0047,Pahu giya dawasaka husband ada ada neda giye...ane manda❤❤❤❤,offensive,YouTube
C0048,Wal balliyo,hate,YouTube
C0049,pissuda kohedo,offensive,YouTube
C0050,Baliyo 2,offensive,YouTube
C0051,Munta laje na,offensive,YouTube
C0052,Ana akka ohoma vikara karanna epa .oya kochchara lassanai da .lassanata enna,neutral,YouTube
C0053,Wesa belliyo,hate,YouTube
C0054,Lamaya pau.hode..ai mehema.._x000D_ _x000D_ _x000D_ _x000D_ .,neutral,YouTube
C0055,"Man hithanne meke commdenna ewunta,unta kade yanawa athi, natthan ei samahara comments,_x000D_ Me dennata,baninna eka tharaha yanne?",offensive,YouTube
C0056,8000 daha gaha ganim pukee 😂😂😂😂😂apita salli nathath apita mole thiyenava 😂😂,hate,YouTube
C0057,Gonnu,offensive,YouTube
C0058,Mona unat pau,neutral,YouTube
C0059,Jim Pappa hodaii Meeta vada😂😂 ubala vihin vihiluvak venne appah,offensive,YouTube
C0060,Monunda ban mee kiri eladennunge mi gon,hate,YouTube
C0061,ane sudu manike ..chuuti jangi koteth galawalama natanna .....etakota balana ayath duwai maru manikela denna ..sathutui denna gana.....😂😂😂😂😂😂,neutral,YouTube
C0062,Aiyooo lajjai😡😡😡😡😡,offensive,YouTube
C0063,Bathkana harak 2k,offensive,YouTube
C0064,Ane ai appa mehema..kisima lajjawak nane..😮😮daruwkuth innawa ne.,offensive,YouTube
C0065,Anee mun mokunda..gaanu seratama awanambu karanawa..kathee ba,offensive,YouTube
C0066,me.asanvara.you.tiub.nalika.navaththanna.ona.podi.lamai.balanavane,neutral,YouTube
C0067,gembek.vage.ara.miniha.inna.rate.me.deval.balanavane,offensive,YouTube
C0068,Kalaknni wesakam kaloth thopi wage eta wadaganan dila ganna puluwan paukara heththa eskolekta warudawakatawath nogiya,hate,YouTube
C0069,Ana Yako tho hithana uba hari wirakamake Kara kiyalada thoga hati witharake,hate,YouTube
C0070,Kawada hari lamaya loku Wala okiga oluwa palai😂😂 neddakin jarama Jara ganu dannak,offensive,YouTube
C0071,Dileka maru ❤❤,neutral,YouTube
C0072,Eya😮😮😂😂😂😂,neutral,YouTube
C0073,Ara pissu gaaani hina weddi kana palenna denn ahithenawa😂,offensive,YouTube
C0074,Igena gena nathi eke palawipaka😂,neutral,YouTube
C0075,Kohomada baduwage katawa. Baya abindakwat gawila naa.anna badu,hate,YouTube
C0076,Heluwa pennagena natanwa appiryai,hate,YouTube
C0077,Brand akaklu a denna puka thamai😂 thopita wediya brand dekala tiyenawa yako api thopi dennage vinode itin anunta hina wena akane hina wewima hita palla😂,hate,YouTube
C0078,Minihata kondak nane ponnayek,hate,YouTube
C0079,Kalakani wesiyo denna marila yanne nah uba ta kiyanna tiyenne ube miniha ponnaya nisa hodai,hate,YouTube
C0080,Wesa brand 1,hate,YouTube
C0081,😂palayan yanna,hate,YouTube
C0082,Heluwa pennala raja wena wesa ganu,hate,YouTube
C0083,Miniha marilada ubage.thopine napunsaakayoooo.wesa hutti,hate,YouTube
C0084,Pissu hutti,hate,YouTube
C0085,Ane nande mamanam oyalata godak kamathi mama oyalage video balanawa ❤❤❤❤❤,neutral,YouTube
C0086,Mun nikn cream gnne nthuw wge kthaw😂😂,offensive,YouTube
C0087,Uba kohomada heluwen innaa kiyanne uba inne heluwen e,hate,YouTube
C0088,Ane ban ochchara banum ahanne okige video balanna epa,offensive,YouTube
C0089,Udala denna kethai oiii 😅,offensive,YouTube
C0090,Oyala hari nam iyyyaaaa ratata ain karala danna one me wage wun,offensive,YouTube
C0091,Oya katha karanna egana ganna akke .,offensive,YouTube
C0092,Brand ek ammge redd😂,offensive,YouTube
C0093,Iya katha karana vidiha ganu neda sanwarawa hasirenna ....,offensive,YouTube
C0094,Mokada ara piti passe inna ganu kena dagala dagala katha karanne. Hariyata chu bara hadila toilet ekata yanna widiyak nathuwa innawa wage 😂,hate,YouTube
C0095,Noogathkama uparima dakka video ekak😅,offensive,YouTube
C0096,Cuccu brand 😂 0:23,offensive,YouTube
C0097,Maru marayai elakiri ela pausii Anee paduve idpn vesa baduu😂,hate,YouTube
C0098,Balala views yawana apima ne benum ahanne ...onna ekekvath balanna epa bn ❤,offensive,YouTube
C0099,Eya karapu deta eyata pala dei kenekuta nindawak keruwoth eka eyata kawada hari lebenawa.oya iwasanna.theruwan saranai.❤❤❤❤❤❤❤,neutral,YouTube
C0100,Kauda oya paththen denne 😅😂😂😂,offensive,YouTube
C0101,Ane gona uba kathaiii😂😂😂 kawda ban me ...😂😂_x000D_ Manishata baynna THO KAWDA .._x000D_ Kukku Dilekaa😂😂😂,hate,YouTube
C0102,Manisha higa kawe නැහැ ban,offensive,YouTube
C0103,Ane manisha paw,neutral,YouTube
C0104,Hari adumak adaganin,offensive,YouTube
C0105,Moda yakek,offensive,YouTube
C0106,Ane akke oya ganita pisdu oya gani oya lassanata innavane minissunta ekata irishiyayi akke oya pau oyata okata police yanna puluvan akke oya yanna oya sadaranayi ekayi mage mathe mama varadida danna,neutral,YouTube
C0107,Manisha akka paw 😢😢,neutral,YouTube
C0108,Anee yako ubala hadhiyan anun hadhanna kalin bn 😂😂😂,neutral,YouTube
C0109,Boru manesha ga Nambari aka tiyanavada,hate,YouTube
C0110,Thopi dennata pissu dileka mama oyage vidiyo valata asayimata ada epevuna ube hekara kata balapanko thoge lamayage nama kivve nee thoanunge ammala thaththala gena hithanna epaube lamayata api asayi manesha hodayi ubala 2 nata vada dileka oya harima pahath kenek yako thopi kiyana vidihata manussayek onavidihata vidiyo danna 😂apita lejjayi dileka ubagana,neutral,YouTube
C0111,Maneesha akki paw ❤❤😢,neutral,YouTube
C0112,Gon huththiye uba hedila hitapan. Uba thamai niyama amma. වේසාවී,hate,YouTube
C0113,Yko heliwen natana eka ammekge adareda.. anith eka maneesha lamayt apahasyk karala kiylnm mata penne na..me ganige nugath hasirima thama vdo ekn penne...anith ekq fb pages walin lamay meme ekk wenneth oya gani nisane mkd allpu gedara eka lamaywa vdo karane social media wala danne nh ne..phath wada karanne maneesha nemeyi me balu ganu denna,hate,YouTube
C0114,Oya manisha kiyana gani kohomath ohoma thama. Oya paratti salli hamba karanne ohoma thama mata nam oya manishava penna ba,hate,YouTube
C0115,Iain karanna Aaepa oka,offensive,YouTube
C0116,Ayanam.thamusela.wage.heluwen.natanne.ne.ubala.salli.hamma.karanna.wennaathi.heluwen.natanne,hate,YouTube
C0117,Aekanam aetta a oyagea babatada keyannea awa ayata wadak nanea oyagea baba. GANA keyanda,offensive,YouTube
C0118,Katavahapiya balli,hate,YouTube
C0119,demapiyanta baninna epa demapiyan pali na,offensive,YouTube
C0120,hadatama kale manisa. manishata kalin. oya hari amma kenek wenna,neutral,YouTube
C0121,maniisha pau ane boruwata baninnawa,offensive,YouTube
C0122,Baba pau ane ..😢,neutral,YouTube
C0123,Manisha. Gobak. Hobayi❤❤❤❤,neutral,YouTube
C0124,Oya duk wenna epa manika deiyoo innwa,neutral,YouTube
C0125,Pissu . Mun ta😅.,offensive,YouTube
C0126,Ane paww maneesha😢❤ paw akki aya,offensive,YouTube
C0127,me pakhsa siyallama ekathu vi rata beragatha uthui,neutral,YouTube
C0128,Horu akaaa mitataaaa😂😂Banku hora and Nidan horaaaaa,offensive,YouTube
C0129,Banku hora vs Nidan hora❤❤❤love y,offensive,YouTube
C0130,Banku hora and Nidan horaaa😂😂😂,offensive,YouTube
C0131,Bankuuu horaaa samagaa😂😂😂😂,offensive,YouTube
C0132,Ekathu unoth. Jaya niyathai.,neutral,YouTube
C0133,Jayawewa sajith methithumata api obasamagabawa sapatha kara kiyasitimu,neutral,YouTube
C0134,Jayawewa🎉🎉🎉🎉🎉🎉🎉🎉🎉🎉🎉🎉🎉🎉🎉🎉🎉🎉🎉🎉🎉🎉🎉🎉🎉🎉🎉🎉❤❤❤❤❤❤❤❤❤❤❤❤❤,neutral,YouTube
C0135,UNP comes back 100%_x000D_ 👍🏽,neutral,YouTube
C0136,A best speech by Sajith keep it up_x000D_ Till win,neutral,YouTube
C0137,Niyamai 🎉🎉🎉🎉🎉,neutral,YouTube
C0138,Jr j r premadasa ranil wi lalith a gamini disa nayaka❤❤❤❤❤❤❤🎉🎉🎉🎉🎉,neutral,YouTube
C0139,❤❤❤❤❤❤❤jaya wawa,neutral,YouTube
C0140,Ranil wickramasinghe matitumani dan obata puluwan sajith matitumage jayagrahanayata dayaka wenna ein sajith mahata tawath saktiiyak api sajith dinawamu jaya wewa mage matiduni,neutral,YouTube
C0141,Congratulations. Mr saith. And. Mr rail happy. For you all,neutral,YouTube
C0142,Anura nariya eawamu,offensive,YouTube
C0143,Jayawewa miharak 159 gedsra yawamu,neutral,YouTube
C0144,Niyami❤,neutral,YouTube
C0145,verry good SaJith & Ranil,neutral,YouTube
C0146,Akathu unoth apith denava❤,neutral,YouTube
C0147,Hariyatama hari,neutral,YouTube
C0148,❤❤❤❤❤❤❤❤❤sajith❤.....ranil.m..idiriyata.kuhaka.yanna.apa.rata.goda.ganna.sajithta.sahawa.denna.dil.apa.,offensive,YouTube
C0149,Yes sir super 100% all the best sir,neutral,YouTube
C0150,Jaya.weva.ekathu.wenda,neutral,YouTube
C0151,"What you say applies to J.R.Jayawardane & your Own father, which very much suits. I am sure those who don't have & remain without the past politics will get washed off by the Public. What you say is totally contradictory, as we explain to even the youngsters about the democracy of your father.",neutral,YouTube
C0152,❤AKD❤sir oyafile eka ewanna ramalana palliyata tika denek innawa aragena prshna karanna bayanatuwa.... Tawhid jamath .... Samajikayo.... Aman oya naduwath aran dennam....?,offensive,YouTube
C0153,AKD OUR KING❤❤❤,neutral,YouTube
C0154,AKD❤❤ WILL DO ALL JUST WAIT PLEASE❤,neutral,YouTube
C0155,uba kiyuu de ada ituwemin pawithi..superb,neutral,YouTube
C0156,Jayawewa ! Jayawewa !,neutral,YouTube
C0157,We are Fully with AKD !,neutral,YouTube
C0158,When the 2009 toll compensation get complete,offensive,YouTube
C0159,7 yrs 😢 21/04/2026,offensive,YouTube
C0160,Ane e genu kenge darwo denna😂,neutral,YouTube
C0161,Aththatama meka thama haunted kes ekk bn molakarayekge udawwak ona wenawa me wealawe😢,offensive,YouTube
C0162,Sf ge gemma ❤,neutral,YouTube
C0163,Dukai 😢aniwaryenma munva allanna ona,offensive,YouTube
C0164,kadinal himipanange aradane piligena katuwapiti dewastanayata pamini janadipatitumeni obatumata apage stutiya,neutral,YouTube
C0165,Samahara minissu hitiyata nikamma sareera koodu witharai .mahapolowe payagahala jeewath wena minisunta therenawa Hari deya waradi deya .nawathath rajaya south widiyata yamak karanawa. Mealuthkandayama gana wiswasa karanna.🎉,neutral,YouTube
C0166,Danan hitiyath Anura janadipathi thumata monawada karanna puluwan. Mathakada Harnge thatha palli yanna epa kiyala kiuwa. Ai unp anduwa thiyena kale katha kale naththe. Oya unp eken chande illapu nisada. Cadinal thumawath apahasu thawayata path kala. Wedanawa weai eth waradi nokarapu ayata dos kiyana eka waradi. Ada dawase kopamana denekgen me manussa awalada ahanawada. Katha karanna puluwan unata wachchana parissamin eliyata danna. Anukampawa ganna gihin bumikampawa karagaththa,neutral,YouTube
C0167,Harinwai uge tattawai gattanan hari neda,neutral,YouTube
C0168,"Gota, mahinda thamai karee balayata enna.😢🙇",neutral,YouTube
C0169,methuma balayata aawe gota wage paasku prahare kara mathin newe.... minissu chande dunne eeta wada dewena prashna mulinma wisadaganna... namuth nobala inna ekak nehe... tikak iwasanna katholika mithurani....,neutral,YouTube
C0170,Muslim la gen uth parissan wenna. Agolloth allah huakbar kiyala ne marune. It's a terro attack,hate,YouTube
C0171,"obathumath denaganna one kiyana ekata man nam ekanga ne,,,,, hangi barawa katha karanne,,,eyala vindithayo nisa eyalata duka daraganna be paw,illima 1000% watinawa",neutral,YouTube
C0172,Werandi kerapu un allaganna _x000D_ Marana daduwam denna,neutral,YouTube
C0173,Dukata karanaya nam thaththa kiyapu nisa palli giye na kiyapu Hareen gen oya prashna ahapu nathi eka ganai_x000D_ e aya windithayanta katha karannatawath idak nodun nisa neda eyalage prashna ahannawath bari wune,neutral,YouTube
C0174,Obage lileema sagarani namuth. Illeemak karunikawa kalauthai yay madam sithami,neutral,YouTube
C0175,"That man took maximum advantage, misused the given opportunity.",neutral,YouTube
C0176,Paaharayinta aniwaryenma danduwam denna oni.,neutral,YouTube
C0177,"Sadharanayak onemai,",neutral,YouTube
C0178,Okkotma kalin oya siyata baduwak gasspan😂😂😂😂,offensive,YouTube
C0179,Game kallla ballema kata karnne mahita😂,neutral,YouTube
C0180,Mahiyata aseni gena ganakwath na thawa ekiyekta peni halagena innawa den boruwaya ada ada idala pirimi jathiya hema ekama ohoma thama 😡😡,hate,YouTube
C0181,Ai mashege yaluwowath kiyanne naththe ashini maruwe kalanage set eka kiyala.. 😢,neutral,YouTube
C0182,Siya mahige paththe inne ❤,neutral,YouTube
C0183,me kalana gon harakava me kathaven ain karapiyaw redda... kalagune vage tiken tikata maru venava u,hate,YouTube
C0184,Wery nice were nice beautiful ❤❤❤❤❤,neutral,YouTube
C0185,Lawan aiyath lassanai ❤❤❤❤hinawath lassanai,neutral,YouTube
C0186,Me eyage riyal wife nefa,neutral,YouTube
C0187,Meka balana kattiya me kathawa aththa ekak kiyala hithanne balanne 😂,neutral,YouTube
C0188,Asenita wdanm me kella lassnai 😅❤❤,offensive,YouTube
C0189,Koheda danna ara kiyapu shinhala baudda kama ane mehemath ganu mun hithagena inne mekath hari wadak kiyala pissu bn ubata 😅😂😂😂,hate,YouTube
C0190,SL Gonnu,hate,YouTube
C0191,Baninda apa Yako apata mokada,neutral,YouTube
C0192,Sri lanka mia khalifa version 🤧,neutral,YouTube
C0193,Feel sorry for her life,neutral,YouTube
C0194,oyage waradak dakinne naha nikan vinode oyage wasana ohome inne meke inne harime charithe wath thotath babala kiyane dewal ganan ganne apa daraganne bari iriseyawe unte given wath oya wenne baha akai attha,hate,YouTube
C0195,Pisse,offensive,YouTube
C0196,Lanakwe dakapu supirima body eka.. Puke arinna maru😂,hate,YouTube
C0197,Ane hali hina mona magulakda me,neutral,YouTube
C0198,akke oya hodin inna balannako oyata b s😢,neutral,YouTube
C0199,Mea.geanita..pukea.amaruwa.patta.wasiyak.,hate,YouTube
C0200,Nakiy hotti,hate,YouTube
C0201,Please don’t kill the new generation 🙏,neutral,YouTube
C0202,Mta mek dkmma iye idlma Hina ynwa tamath hinawa nwthna baruwa Ine😊😂😅,neutral,YouTube
C0203,Loku wirakamak kyl hithe 😂,neutral,YouTube
C0204,Sakkilima wanachara sakkili balliyek laokawata karumetama ipaduna amana balliyek thamai,hate,YouTube
C0205,Oatta balu nale,hate,YouTube
C0206,Me oi tmuse gniyekd nttn pirimiyekd eunat dp ekenn gniyek vgene bn🙄🙄🙄🙄😒,neutral,YouTube
C0207,Lankawa kiywanne jara ratak thawa manussayek kala bila sathutin innawata kamathi na mun e tharam kuhakayi,neutral,YouTube
C0208,amma potha paw kere ponnayo oyapan rata kanaun gena o ubepawla wenasakerana un gena ey piumeta salle ambakeranna bereda ?,hate,YouTube
C0209,eyage ekeyawen lassana pennala godageya genunta patha athanne wedak nethe ponnayo,hate,YouTube
C0210,Amma wagema tamayi lamayath pare minissunta gahana kalakanni mun hodayi harahatadala rendawadiwenna,hate,YouTube
C0211,Thope helu weli aurudu me aurudde withre lbn aurudde owa be ponnyont kiyl withrk aurudu uthswyk dekkme hbe ayiyo po#nmyi dektm nthi unge ne😂😂amthk una sore,hate,YouTube
C0212,Elaga athme kohe indida ne,neutral,YouTube
C0213,"Aneee lassanai Piumi Oya ,Adarei duwa ,GOD dunna lassana rupayak ,JESU pihitai 🙏❤️🙏Putha Hoda daruwek ❤",neutral,YouTube
C0214,bunis kewada,neutral,YouTube
C0215,Giyapu thana choramai iya 🤮,offensive,YouTube
C0216,Pari eta kolla tu nodakin ve..si ge puta,neutral,YouTube
C0217,Short life. No longer.,neutral,YouTube
C0218,Oya dan අඳින විදිහට lassani ❤❤❤❤,neutral,YouTube
C0219,Kaba adina Kohoma unath nakiyonge ata urana make niyamata karanawa,offensive,YouTube
C0220,Oyage watina kama daruwa hada gannaeka nathinam oya salli wadaknaha piyumi,neutral,YouTube
C0221,BADU BANIS THAMI 😅😅😅,hate,YouTube
C0222,Ratatat vadayak,neutral,YouTube
C0223,Anunge dewal hoyanna epa cament karana aya. ❤❤❤❤,neutral,YouTube
C0224,Helubali uthsawedhaaaa.,neutral,YouTube
C0225,Pissu magula,offensive,YouTube
C0226,Chande raja 😊,neutral,YouTube
C0227,Ice kavinga 😅,neutral,YouTube
C0228,Ammoo balagena othanath kaata hari Alla gena gahai,neutral,YouTube
C0229,Mamanam oyata harima kamathi oya puthata kochchara adareda oya oyata ona vidhiyata jiwath wena kenek .,neutral,YouTube
C0230,Nakki visee thama adu neddthe,neutral,YouTube
C0231,Ammata pissu eke puthawa kohoma hadagannada paw e lamaya,offensive,YouTube
C0232,Baduwai ponnayai,hate,YouTube
C0233,Me gaanita pissu putha ekka හැසිරීම,offensive,YouTube
C0234,දිගටම oya වගේ songs one🎉😂❤😅😊,neutral,YouTube
C0235,Homagama,neutral,YouTube
C0236,Ado ube video man super hariiii ❤️,hate,YouTube
C0237,Original sinduvatath vada hoda,neutral,YouTube
C0238,Adarei mage panaa..❤ niymaiii,neutral,YouTube
C0239,Ammo gamma❤❤❤😂😂😂😅😅😅,neutral,YouTube
C0240,Ammo😂😂😂😂❤,neutral,YouTube
C0241,E පාර rap ekk gawwada ❤❤😂,neutral,YouTube
C0242,Good song friend,hate,YouTube
C0243,අම්මෝ පරිස්සමින් ❤️❤️❤️👌,neutral,YouTube
C0244,Ane ayiye 😂😂😂 kohenda appa me vachana😂😂 maru a❤❤😂,neutral,YouTube
C0245,mokA UNATH MOKADA HARI PARA MIKA UTANGAHANNA ONA NA APITH HIYAK VEMU MEYATa 76 ewasuwa 2k balamu,neutral,YouTube
C0246,Malliye man ජනාධිපති nam ubata සම්මානයක් denawa,neutral,YouTube
C0247,Ratakapu ungen wadak ganna ekama kolla. Meka patta. Hoda hakiyawak. Well done. Keep it up. ❤,neutral,YouTube
C0248,mu yakooooo. .... supiri😃😃😃😃,neutral,YouTube
C0249,Adooo...eka patta ඈ....😂😂😂😂😂😂.,neutral,YouTube
C0250,😂සුපිරියි❤❤❤❤🎉,neutral,YouTube
C0251,Huknwa dala,hate,YouTube
C0252,Supirii😂❤❤,neutral,YouTube
C0253,Adoo😂❤❤,neutral,YouTube
C0254,Bokkak bn uba lamai duk vidinawa un sapa ganna wa ehe,neutral,YouTube
C0255,Ammo original ekata wada patta,neutral,YouTube
C0256,ela,neutral,YouTube
C0257,😂❤ado,neutral,YouTube
C0258,hema parakma eka wage💀💀,neutral,YouTube
C0259,Oyla use krna microphone eke brand ek mokdda🤔,neutral,YouTube
C0260,Original ekata wada hodaa bn,neutral,YouTube
C0261,❤ bayiyo sapata doi,neutral,YouTube
C0262,Arabi cumari sinduvathi hadana,neutral,YouTube
C0263,Uba nam supiri kirak,neutral,YouTube
C0264,Mata penne Dan bawana thambi thrstha wadiyo kanyaviyo 21 hoyaganna nathi nisa mun dawasa gane kinina nisa kollo gahana gatta kadanna Patan aran wage palapan nikan munge mune hati amaruwen mun avidinneth,neutral,YouTube
C0265,K.i bawana thanbi thrstha wadiyo midiya walin gahapu mada mathaka thiya ganilla thope h. Nwa kalaguna horunta mathaka thiya ganilla gal gahanna Anna epa thopi Viduru gewal wala idala.,hate,YouTube
C0266,Gmmk thama❤❤❤😂😂,neutral,YouTube
C0267,Ane mlli me wage sindu hdnn patta athal 😂,neutral,YouTube
C0268,meke original song eke nama mokkd?? dn mthkth na nee.. kwru hri kiynwd?,neutral,YouTube
C0269,Ai dan danee natty video s bro,neutral,YouTube
C0270,Ko digatam onee kaleking awee nha,neutral,YouTube
C0271,Maru ban ohomaya😂😂😂❤❤🎉,neutral,YouTube
C0272,Mokak da me sinduwa,neutral,YouTube
C0273,Me wage ewa thawath danna,neutral,YouTube
C0274,Maithree palai mahindai thama supiri😂😂😂😂😂😂😂,neutral,YouTube
C0275,Alto ganan ussalada patta sinduwa,neutral,YouTube
C0276,Supiruyak hode,neutral,YouTube
C0277,E parody song kiyanne mokkda 😮,neutral,YouTube
C0278,Mayitree ge puthekda oi 😂❤,neutral,YouTube
C0279,Ammapa nedda bn 😂,neutral,YouTube
C0280,"Youtube eken henama porak kiyala hithan inna gonma gon ponnaya 😂😂😂 rate prashna hariyata therum ganna bari, gon part vitharak danna pakaya 🤡",hate,YouTube
C0281,Me baking eke real song ek mokkd,neutral,YouTube
C0282,අශේන් wada ganna eya ekata kamathi 🥲🤏,neutral,YouTube
C0283,Ashen mata oyage4n nambr Eka ona,neutral,YouTube
C0284,2.59 'dinel polpala' 😂,neutral,YouTube
C0285,baduvak samaga varuvak,neutral,YouTube
C0286,Kohomada baduwge kathawa😂,neutral,YouTube
C0287,"If she came as a Buddhist the( ""kame Sumichcha chara ) will kills her😂",neutral,YouTube
C0288,Meke comment dakkama therenawa igenime hati,neutral,YouTube
C0289,Hindhu kiyala kiyanna epa yakoooo…lejjai apitath,neutral,YouTube
C0290,Miya zita..gahanna salliy nane apita...😢😢😢😢😢,neutral,YouTube
C0291,dinel pol pala,neutral,YouTube
C0292,Okita hamaniya balla,hate,YouTube
C0293,Muge ekanam madi wei😂😂😂😂,neutral,YouTube
C0294,Matath asai ane porn star kenek venda ❤❤❤,neutral,YouTube
C0295,I love the concepts of buddhism....😂😂😂,neutral,YouTube
C0296,Ashen Aiye man 😊 ada oyawa henen dakka❤,neutral,YouTube
C0297,Bs puthe oyata❤,neutral,YouTube
C0298,Dan thamai hari parata watila thiyenne patu aramunu nathuwa digatama ohoma giyoth pawatmak thiyei,neutral,YouTube
C0299,Ane mata padame karanna asai mata lapetop akke arane denawada ❤❤❤ padame karanna,neutral,YouTube
C0300,Ane ayye mata gataberayak arandennakooo😢😢😢😢😢,neutral,YouTube
C0301,Gon hujja pakya 😂,hate,YouTube
C0302,School poth gannda udavkarannda,neutral,YouTube
C0303,salli Ithuru kare nathnm mn kagahanawa 😂😂😂,neutral,YouTube
C0304,kauda ban mokedda,neutral,YouTube
C0305,Lassanai joker kenek wage 😂,neutral,YouTube
C0306,NE ME BIKA....BAKA BAKA..THAMAI PISSU,offensive,YouTube
C0307,Gammk ashen aiye❤,neutral,YouTube
C0308,Drama queen,neutral,YouTube
C0309,Patta moda 🐫wak,offensive,YouTube
C0310,Ane ban Ashen…,neutral,YouTube
C0311,Kalu salli sudu karannamai balanne 😂,neutral,YouTube
C0312,"Arthike kada watila, _x000D_ rata bima watila, _x000D_ muu dena athal walinwath, _x000D_ ape bada pirila",neutral,YouTube
C0313,Me wage ponnayek rata palanaya kara 😂😂😂,neutral,YouTube
C0314,Meya minissu kana bona kamawala mila wadikare naha minissunwa badaginne thibbe naha,neutral,YouTube
C0315,athal eke hitiye e dawas wala😊,neutral,YouTube
C0316,Lajjai Hirikithai Gobbaya,neutral,YouTube
C0317,Munta chade Deepu ewunta hena gahila,neutral,YouTube
C0318,Muwa dakkama.aprasannai gobba janadiya,neutral,YouTube
C0319,Buddhimath jokes monawa unath,neutral,YouTube
C0320,Anay muuu vagay pissu yakek munta chanday deepu hattata hena gahalath madie,offensive,YouTube
C0321,Ithin ada rata mehema ithuruwela thiyana eka pudumayak neweida ??,neutral,YouTube
C0322,ganja ghanawada kheda😂,neutral,YouTube
C0323,"69 lakes ga ga walalena hadana UN, muta chande dunna kiyala danagattama😂😂😂😂😂🤮🤮🤮🤮🤮🤮 JVP athuluwa🤮🤮🤮🤮🤮🤮🤮🤮🤮🤮🤮🤮",neutral,YouTube
C0324,Oka thama ma rata 2015 edan Kawa okata hanama Hana kootiyake gahapeya ballla,neutral,YouTube
C0325,Me manussayata kunuharupa kiyanna lanka anduwen awasara dilada thiyenna,neutral,YouTube
C0326,14:37 pott pgy kendryk dklwt na 😂😂,neutral,YouTube
C0327,Mewata g e a p p,neutral,YouTube
C0328,Gon ponsiyo.. mewata hina yanawada ban,hate,YouTube
C0329,Okkotama wadaa awul ube editing. Belilla epa wenawa.,hate,YouTube
C0330,Thadiya,neutral,YouTube
C0331,Mona nathath athth kiynv,neutral,YouTube
C0332,Amu gawayek podi eun balanawa kiyala mu danne ne,neutral,YouTube
C0333,Danu yanu asahana karayek😢😢😢,neutral,YouTube
C0334,athma shakthiyak ne neve mekita lejjavak ne.aparade anith kenata kiyanna thibune ega bageta penna tharam asahanaykj ne kiyla,neutral,YouTube
C0335,piumuya heluvenma hitiyanam hodayne.anith kena piyimita vada lassanth ekka.,neutral,YouTube
C0336,DANU KIYANA EKA AME PSYCHO LEDEK ZOMBIYEL,neutral,YouTube
C0337,Danu kiyanne wikurthi lingika asawekda koheda 😂,neutral,YouTube
C0338,Lassana siri lankawak meka😂😂😂,neutral,YouTube
C0339,Mita wadiya hodai arapiyaw 💀,neutral,YouTube
C0340,Thadi ponnaya..😂😂😂,hate,YouTube
C0341,Edit නම් අප්පිරියය්,neutral,YouTube
C0342,Meya thamaii neda mahinda mahaththayage anawaki karu,neutral,YouTube
C0343,Meke madin kali wadine..balanda epa wenawne..,neutral,YouTube
C0344,4:39 me Genu kenage Nama kiyannako,neutral,YouTube
C0345,Mokada,neutral,YouTube
C0346,Edit nam tikak wedi,neutral,YouTube
C0347,Editing wadi ballo nidahase blnda deepan,neutral,YouTube
C0348,Piyumi kiyana kathava nam 100% true,neutral,YouTube
C0349,Gon hutti😂,hate,YouTube
C0350,Moosele hettewel 😂😂,neutral,YouTube
C0351,Ateth ekkama palagathathanm thama hoda😂😂,neutral,YouTube
C0352,Ponna effects wadi bnn😂,neutral,YouTube
C0353,nodakin ponna thadiyek,neutral,YouTube
C0354,Okkoma ekai ponna gotha awajathaka wesa hattha kiyanna oni dewalda thopi katha karanne,offensive,YouTube
C0355,Gedi.deka.vahagnin.bala.tharuniyanta.visa.bija.denna.epa.thopita.hena.gahanava.nodokin,neutral,YouTube
C0356,"Chamuditha,oya great. Oya ළඟ kunuharupa ne. Api oyata❤❤❤❤❤❤. Dhanuge okkoma ජරාවාස",neutral,YouTube
C0357,Ane yako. Me wesiyo ලංකාවේ genuda?,neutral,YouTube
C0358,Me poddk editing adu krl dpn. Crim athal 😂,neutral,YouTube
C0359,Thdiy thama hodtm krnne ahh mruu😂😂😂,neutral,YouTube
C0360,Ane me rata winasa karanna epa hutthiyo,neutral,YouTube
C0361,badu lineup ekak,neutral,YouTube
C0362,Ara gon huththiga than dekak elite Balu than wage ellila,hate,YouTube
C0363,Memes wediyi bokk,neutral,YouTube
C0364,Monawada hutto me interview da pako,neutral,YouTube
C0365,Munta bena bena ubala okooma😂 baluwa neda 😂😂😂😂😂,hate,YouTube
C0366,Me yakkunta hodatama pissu ane manda mun nisa kalawakak kiyana deyama nati karala niruwatha kiyanawa,offensive,YouTube
C0367,Ai ane mokada atthamai.me wesa ganu mokada atthatama heluwenna natanne nalu niliyan unama hamoma hadiyawak nati hattak dan kalawa kiyanne aga vikunana.job ekak wela,offensive,YouTube
C0368,Maw kire wadath gunen anunai.🤣🤣🤣🤣,neutral,YouTube
C0369,Mona huttkd ochchara vedio ek cut kara kara madin add dann ep pko,neutral,YouTube
C0370,Ado danu😂,neutral,YouTube
C0371,Me manussayata manasika rogayak nodakin,neutral,YouTube
C0372,Badu,neutral,YouTube
C0373,Piumita pare heluwen yannath puluwan ethi,neutral,YouTube
C0374,Vanachara😂set eka,neutral,YouTube
C0375,Nedakin urenita kalin unnu baduwa ekige Kiri nandale pennannamai avith thiyenne.me wage wesiyo interview karana ponna balloth innawa ne .thu vitharak,offensive,YouTube
C0376,Harima lassanai,neutral,YouTube
C0377,toge gu mootiya onna oya tadiyta dipn knna,neutral,YouTube
C0378,Anuwaren.parana.veediyo.dayi.wadi.pura.bat.pakat.kasippu..wadi.wadipura.dandawe.kasippu.bonnay.badi.ginne.innaun.kadayi.enne.basut.nomolene,hate,YouTube
C0379,Sinha.patiya.nariyek.wela.oya.ganu.kudu.bisnas.karana.un.laja.nanadda.wada.wada.anduwa.ilanna.e.taramata.vipakese.balu.wela😂,hate,YouTube
C0380,Apitanam.onema.naha.,neutral,YouTube
C0381,Horu.alluwa.kudu.alluwa.vipakse.horakapuwa.kawurut.nodana.hitapuwa.mulu.lokema.danagatta,offensive,YouTube
C0382,Ittawa.bayayine.dane.nati.nisa,neutral,YouTube
C0383,Otenta.malimawe.ayat.enawabat.kat.kala.vihilu.kata.nalanna,neutral,YouTube
C0384,Balu Sinhayek Neda😅😅😅😅,hate,YouTube
C0385,Janathawa Balaya Dunne Okata Thamayi Dan Kendiri Ganna Epa Aye Rata Horunta Bara Denna,offensive,YouTube
C0386,Aney manda mechchara gonnu ape rate innawa kiyala hithanakota duke behe,hate,YouTube
C0387,Hora baiyas😂,offensive,YouTube
C0388,Me tattaya kuda 😮,neutral,YouTube
C0389,Gu kapan namalge,neutral,YouTube
C0390,Besam muna,neutral,YouTube
C0391,50s dahak newei Laksha dekahamarak withara genawoth hoda nedha ethakota apita deka ganna puluwan harak set ekama eka thanakin 😂,offensive,YouTube
C0392,Buru muna milinda😅 rajapassa gally bouser,offensive,YouTube
C0393,Pau neda ban,neutral,YouTube
C0394,3rd clip was not funny. What is fun in making another person uncomfortable infront of everyone. Childish behavior ew.,neutral,YouTube
C0395,Kaapuwath hirawela ai ugurata awa Meka dakala😂,neutral,YouTube
C0396,Unta othana reunath lajja ne 😅,neutral,YouTube
C0397,kawda bn meewa hadanne,neutral,YouTube
C0398,Yurenii thamaa patta😂,neutral,YouTube
C0399,Katata gannko😅😅😅😅,neutral,YouTube
C0400,Aiyo yureni😂😂😂,neutral,YouTube
C0401,Htto උබේ එඩිට් නම් මරු ❤,neutral,YouTube
C0402,Pada Hutt.....yo😅,neutral,YouTube
C0403,BTS lata mukuth kiyagena enna epa kakul handi dekama kadanawa,neutral,YouTube
C0404,Gon balla to wage eun lankawata shapayak,hate,YouTube
C0405,Well created ❤😂,neutral,YouTube
C0406,Henagahapan 😊😊😊,neutral,YouTube
C0407,Oka hadapu ekage athak payak thiyenam kaadiyan,neutral,YouTube
C0408,Sri lankan pon##yekge hakiyawa 😂,neutral,YouTube
C0409,Hadapu ekata loke thiyena serawata hena tika gahanna ona 👿,neutral,YouTube
C0410,I love you bts 💞💞💞😘😘😘😘😘😘😘😘😘😘😘😘😘😘😘😘😘,neutral,YouTube
C0411,Nodaakin musalaya .hena gahap,neutral,YouTube
C0412,Athal😂,neutral,YouTube
C0413,Maru bn😂,neutral,YouTube
C0414,Thamuselata hodak to wenna epa.irisiyakarayo.😡😡😡😡😡👿🤬,offensive,YouTube
C0415,මටත් tipitip ඕනේ 😂😂😂😂,neutral,YouTube
C0416,Ragala namak hadaganna amaruida bn 😂😂😂,neutral,YouTube
C0417,Monawa unth ubalata thiyenne irisiyawa apita nam mewata hina yanne naha....armyla inne bts lawa araksha karanna😡😡😡BTS la samanallu nam hetters la hikanallu😂,offensive,YouTube
C0418,Maka hadhapu ekata henama gahapiy 😢😢😢😢,neutral,YouTube
C0419,Katha vada,neutral,YouTube
C0420,Meewage vedios thawa one,neutral,YouTube
C0421,Pathme thamai kiuwe,neutral,YouTube
C0422,Ukala ukala pathuru gahuwata passe thopi dan adurannewath nalu😂salli walata ubala yama rajjaruwoth ekka unath innawa kiyala ratama dannawa ban😂,neutral,YouTube
C0423,Any pauany Anna harahata wadaganna,neutral,YouTube
C0424,Mun. Serama Helu. Wesiyoo❤❤❤❤😂😂😂,neutral,YouTube
C0425,Alipukee thadi thangedee,hate,YouTube
C0426,Heshani nevi weshani kiyanna thibbe.podi thadi ethinna.aliyekge bagaya ammo me surupiniyakda nodakin es andayo kiyai suruupi kiyala,neutral,YouTube
C0427,"Ada amu niruwatha wahagena buduamme ali than ali thattam belun ethulata obala wage.ane wesa ganikawa..,",offensive,YouTube
C0428,Heshani Gon baduva ada upasaka vage,hate,YouTube
C0429,Okkoma badu tika polime anawa dakkamai😂😂,neutral,YouTube
C0430,Kohend hutto nepal wlin hmbune padmewa 😂,neutral,YouTube
C0431,Piumi thama 😂 dura idan adila wage enne.camarawa ළඟට එනකොට hina wenawa,neutral,YouTube
C0432,srimalita ghnna athi u,neutral,YouTube
C0433,Good body,hate,YouTube
C0434,girl knk ohm gyanm ekt banii hadiywk naa kyl...kollek gyam hri shok normal,neutral,YouTube
C0435,Samahara police niladarin harima irsiyakarayo kollek bike ekak paddath waradi kollek Jim giyath waradi suddo heluwen yanawa ewa penne nha ape ekek oma giyama police pakayalata penne heluwen yanawa wage 😡😡😡😡,hate,YouTube
C0436,Super bro,neutral,YouTube
C0437,Nidahasa. වැදගත්_x000D_ _x000D_ Eyata. Strong. Agak. Thiyanawa_x000D_ Eka. Pennuwama. මොකද,neutral,YouTube
C0438,Police karayanwa heliwen yawana one,neutral,YouTube
C0439,Paris walata mokuth kiyanna epa 🔪,neutral,YouTube
C0440,Munnan salli tiyana pisso,neutral,YouTube
C0441,Ado supuna.ubt un deyk bn.bidikota eda eda idala E kale😂❤,neutral,YouTube
C0442,Ehema deyak newei kiyala thiyenne,neutral,YouTube
C0443,No problem of that. Srilanka is not a Shariya low country,neutral,YouTube
C0444,Yako tawa ekek jangiyak adan para pannat hodai kiyana patta mongallu meke inne thawa tika dinakin jangiyath nathuwa para maruwei,offensive,YouTube
C0445,Kellanta. Ega. Pannanna. Wanna. Ethi🖕🖕🖕🖕🖕🖕🤮🤮🤮,offensive,YouTube
C0446,Police Karaya uge uniform eka andagenada ammage badin eliyata awe ?,neutral,YouTube
C0447,AULAK NAHA OHOMA THAMAI INNA ONI,neutral,YouTube
C0448,Ganiyek giyanm balanna thibba police karaya karana wade😂😂,offensive,YouTube
C0449,Mona reddakd bn e,hate,YouTube
C0450,"Suddata puluwan. Apita bari, appage nithi",neutral,YouTube
C0451,Oka waraddakda bn😅,neutral,YouTube
C0452,Tama weddo wage lankawe ponnyo,neutral,YouTube
C0453,Pehedili jelous 😂😂😂,neutral,YouTube
C0454,"Palayan hire, anithbunuth ikmantama ewanakam",neutral,YouTube
C0455,Weradda katath podie,neutral,YouTube
C0456,Neeteya katath akai,neutral,YouTube
C0457,Gal anguru guuu pachayawa athulata danawa😂😂😂😂😂,hate,YouTube
C0458,This should be a very good lesson to present Parliament members & higher Officials.,hate,YouTube
C0459,Podi apita behene oyala patata bahinn api ennm...,neutral,YouTube
C0460,balamu gotabaya yawwa wage,neutral,YouTube
C0461,TOPI RATE DIYUNU KALANAM_x000D_ JEPPO RATE PALAKYO WENAWADA ANDU PERALANA_x000D_ HADISSYAK. RATA WASIYATA NA_x000D_ BIYAKUT NA,neutral,YouTube
C0462,Jaya wewa okoma ekathuweyallaa me kalakannii apatha jathiya minimaru anduwa ellawannaa,hate,YouTube
C0463,Pol duvata pol booruvo enava hoo thiyanava 5000k denava kasiya denava kudu denava _x000D_ Kohoma hari apita hora kanna veda hada gannaa ona,offensive,YouTube
C0464,horungai get together 😂😂😂😂😂😂,offensive,YouTube
C0465,Ratavinasawena ida denna be apita.,neutral,YouTube
C0466,Aniwaren Jaya wewa,neutral,YouTube
C0467,Rata caapu wezaballo tka Dan redde rewila inne ahinsaka minissunge saraya uarabeepu wezaballanta puca Dena ewun tikak comments Dala mahapolawe minissu dannawa me Jada majara deshaplakayanta apahu minissu balaya denne Naha umbala ekathu wewi madaya skachcha tiya tiya hitapalla eka eka hireta yaddi madya skachcha tiyanna wenne sileta vitaraye munge monnwal walinma penawa tiyana asaranakama ahinsaka minissunge Badu mudal walin pawul pitin nadattu una wezaballo Dan pora talk denawa 🤣🤣🤣🤣🤣🤣🤣🤣,hate,YouTube
C0468,Janatawata nam kisima awulak na meka.horuntanam prashnayak kiyala penawa,offensive,YouTube
C0469,Horu eka mitata,offensive,YouTube
C0470,Mun serama patta horu ! Kela wenawa denagaththama ekathu wenawa .,offensive,YouTube
C0471,Gp Home akadipathi Pacha Anura 😡,offensive,YouTube
C0472,Uba ponnayekda anunge huththawal adala monada ban bala poroththu wenne. Den daruwoth innawa untaaa ai ohomaa sinhalayage wedema.anunge huththawal hara awussa awussa nna eka,hate,YouTube
C0473,Anthima eka waradi....champakalhari ge husband thamai sasanthi marry kare..oya pennanne manjula dilrukshiwa😂😂😂😂,hate,YouTube
C0474,Iraj kadala tiyenne nilminige family ekada?,neutral,YouTube
C0475,Kakka godawal😂,neutral,YouTube
C0476,Boru danna epa pako. Godak ewa boru. Tharanga dilsha seen eka boru,offensive,YouTube
C0477,Ammata hudu JONIYA,neutral,YouTube
C0478,Thani athinda appudi gahala thiyanne 😂😂😂,neutral,YouTube
C0479,eethale yanna one Anith peththata ne,neutral,YouTube
C0480,Sanage video aka nathda,neutral,YouTube
C0481,Sanath kalakaruwek kiyala danne adane,neutral,YouTube
C0482,Kohomada me aya egollange paul kadala thiyenne??? Kelam kiyalada?,neutral,YouTube
C0483,Satke thonduwa dala dagnin bellevela satka ballo,neutral,YouTube
C0484,Uba awagayatakayak namal,neutral,YouTube
C0485,Mevun aavoth avurudu 100 K vath yanava,neutral,YouTube
C0486,Jayaweewa janadipathi thumani,neutral,YouTube
C0487,Namalta dan monawada kiyannea,neutral,YouTube
C0488,Namal gal vela,neutral,YouTube
C0489,Ratama kala horakama.karala kohenda ahulan thappulanava den within ahagaththane,offensive,YouTube
C0490,Ane thopi andu karapu kale janatawata kelawapu kelavilla minussu dannawa paraya thopi tama me rata kawe hora hatta dan enawa upades denta umba gedara gihin owa kiyapan anika list eken parlimentu avith pora tork denta epa lajja nadda,hate,YouTube
C0491,Ponna namal,neutral,YouTube
C0492,Namal ponna hutto topi haduwada,neutral,YouTube
C0493,Janapathi thumani me patta horunte nawatha chande illanna bariwenna parli menthu panathak genna😊,offensive,YouTube
C0494,Thoge langa thiyena oya koti ganan deepiya,neutral,YouTube
C0495,Niyami. Janapatitumani,neutral,YouTube
C0496,Namal athinarn theiyagaththa neda😂,neutral,YouTube
C0497,Ane namal pakyo ube ammata hamniya thopi rata kala hamaiya,hate,YouTube
C0498,Namalayata puka arela.waga😅,hate,YouTube
C0499,Niyamai malimawata jayawewa I janadipati thumata dewi pihitai,neutral,YouTube
C0500,Namal...thaththaga... Kalaya_x000D_ Oya..upadas..Danna....Danna_x000D_ Thibuna...nada...Dan...valbaila_x000D_ Gahanna...Maya...rajayata_x000D_ ❤...k..d...janadi..pathithuma_x000D_ Horakamnathi...buddimath_x000D_ Nayakayak...rata..diyunu..karanava_x000D_ Saharhika I....mayalaga...Aya_x000D_ Balaninna...baha,offensive,YouTube
C0501,Huththo ummba occhara arthika osthar nam thopi ratak bankoloth kale ai? Paraya boruwen deshapalanaya thota hariyanne na pakayo. Pahara balla.,hate,YouTube
C0502,Anna dayal😂,neutral,YouTube
C0503,Janadi..patitumani...jaywewa❤❤❤❤❤,neutral,YouTube
C0504,nodakin,neutral,YouTube
C0505,Hoda wade😂😂😂,neutral,YouTube
C0506,"NARIYA BAYAWELA, PUKE AMARUWAK, IN ENGLISH PAIN IN THE ASS, HA HA HA NARIYO👎🏿👎🏿",hate,YouTube
C0507,Eka athakin matanan OCD thiyena eka hondaiy kiyela hithenewa meh wage deewal nowenna 🥲,neutral,YouTube
C0508,Ahinsaka daruwek yako,neutral,YouTube
C0509,Bus ekata yata wela atha paya ebarila knna bonna netiw badaginne merenna oni kalakanni,hate,YouTube
C0510,Owunta uparima daduwama ddanna,neutral,YouTube
C0511,Mge 4n ekth ohom thma arn thibbe hen ghnw oy wgee unt,neutral,YouTube
C0512,Ben 10 aye dennakoo❤,neutral,YouTube
C0513,Moratuwa bus wala thamai mewa wedipura kerenne,neutral,YouTube
C0514,Ammo mane😂😂😂😅,neutral,YouTube
C0515,Aho deviyane mani thama maruhhh😂😂,neutral,YouTube
C0516,Dansal walath natanawa .😅,neutral,YouTube
C0517,Maneesha patta 😅😅,neutral,YouTube
C0518,Lankawe hediyawanam antimai mane akki oyanam maru ane,neutral,YouTube
C0519,Bada passata . Passa issarahata 😂,neutral,YouTube
C0520,Ane mnda bn ekita mongalda kohedo mane akka maruwatama kala namkige wada tika,neutral,YouTube
C0521,Ammo akkiyo😂,neutral,YouTube
C0522,Pissu hutti dansal kann gihinuth raganawa😂,offensive,YouTube
C0523,Mani ape eki .menna riyal diss😢😂❤,neutral,YouTube
C0524,Mmm❤,neutral,YouTube
C0525,Ammo maru😂,neutral,YouTube
C0526,You tube ekta awama gmnma meke original video ekai mekai dakkma 😂,hate,YouTube
C0527,"Ai minissu oya lamayata baninne a lamayage kamaththane,",neutral,YouTube
C0528,Ape amma ehemnm man ohoma krnm pare kiyla ne 😢😢dey duwann,neutral,YouTube
C0529,Zany Smokio kale htto me dis walata🌚❤️‍🩹,neutral,YouTube
C0530,Anit eka ekita ati passakut na passa daganna puduma dagalillak dagalanne.,neutral,YouTube
C0531,Onnethi deyk ne ithin,neutral,YouTube
C0532,😂😂😂😂😂😂adee niyamaii wadinnama dilaa😂😂😂😂😂😂😂😂😂,neutral,YouTube
C0533,Aniva🤣🤣🤣,neutral,YouTube
C0534,Gruhastha hinsanayata th monahari joke akk hadanna ...😂,neutral,YouTube
C0535,Ammo akke ❤😂,neutral,YouTube
C0536,Labana aurudde wesak ekata eliyata bahina ekak na😂,offensive,YouTube
C0537,Adeeeee ape maniyaaaaa... kalu t ekak andanam mare maru machine maniyoo🤣😅😂 Uda yata pata maru karala ekama vidiyata karana ekath gamma thamai Mani manikaaa...😅,neutral,YouTube
C0538,Dm rewila ethi 😂😂😂,neutral,YouTube
C0539,Moratuvat patavamud ilaga poson ekat harii Thunii 6 ×6 🤣ලෑල්ලකට ගන්න පුලුවන්,neutral,YouTube
C0540,Ekanam maruwatama karanawa manesha,neutral,YouTube
C0541,Kauda ane dansala walata gihin natana eka 😂😂😂😂😂😂,neutral,YouTube
C0542,Adooo😂😂😂😂_x000D_ Yasayi arakita😂😂😂,neutral,YouTube
C0543,Antemata wtuna aketa henhageya,neutral,YouTube
C0544,Ape minisun me wage boru walata ekmaning rawatane ay,offensive,YouTube
C0545,Ara girlge oluwa naraka tenak wedunanam etanama iwarai,neutral,YouTube
C0546,Pissu uthek,offensive,YouTube
C0547,me mokekda me😂😂,neutral,YouTube
C0548,Dewiyan wahanse mewa balanna. Muta nisi daduwan denna,neutral,YouTube
C0549,Aman Amen daviyan wahanset sthuthi ❤❤❤❤❤❤❤❤❤,neutral,YouTube
C0550,Charlatan. This crook is copying from US mega churches. Eventually law will hound this fraudster. By the time thousands of gullible people will fall prey.,neutral,YouTube
C0551,Pako palayanko pilika wattuwata😂😂😂😂,neutral,YouTube
C0552,Muta baryda dn na cancer hospital eke lamainwa suwa karanna pal hora,offensive,YouTube
C0553,Boru,offensive,YouTube
C0554,Ammo boru,offensive,YouTube
C0555,the rise of the false prophet,neutral,YouTube
C0556,Minissu me tharam modadida mewata ahu wenna,offensive,YouTube
C0557,Mata awasthawak denna jesu thaththee mage puthawa suwa Kara Ganna,neutral,YouTube
C0558,Karu ponna pakaya gas balla,hate,YouTube
C0559,Amen Amen Halluiya ❤❤❤❤❤❤❤❤❤❤,neutral,YouTube
C0560,Borune,offensive,YouTube
C0561,Amen Hallelujah 💞💞♥️💟💟💗💘💜❤️💘💜❤️💘💜❤️💘,neutral,YouTube
C0562,Btc is not gambling,neutral,YouTube
C0563,"Here is the simplest and most honest advice. _x000D_ If you're a man who is not good looking, that means people's heads do NOT turn when you walk down the street, no good looking woman on the internet or in real life is going to just give you sex for free. You have to pay for it with money. _x000D_ If you're a woman who is not good looking, that means people's heads do NOT turn when you walk down the street, no man whether he is good looking or not on the internet or in real life is going to pay for anything unless you give him sex or some other type of labour or resource._x000D_ That's just society. I am not saying it is right. I am just being real with you. The only time this is not true is if you have truly developed a good character. These people are rare and are often people who have practiced meditation and other mindfulness techniques for many years.",hate,YouTube
C0564,Nice😂,neutral,YouTube
C0565,2000...passea.epadunu.harak..dana.cimeants.balapalla😂,neutral,YouTube
C0566,Ada dakka ubawa madawaciya inawa 👍👍👍👍,neutral,YouTube
C0567,Suppa machan WhatsApp no eka oni,neutral,YouTube
C0568,Mokaada me saranga kiganne lankawe ekekda mal pinaya,neutral,YouTube
C0569,Ampare newei maha oya 😂,neutral,YouTube
C0570,15:40 ekanam aththa 😢,neutral,YouTube
C0571,Suppaa❤❤❤,neutral,YouTube
C0572,Anunge kunu kana gobba pakek,neutral,YouTube
C0573,"7:04 Siraama oii,,iiiya😂",neutral,YouTube
C0574,Avadanaya pinisayi meyata avadanaya dennakattaiya😂😂,neutral,YouTube
C0575,Pissu,offensive,YouTube
C0576,Isslama.kollekt gala pennapan kiyan uta naki මිනිස්සුන්ට gannathuwe ponnya😂😂,offensive,YouTube
C0577,Monada bn muge blnna thiyenne😂😂,neutral,YouTube
C0578,Ai bn uta baninne ubala.. danne Nathi Nisa ahuwe,neutral,YouTube
C0579,Saval para 😂,neutral,YouTube
C0580,Ara vikunana kaale hitapu akek,neutral,YouTube
C0581,😂 podi lolla,neutral,YouTube
C0582,Jeewithan aniyathan_x000D_ Maranan niyathan,neutral,YouTube
C0583,Kiyada aiye oyage wayasa❤,neutral,YouTube
C0584,theth wenawada,neutral,YouTube
C0585,Uoo yanne paaraka kello inne bus stand eke umbala kaatada yakoo boru karnne,offensive,YouTube
C0586,Redda thamai_x000D_ Wena neththan hodai_x000D_ Okkomata kalin_x000D_ Agapatha_x000D_ Hadagaththoth_x000D_ Hoda Nedda_x000D_ 😨😨😨,hate,YouTube
C0587,Hati huththige puthage...Kahi kuurak wage pakadaya,hate,YouTube
C0588,Bike eka uda panuwek ynwa wage idakin😂😂,neutral,YouTube
C0589,Waddek wenna athi akane bas tand gane bike padinne,neutral,YouTube
C0590,Thoge Ammata hukapan keriya,hate,YouTube
C0591,Mama hutha allala gaththu away wenna athi.gon baduwage putha,hate,YouTube
C0592,Okun komat salli peretayo,neutral,YouTube
C0593,Anunge gedara monawada thembenne kiyala balan netbuwa...oyalage gedara monawada karawenne kiyala hoyala beluwoth hodai neda....,offensive,YouTube
C0594,Mehema post hadanne minissu nam wenna ba.thirisanek.,offensive,YouTube
C0595,Policeya ganna Lajjai Hirikithai,offensive,YouTube
C0596,Midiya karayo hithan inne un loku porawal kiyala,offensive,YouTube
C0597,Malima police ballo sirasa kotinwa rakinawa,offensive,YouTube
C0598,Uba dekkama niginneth na ban,offensive,YouTube
C0599,Kukku dileka,offensive,YouTube
C0600,Manasika ledak ati meyata.prathikara awashsai,offensive,YouTube
C0601,Hadapu ammatat sapayak epadila enna lamayatat sapayak meyanam,offensive,YouTube
C0602,Me mongal gani tika dawasak nathuwa hitiya aye innawa thu nodakin,offensive,YouTube
C0603,Piccu kella,offensive,YouTube
C0604,Mekita molda bn,offensive,YouTube
C0605,Pissu magulak .labbbata pol kuru dekak gahala wage..nodakin,offensive,YouTube
C0606,Mekinam maha sapayak,offensive,YouTube
C0607,Pampers ekakut daganna,offensive,YouTube
C0608,Eyaaaa guuuuu goda,offensive,YouTube
C0609,Baduwa,offensive,YouTube
C0610,Pissu hutan,offensive,YouTube
C0611,Mekige fan eke thiyena kunu,offensive,YouTube
C0612,Uba wage badu walata kauda bn adare karan ne balapan tawa tika dawasak idi okat ubat ekka,offensive,YouTube
C0613,Ane oka Akka wena kauda Anne uba wage musala ganiyek thamai anne,offensive,YouTube
C0614,Ubalage sex.ekak dapallnko itin oke alla alla mirikanne nethuwa,offensive,YouTube
C0615,Boruwt raganna epa ban dan nan uba karanne hena boruwak kiyala minissu dannawa,offensive,YouTube
C0616,keri ponnayek,hate,YouTube
C0617,Sakili poliseya,hate,YouTube
C0618,Pissu wesiyek mek,hate,YouTube
C0619,Me wage mongal amana wesiyonge kinbata nai miris kotala obanna oona.,hate,YouTube
C0620,Vise thota homben giyanam Akak thowa,hate,YouTube
C0621,Patta wesavi..too mariyanko oya waturae gilila..Balu hu.....I,hate,YouTube
C0622,kariyatya pissu,hate,YouTube
C0623,Ma ha Wes a geniyak idaki,hate,YouTube
C0624,nodakin vítharak wesa gani,hate,YouTube
C0625,Thope lamai hadenneth oya widiyata tama kalakanni gani,hate,YouTube
C0626,Awajathaka wasa balleyak make,hate,YouTube
C0627,Gon wesa ganii,hate,YouTube
C0628,Sakkili wesi kamata garu karala kapan baduwa,hate,YouTube
C0629,hukana sadde enne uba kaddith,hate,YouTube
C0630,Ai thota wena wedak nedda pakayo,hate,YouTube
C0631,Eten topita pukaa amaruda akama janatawa akama anduwak tarum ganin,hate,YouTube
C0632,ITIN HUTTOOOO TOTA PAANDAA,hate,YouTube
C0633,bbalata wage pissu nhe thopiwage 5000 un nhe. eanne hadawatin annunge ewa houanne nethiwa mahinda ge gu lewakapan,hate,YouTube
C0634,Ane pako .,hate,YouTube
C0635,mea ganatavath lebimagena sathutu weyalla Kalin Andu thibboth thopi polinvala merenne Moda hettha,hate,YouTube
C0636,Mekalakanninta aye gedara innathbbariwei etharam jvp npp thiththai,hate,YouTube
C0637,Sakkili. Nayakaya,hate,YouTube
C0638,pala pakaya yanna hora pakayalata puka thanna apa,hate,YouTube
C0639,Hon pakya my andouwe wardak nawei yko loke prssanyak yoddayak! Yko harma ganing nokyake nowee,hate,YouTube
C0640,Ubata hena gahanwa ganu jathiyta apahasa karanawata,offensive,YouTube
C0641,Makita paratayaka vahila,offensive,YouTube
C0642,Peretha pidennak denna wela,offensive,YouTube
C0643,Harak wal kanawa wagei,offensive,YouTube
C0644,Nodakin Kane hati ita passe awthi kiyanawa mekige awa hoyanawalu. Puse nambi,offensive,YouTube
C0645,Peretha Gani. Eeeyya atha Pura ga gena,offensive,YouTube
C0646,Nodakin jara goda,offensive,YouTube
C0647,Kala Nathi unta kama labuna ma ohoma thamai,offensive,YouTube
C0648,Munge gonkan ratata pennan dagalana taramak apppiriyai topi wage ganu sapayak.,offensive,YouTube
C0649,Gukano wage Yako kannawath danne nathi genu,offensive,YouTube
C0650,Nodakin me gannu,offensive,YouTube
C0651,Iyaa appiriyawee ba ganiyek kana widiha yako ganiyekda uba,offensive,YouTube
C0652,Nodakin witharak. Kanna wath dan naa. Aye me minissu mehema,offensive,YouTube
C0653,Mun wagea un handa hamuduruwo kenaktawat enna naha,offensive,YouTube
C0654,Meyata.monahari.manaseka.ledak,offensive,YouTube
C0655,Meki jereiteta kala nayi ganiyak wage,offensive,YouTube
C0656,Ade ub marila yai tikak kapan ban ub nisa fb eke apith sathuten marunoth apit dukai jok dhann gihinn thamuset mai marenn wenne mas 8 vthr,offensive,YouTube
C0657,Gu da kanne,offensive,YouTube
C0658,uro jarawakannath ohomai appiriya,offensive,YouTube
C0659,Pala kala kanniya,offensive,YouTube
C0660,Amu gawayek,offensive,YouTube
C0661,Pala huthyho bath buruwa,offensive,YouTube
C0662,Gon pakayek,offensive,YouTube
C0663,Nakinta therenne na owa. lamaiwath kiyala dipan Gon katha nokiya karana wedak karagana inna kiyal,offensive,YouTube
C0664,Pala naki hipatu ....yanna,offensive,YouTube
C0665,"Moda,lokaya gena nodanna wedihitiyan sema andabaloyoda atha!!",offensive,YouTube
C0666,Munta dan thmi thrilled thiyanna,offensive,YouTube
C0667,Dan puke anaruwa hoda athi ne obalane ban rata anurata stiker gahagena threewil diwwe dunnanam kapan,offensive,YouTube
C0668,Kawadame hikanala moda pagek,offensive,YouTube
C0669,Thamath Anduwata Kade Yanawa Kiyanne Unta Mole Hiriwetila,offensive,YouTube
C0670,Mun amu gawayo.lokaya gana kisidayak.danathi harake,offensive,YouTube
C0671,Kauda bn me amu gawaya,offensive,YouTube
C0672,Ane palayan nakiya,offensive,YouTube
C0673,Okage mole guda tinne agaharu loke inna akedda koheda,offensive,YouTube
C0674,Miharakak,offensive,YouTube
C0675,Jeppo tharam hodatama kranwa,offensive,YouTube
C0676,Kakat ekai eddi kiyaba ewa na karaddi podi un maran kanaw,offensive,YouTube
C0677,Pala kalakanni balla,offensive,YouTube
C0678,Balek kathakranawa,offensive,YouTube
C0679,Thopi thama me rata kawe,offensive,YouTube
C0680,2year wath jumpare andanna ballata,offensive,YouTube
C0681,Muta aniwarayen daduwan dena utay,offensive,YouTube
C0682,Card bored weraya,offensive,YouTube
C0683,da sinha wes gath nariyata dan kydiri ganava. Una deyak.,offensive,YouTube
C0684,niyamai. hora thakkadi ganayat,offensive,YouTube
C0685,Me hiredannama one sakkiliya,offensive,YouTube
C0686,yakoo kathawanam mahaa chandi wagee eth usawi enna kiyanakota me okkotama asaniipa wenawanee,offensive,YouTube
C0687,Ethulata gihin oya thiyaney amaruva suwakaraga henna hodey,offensive,YouTube
C0688,Thuk nodaking madavi,offensive,YouTube
C0689,Kalekanni yako thopine kiuwe mase 6 rate gode danewa apite dende kiyela dan moko baila gahanne gon hatte,offensive,YouTube
C0690,Sirasai parakiyanne dobi sirasa,offensive,YouTube
C0691,Ballage nithiya,offensive,YouTube
C0692,Patta.hora,offensive,YouTube
C0693,Munge Depola Wathkam Gana Hoyala Balanna,offensive,YouTube
C0694,Sakkili wada Mai karanne mu...balla...,offensive,YouTube
C0695,"Facebook,Ane jeppo.nariwadan",offensive,YouTube
C0696,rajapassala banga wewa,offensive,YouTube
C0697,Samanalayoi ganikawoi akata akathu wechcha samajayak,offensive,YouTube
C0698,Makan wanna thoga channel akath epa wannawa oka athi yako dan wana akak dapannako,offensive,YouTube
C0699,Ubalata hena hathama wadiyan,offensive,YouTube
C0700,Uba.gona.neda.ban,offensive,YouTube
C0701,"Facebook,Mata ehenam okava hamba unanam kana palanava..uurage",offensive,YouTube
C0702,Yanaya balanna kauda asa unta redda vana vana samanllu,offensive,YouTube
C0703,Hari loku kamak keruwa wagene.. Ara jara ganu denna raganne... Hama akatama redda ussana un.. Mun ganuda,offensive,YouTube
C0704,pissu ganiyek.mekiwa angodata yawanna thiyenne,offensive,YouTube
C0705,Hama Anduwakma Kudugenna Anubaladenawa,offensive,YouTube
C0706,Ragapanawa niyamai ###bandula kudu mudalalila,offensive,YouTube
C0707,Venna ati namal kohomath kupadiya ganikawo ekka natapu ekane,offensive,YouTube
C0708,Thisara nam maha balu,offensive,YouTube
C0709,Api.punnci.rate.kawe.ganikaviyo,offensive,YouTube
C0710,Naki pakaya munta nikan Kanna dunnath hoda ne kiyana harakek,hate,YouTube
C0711,palahutta.pakaya,hate,YouTube
C0712,kriyathmaka kala uthui muge kata nisa sasane kaala vinasa karanna awa kalakanni heththa,hate,YouTube
C0713,Mekaaaa hireee yannaa oni... Wesigee putha@,hate,YouTube
C0714,Me rata vinasakarapu tirisan hamuduruwo. Budurjun matasamawenna. Mama satiya kiyanne.,hate,YouTube
C0715,Maka. Inna. Okkaoma. Marakkalayona. Hamuduruvo. Wobalaga. Monada. Ga5htha,hate,YouTube
C0716,Dapalla parayawa athulata,hate,YouTube
C0717,Rata kapu musalyoooo,hate,YouTube
C0718,Ko pakayo innawa kiuwa lamaya Boru kiyanna epa huththo kiyanna de kelin kiyapan,hate,YouTube
C0719,hesitha pakayoooyako thota katha karanna danne nahatho maha loku pakayek,hate,YouTube
C0720,Moun kollonge pai asawe aka aka huththawal hadagena meke ragapanna hadanawa,hate,YouTube
C0721,UNP para ballo mage rata keewa... thopita henagahapiyaw!!!!,hate,YouTube
C0722,Nodakin kata karannawat danne ne ponna ranila,hate,YouTube
C0723,Islam allan thopi boomba gahala aurudu 4k na,hate,YouTube
C0724,Ammata hukavanava kristhiyani pakayalata min passe.loya pakayalathath kelinava huththige puthalata,hate,YouTube
C0725,Ane gono thopi wage un parlimenthu awama hithagnna puluwn anduwa karana un gena,hate,YouTube
C0726,MENNA MUSLIM MAS WADDHO Pahara balla,hate,YouTube
C0727,para balliyo,hate,YouTube
C0728,menna me gota paraya comments on karala,hate,YouTube
C0729,MARUNADEN OKUNWA PATI DAPU KARIWESIYO,hate,YouTube
C0730,"Thopi Sinhalayagenma Kala beela , Sinhalayama marana wal thambi heththa henama gahapan.",hate,YouTube
C0731,Piccu whotta,hate,YouTube
C0732,ponna ranilta.thaeran,hate,YouTube
C0733,Adaws walm barii unanii mee keri thambi tikae dem hathae aka param ewaryk krnn,hate,YouTube
C0734,Ane hukee huttiyak,hate,YouTube
C0735,uber ammata hukanna hicci murgaya,hate,YouTube
C0736,"ane uduburana ballo rate ganu thota gahanneape ganu nemi, Muslim ganu kalinma thota ballo thota mokadawenne balaganin",hate,YouTube
C0737,Mu maha keri ponnaya,hate,YouTube
C0738,Kalakanni thopita dn wenasa sepada?,hate,YouTube
C0739,Yko me ponnaya prashna ahana widiha,hate,YouTube
C0740,Badu wesi uba adanne ice nathi sick eke,hate,YouTube
C0741,keri belliyo,hate,YouTube
C0742,POHOTTUWATA.JAYAWEWA...PUTHANAGE.JANABALAYATA...ANTHA.PARAJAI...HUKANO.,hate,YouTube
C0743,Gon pakayek thonam ponnayo,hate,YouTube
C0744,Ponna hutto umbata wena weda neddha huttho,hate,YouTube
C0745,me ponna aanduwa thawa awrudu 3 bayawenna EPA gematama set weyan,hate,YouTube
C0746,Mnan huththo athe gahuva,hate,YouTube
C0747,karagena palauau topi wage un marennama one ballo,hate,YouTube
C0748,Ma waga balliyo ballontema thamai,hate,YouTube
C0749,Ponna ranilo badurideen okata sambandai,hate,YouTube
C0750,Patta wesiyo ubata ammanam batu gediyak gahaganin samajeta pennanne nathuwa,hate,YouTube
C0751,Wesa huththi...thopi wage vesiyo hadapu maha ekatath hena gahanawa...patta huththi,hate,YouTube
C0752,Ana hutto saudiyata pala,hate,YouTube
C0753,Ponnayoo 550 k innwa,hate,YouTube
C0754,GON RANJA HIRUNIKATA VITHARAK NEME PUKE ARALA THIYENNE,hate,YouTube
C0755,ponna show,hate,YouTube
C0756,Comments daana godak kollo pirimi newe cheetha ...ponnayo,hate,YouTube
C0757,WiFi iwarai piumi oya ikamnata nirodayana wennako puke hila loku hinda karagaththa weda thama,hate,YouTube
C0758,wesi,hate,YouTube
C0759,Lankawama guu kara gon huttiyo denna😡,hate,YouTube
C0760,Oya pakayawa mata dapalla Okawa puka arala maranawa,hate,YouTube
C0761,ek kollekta lov karapan.kollo okkotam ekm thama tiyenne wesiii.,hate,YouTube
C0762,keri ponnaya,hate,YouTube
C0763,me wesinam ponna wesiyak,hate,YouTube
C0764,karima baduwa,hate,YouTube
C0765,lankawe innema wesama hottiyo,hate,YouTube
C0766,wesita hukagena hukagena yanawa belli,hate,YouTube
C0767,ponna weda karanna epa koto,hate,YouTube
C0768,jepponta puke arinawa ponnayo,hate,YouTube
C0769,sakkili hetta,hate,YouTube
C0770,Pissak Kari ponnaya,hate,YouTube
C0771,Kollo oya ponnaya ga number eka dipn .kari ponnyo hinda lamai nuth iwrai,hate,YouTube
C0772,Hora huthaga puthala,hate,YouTube
C0773,Menna maranawa nam balla. Muwa marala danna ona.sakkiliya,hate,YouTube
C0774,Ponna sagiya tho kata wahagena hitapia,hate,YouTube
C0775,Ratata kiyanne nathiva anmata huka huka hitapan vesi,hate,YouTube
C0776,Ubala ekka horakam karanna nam jvp ___ ba.hirikithai kalakanni .hora _____ .ranila dan hodaida,hate,YouTube
C0777,Mona magula karath wedak na final eken 🇱🇰 kanawa indian kaaraya,offensive,YouTube
C0778,8 pass ekk ohma hithn inna ekth awlk nh habai__ 🤦,offensive,YouTube
C0779,Jeppo kohomath higa kala keta hollala minissu rawattala sallli hamba karan sepa widina kuhaka jathiyak,offensive,YouTube
C0780,Thirisana,offensive,YouTube
C0781,",meyata athimahath apakirthiyak athkara dun pannapu janadipathi 🙄",offensive,YouTube
C0782,Oya ganu seratama hapan oya polisiytta mada gahana karane owa udgosana nemeballiyo,offensive,YouTube
C0783,Pissu ban mekita..boru sobane,offensive,YouTube
C0784,Hen ghpn ubt,offensive,YouTube
C0785,Oya banna meeharaka anunge opadupa. Hoyanava. Athi,offensive,YouTube
C0786,Ublata danna news ndda yako kabbnwa form krnne,offensive,YouTube
C0787,Thisara thamai lankawe cricket kaawe,offensive,YouTube
C0788,Thambi hma town ekama allan ynwa ape ewunta ganakwath na...,offensive,YouTube
C0789,Rata winasha kale basillage kattiya,offensive,YouTube
C0790,Lankawe un kapu beepu ewa ethanama rena unt a mewa hariyaida,offensive,YouTube
C0791,oya oya jiwithe widinawa newei akke widawanawa balanna ketha oyage huuu heluwen amma paw minissu eyatai baninne,offensive,YouTube
C0792,Oya ge than gediya maru,offensive,YouTube
C0793,Yako gon athal denna epa..,offensive,YouTube
C0794,Anee ban anunge kunu wekunan nathiwa ubalata wena monawathma nathida hambakaran kanna,offensive,YouTube
C0795,Jvp karayo kawadda aetta kuwe,offensive,YouTube
C0796,Okage katata henagahapa,offensive,YouTube
C0797,Ade mu thama marenne nane balapanko,offensive,YouTube
C0798,Neddakin witharak.,offensive,YouTube
C0799,Pissek wage ke gahanba epa ban lahiru gen igena ganin interview karana vidiha,offensive,YouTube
C0800,Bomba gahuwe mun thamai kalakanni,offensive,YouTube
C0801,Kohomat okunta ne mataka.ape kollo netnm merila hetta,offensive,YouTube
C0802,Caroline uba maha saapyk,offensive,YouTube
C0803,Eta dekan elanna ona muwa gothayawa sanath buruwa,offensive,YouTube
C0804,ratata wedak ethi .thamanta wedak ethi deyak balapalla bn,offensive,YouTube
C0805,Hama Anduwakama enne Kuddo...,offensive,YouTube
C0806,Mun serama elawala danna one,offensive,YouTube
C0807,Rajapassala wadakaranna bari jathiyak,offensive,YouTube
C0808,Ulama nodakin kalakanniya,offensive,YouTube
C0809,Idakin gaanu okkma ekai,offensive,YouTube
C0810,me kala kanniyawa marala danna karuth nedda yako,offensive,YouTube
C0811,Nodain thama me wage akeak hitiyama athi,offensive,YouTube
C0812,kavatha vath appe rata goda yanne na ma kalakani hinda,offensive,YouTube
C0813,Gaman pilata hana gahapiya,offensive,YouTube
C0814,"Badu namal ow okkoma pawla pitin hire danna one, passe inna ewnwt danna one jonyla wge",offensive,YouTube
C0815,Apoi thuuu nodakin,offensive,YouTube
C0816,Marama hurathalayak. Nodakin,offensive,YouTube
C0817,ane ganiye issellama hitapan inne koheda kiyala weradi tibunat ohomad hesirenne balapan ratawal wala minissu hina wena hati,offensive,YouTube
C0818,Wikara genu passe gihin anthimata apayata yanna lasthi weyan,offensive,YouTube
C0819,Piyumi baduwagey saddey kohomadha,offensive,YouTube
C0820,kujithai neda,offensive,YouTube
C0821,haluwen innakota oita wadiya lassana athi nada akka.,offensive,YouTube
C0822,Sakkili karolin,offensive,YouTube
C0823,Gon haraja,offensive,YouTube
C0824,Itin apit pucd,offensive,YouTube
C0825,Oya thama mn dakapu hodama kena,neutral,YouTube
C0826,adambarai oya gena,neutral,YouTube
C0827,api hambemuda dawasaka,neutral,YouTube
C0828,oya hoda yaluwek,neutral,YouTube
C0829,oya gena apita sathutui,neutral,YouTube
C0830,moonata hinwak genawata thanks,neutral,YouTube
C0831,Itn kohomada,neutral,YouTube
C0832,dawasa hodai da,neutral,YouTube
C0833,sthuthi,neutral,YouTube
C0834,suba upandinayak,neutral,YouTube
C0835,me jiwithe gena sathutui,neutral,YouTube
C0836,Ou oya hari,neutral,YouTube
C0837,apita puluwan katha krnna,neutral,YouTube
C0838,mn oya katha karana widihata kemathi,neutral,YouTube
C0839,api hithuwa oya dinai kiyala,neutral,YouTube
C0840,Ou oba hari mn me agamata kemathi,neutral,YouTube
C0841,ikman suwaya parthana krwna yaluwa,neutral,YouTube
C0842,Budusarnai,neutral,Facebook
C0843,Lakmathawaga virodara ranaviruwo apa hadawath wala semada redevi.theruwan saranae. 👍,neutral,Facebook
C0844,Hena gahapan yako 😡,hate,Facebook
C0845,Ane noka idala merila palayau 😠,hate,Facebook
C0846,mavu sihikara mama me lagadit go_abayiyage,offensive,Facebook
C0847,Atta iya 😊,neutral,Facebook
C0848,Pisseyak,offensive,Facebook
C0849,"Hodatoma karapu ekek, hodata karala yanawa. Enakota Army guard denna venawada. Seat eka Dala diwwa ekek ❤️ 🌸",neutral,Facebook
C0850,Aththatama kiyanna kisima deyak ne anith aya hemadema kiyala thiyanne.mona unath me geni aththama kiyannawa.thaman gon bduwak kiyala thamanma piliganna ekath hemotama karanna be,hate,Facebook
C0851,sajith nariya,offensive,Facebook
C0852,Mawenuwan kate karapu hodame katewe 😊,neutral,Facebook
C0853,Okata hena hathama gahala wilpattu kapapu nisa gahak watila mariya,offensive,Facebook
C0854,Lejja Nedda Oiii Watalappan Illanneee ❤️,neutral,Facebook
C0855,Huththa palenna diva danna puluvannnn,hate,Facebook
C0856,Hoda welwta http page eke nama dakke,neutral,Facebook
C0857,Mokada dapu dawas wala vitharane unlimited __,neutral,Facebook
C0858,Lassna ahinsaka ghniyekwa dala Mee miniha Ara udakkiywa badagena Dan ee lamyage video Dada innwa kochara pw da,offensive,Facebook
C0859,Onna ounge thama belli kapanna onee,hate,Facebook
C0860,Ape sinhalayatath ona asath sali wage sinhalaya wenuwen katha karana un. Depaththata wanena parayo newey. 🤬,hate,Facebook
C0861,Europe wala inna suddiyo best munta wada.. 😊,neutral,Facebook
C0862,Chester Ranathunga Dara ganna puluwan vihilu karapn ðð¹,neutral,Facebook
C0863,Ela Ela Lokka ð,neutral,Facebook
C0864,Hapoi nambuwa left muge,neutral,Facebook
C0865,Marama adarei akki oyata....wadagathkamakata inna gaikawak adareiii â¤ï¸â¤ï¸â¤ï¸â¤ï¸â¨ï¸â¨ï¸â¨ï¸â¨ï¸â¨ï¸paule hamoma araksha karanna oni deviyo...bs 🙏,neutral,Facebook
C0866,Namal Thoge appatat thibba oya amaruwa 🤬,hate,Facebook
C0867,Megolata tami dennaona ðððððð ✨,neutral,Facebook
C0868,Meta kalin biriyani kapu neti unta oka wtinawa eti mata nam kaha baht wge,neutral,Facebook
C0869,Godak wedagath mathrukwak akanm ahema ape prasnyak getaluwak kiyanna puluwan yaluwo ne godak inne apita parsnyak unama hitha yatin sathutu wena aya 🌸,neutral,Facebook
C0870,Hre mama balala monawahre krannmko.ðð¤£,neutral,Facebook
C0871,Banum noha paduva hitapan putha 🙏,neutral,Facebook
C0872,"MAE SERAMANTA JAPPO UTHUKAM KALA.SUNAME HORABAWA DANA DANA MAHEINDAWA JANADEPATHE KALA,__",offensive,Facebook
C0873,Iiiiiiya dewaniyata lejja ne anunge crownð ganna 🙏,neutral,Facebook
C0874,Apitath nidahase inna welawata oluwa wikara wena awastha thiyeno____,neutral,Facebook
C0875,Yko me ponnaya prashna ahana widiha. ð ð,hate,Facebook
C0876,Oun kariyo naluwoo neeii,hate,Facebook
C0877,Hena gahapiya,hate,Facebook
C0878,Kerat bit chooti baba idakin munta hena gahanawa.atha paya holola hamba kara gena kapiyauko,hate,Facebook
C0879,Budu saranai oyata,neutral,Facebook
C0880,MAHINDATA GIYASERETH KELAWUNE MAHINDAGE GOLAYO NISAA THAMAYY...,neutral,Facebook
C0881,Rata kapu kaputo un thama palanye 😠,hate,Facebook
C0882,Kiala wdak na dn api mara sathutin inne umbala deepu dewal walin,neutral,Facebook
C0883,mechchra deyak wela goiyoi bayyoi thama innwaneh__,offensive,Facebook
C0884,Balloth ekka nidagathoth makkoth ekka nagitapan 🌸,neutral,Facebook
C0885,Pau piyumi gon baduwa kageth sundari ðð¤£mun danna oni hire 😠,hate,Facebook
C0886,"Thamange lein ipaduna, thamanta mulinma piya padaviya deepu duwa wa 4 weni thenata daala paula dekada karapu kohewath neth gon geniwa 3 thenata daapu mu pirimiyekda?",hate,Facebook
C0887,Ane mn baya wela inne chula oya gana...oyata mkk hari unoth mn marena eka marenwami...,neutral,Facebook
C0888,Mala jarawak ane piumi hansamali appiriyai,offensive,Facebook
C0889,Gota Kawa madi wage nam hukaaapaaan 😑 😤,offensive,Facebook
C0890,Dan kiyai aniyata beya venda epa kiyala polawa gela bassata passe kiyai api kiuwa ainvenda kiyala dena dekakma una nam tawath monawada kiyanne kadu harana eka nawath wanda danata beya venda epalu ane manda,neutral,Facebook
C0891,Ithin hodaine karapu de.kage unath prathipaththi weradinam me tika thama wenna one. 🌸,neutral,Facebook
C0892,Hidakin jara belliyek appriyai 😒,offensive,Facebook
C0893,Munta marrenda kalinma panuwoganda one 😑,offensive,Facebook
C0894,ponnnayangeth ponnaya badudeal ponnaya 😠,hate,Facebook
C0895,Ape rate gawa sampathaâ¤ï¸ 😑,offensive,Facebook
C0896,Min Maha kalakanni.mata nam munwa pennabs.nehsrasha maha wL ganiyek. 🤬,hate,Facebook
C0897,.gdk lassanayi..deweni kotasak karanna..denna ekathu wena ekak...me dennam dala e song eka karana 👍,neutral,Facebook
C0898,Me rate winasaya thopita aathal balapiyaw dawasin dawasa mini merum. 😤,offensive,Facebook
C0899,Hora huttigaputala tika maka bewiyan 😤,offensive,Facebook
C0900,Anunge pakawala hoyanna epa yako 😤,offensive,Facebook
C0901,Denawa harak payiyak katada wesi,hate,Facebook
C0902,Uuura,offensive,Facebook
C0903,Apo mekige heti,offensive,Facebook
C0904,Mekita nam pussu aththatama gon redda uba kiyana karana dewal walin penawa kollek maraganna puluwanda bida kiyala padam karapn gihin ð,hate,Facebook
C0905,Bokka budusaranai mchoooo,neutral,Facebook
C0906,Hana gahpan kala kani,neutral,Facebook
C0907,Me keriyawa ai hire danna Kalakani sakkili balla,hate,Facebook
C0908,karolinta pissu. moda kuppa gani 🙄,offensive,Facebook
C0909,Kalakanni horu rala ð¡ð¡,hate,Facebook
C0910,Nodakin mewage kello ahinsaka kollowath amarewedana,offensive,Facebook
C0911,Kawa wiwechanaya kararh kamak naaaa<br />Kathawa tikk sanwara karaganna,neutral,Facebook
C0912,Mewage aluthen hithana minissu nohitiyanm ubala coment karanne paken thama.......,offensive,Facebook
C0913,Comment tikawath balala hadiyan gothaya minisunta hina wannama balagena inna ahikuntaka haththa rata karapu ugen 100% karapu un na adupadu wenawa.anika mona DE unath mehema minissunwa pachchal karana ekenma penawa thope pirihima. Higana hathikare . 😒,offensive,Facebook
C0914,"Akke oya duk wenne epa rattaran akke.okata hariyanna ara dakkili ganitat .eka Dan daru hurathl balanawa ara lassana kolu patau denna dala <a href="" channel walatawat gennnana hoda Na.okunta hariyanna akke.widawanawamai.oyata shaktiya labenna one daru patau denna ekka jiwat wanna....",offensive,Facebook
C0915,Ade aiya loku deyak fb page 1ta video 1k hadapu 1 ✨,neutral,Facebook
C0916,Api nam gaththe na ________ ✨ 🙏,neutral,Facebook
C0917,Gon badu serama methana....police karayo ganika madam walata painawa .....harinm me gon badu tikai allanna one ponna police karayo,hate,Facebook
C0918,Gota gobilo Palayan wto yann . 👎,hate,Facebook
C0919,Wesa belliyak,offensive,Facebook
C0920,Aniwa aiya api oyata mukuth wenne denne na hrida api heshitha aiya ekka atha wath thibboth oya musalaya ape heshitha aiyata mulu mahath srilankawema kello kolla ekathu wela oya mihi kiyna musalayata mona kraida dnne na ithin ekata ekaga aya like dn palayalla api demu hoda gemak oya mihi da muhi da kiyna napunsakayata ð¡ð¥o,hate,Facebook
C0921,Kohamada huttho meka pare dagena yanne,offensive,Facebook
C0922,Ada birthday eka boss gee ______,neutral,Facebook
C0923,Puduma moosalayak apprasannai pohottu kaarayo 😑 😑,offensive,Facebook
C0924,Ada iye idala nemeyi SIRIMAVOGE KALE IDALA.ð,neutral,Facebook
C0925,Brother meka me video eka hindiyen karala danna balapan dubai wala inna ekekgen account ekak haraha dapan indiawatath yanna 🙏,neutral,Facebook
C0926,Uba ikmanatama widawala marila palayan gothaya ubala lankawe pawata ipaduna ewun,hate,Facebook
C0927,Mahrunawa. Ahaiiii kohomada karanna puluwan una. Polesiya kiyanna niteya rhakina kanak. Goodaj durata eyawaradeeeeee,neutral,Facebook
C0928,Aye yako mechchra ad danne.,neutral,Facebook
C0929,Ane okunta mula matahaka nathi hatha awasane badagagena apu un dan ranviruwanta redda ussan enawa,offensive,Facebook
C0930,Kalisama gallola balala nealanna thibunanee duwanna,hate,Facebook
C0931,Virawansayo uba kauda kiyalah apita amataka na ballo topi dan ballo wage udubiruwata ahinsaka minissu kiyak tpoi maruwada j v p balla towah hadigawenna ona dan balla wage uduburanawa topitahe hena ganahawa sakkiliyo 😡,hate,Facebook
C0932,Dn me kathawa balanna wadiya kamatthak na..iwarayak wennema na.____,neutral,Facebook
C0933,Ane harima lassanata me kathawa iwara wenawa wage danenawa,neutral,Facebook
C0934,Okkatama ekata thiyala puke arinna ona 😒,offensive,Facebook
C0935,Cricket gena danna aya dnnawa echcharai,neutral,Facebook
C0936,Baninna kollekuth ne__,neutral,Facebook
C0937,Asadsalita puke arina nithiyak wenna athi eka nedaaaa.anee pakooo,offensive,Facebook
C0938,Oya duk wenna epa sahodari caturika kiyanne patta wal wesiyak gayan kiyanne parayek okata hena gahanna one oya rattaran patau denna hada gena jiwat wenna kollo dennek enne lassana patau dennek,hate,Facebook
C0939,Dilki Charu ____ chocolate Kapu Un ____ ❤️,neutral,Facebook
C0940,"GON RANJA HIRUNIKATA VITHARAK NEME PUKE ARALA THIYENNE, OYA VANACHARA BALLA THAWA NILIYANTA PUKE ARALA THIYANAWA. LANKAWE INNA EKAMA VANACHARA KUPADI NALUWA GON RANJA VITHARAI. BALAGENA RANGANA, RANJA OYAGE GAANITATH PUKE ARIWEE. 👎",hate,Facebook
C0941,oa Carolin kiyana geni puduma kentiyakin enne,offensive,Facebook
C0942,Ane pissu mekita. Athtatama. Leggawa kiyala namayak ne,offensive,Facebook
C0943,Kata kiyalda hadagaththe mekaðð,neutral,Facebook
C0944,Pissuda hiththo live yanna aith 🙄,offensive,Facebook
C0945,nodakin thoo.mage aiya mara gthanam maranwa wesii. 😡,hate,Facebook
C0946,Yako anagathe nathi karana epa thopi naki una kiyala ubalage duwala wage inne kello nathi karana epa oya magul balala dama inna eunuth nathi wenwa aharen parimenthuwe un rata kanawa me nakiyo ganu lamiwa kanwa nodakin thopi,hate,Facebook
C0947,Kelakanni ballo bolata rata karanna bari nm pala huttige puthala yannna 225ma eki,hate,Facebook
C0948,Wesa ganu gawa gattha tana iwari,offensive,Facebook
C0949,POW. ME. AHINASAKA MINUSSUNTA. KARAPU. APARADA. DARUWO. PHARAGENA. KARAPU. APARADA. WALATA. SHAAPA. WADINNA. ONI. ME. KARAPU. AYATA. 🤬,hate,Facebook
C0950,Bayawela kiyanne wewula wewula enne api.... ð¤ð¤£ð¤£ð¤£ð¤£,neutral,Facebook
C0951,"Ane hodai oya wage ewun hitiyath wedak ne,akke oya daruwan ta uganwala hodata hada ganna,",neutral,Facebook
C0952,Mae minissu innae lankawae naemaeida dannae naha,neutral,Facebook
C0953,Mata nam hithenava Vishal ta asdaranayak venawa kiyala kathave.,neutral,Facebook
C0954,Bella kapannama oni,hate,Facebook
C0955,Ane ponna lopiya puka,hate,Facebook
C0956,Godak wadagath widiyata jiwath wena pawlak theruwan saranai parissamin inna,neutral,Facebook
C0957,Isurinda Herath,neutral,Facebook
C0958,Ranil Ane bn tho janadipathi unata wadak na Apita rata yanna agansy karayonge ganan adu karala denawako Man oyata ana karanawa wahama me agansy karayonge ganan anduwe ganna ganan adu karanna kiyala Apita rata gihinwath hamba karaganna awasthawa hadala deanawakoo,offensive,Facebook
C0959,Fatta sinduwe theruma nm kiyala wadak na me wage kathawak dala sinduwa haduwat godak thx meka nm matama gahala wage,neutral,Facebook
C0960,Hadannanam puluvan eth oka reddak adan dagena yanne kohomai ape handuruvane,neutral,Facebook
C0961,Naki wesi ekka lamai hadala.gayanta vidawala merenna weai,hate,Facebook
C0962,Ane pls owa kranna ona na.rata wenuwen krapuwa hodatama athi,neutral,Facebook
C0963,Mokada ban anura kumara ta mewata aradana karanne nattha..ð¤£ð¤£ð¤£ð¤£English bari nesa da ð¤£ ❤️,neutral,Facebook
C0964,Jappo ada idamma boruva hidama horu jappo,offensive,Facebook
C0965,"Ranilata katha karanna baha.uuta sinhala baha.thatamanawa.gihin reela wara.kari ponnaya.buddhi ansa hire daala,tho thamai mema vinasaya kale. 💢",hate,Facebook
C0966,Para demalu tika maranna oni,hate,Facebook
C0967,Ane mun hithamathame me de kerada manda..,neutral,Facebook
C0968,Gonek ge patiyak badala mehema nam Rajanage duwek Banda nam kohomada. 😠,hate,Facebook
C0969,Ela ela,neutral,Facebook
C0970,Giye anduwen mu 19 genalla munta one one widiyeta dewal kera ganne hodai giye pare munge gewal wela thamai nadu ahuwe pare hattea mekelata lejjawak na thamath bath kane harak samagijanebalewegeððððððððððð,hate,Facebook
C0971,Mewata mona tarm kapa karanawada hamuda patti tumeni obata jayawewaâ¤â¤â¤ððððâ¤â¤ððð¹ð¹ð¹ð¹ð·ð·ð·ð·ð·ð· ❤️,neutral,Facebook
C0972,ð ponna show<br />,hate,Facebook
C0973,Karolaei hodaei essarahin thiyagena pilekul bawanawa Karanna,offensive,Facebook
C0974,Jayen jaya wewa,neutral,Facebook
C0975,Niwansu lebeawa....,offensive,Facebook
C0976,Ane obata pinsidda wey cricket hadala denna arjuna ayyeee 😊,neutral,Facebook
C0977,Munta rajakale daduwam denna oni para haththa 💢,hate,Facebook
C0978,THOTA PODI MALLI HUKANAKOTA HODAI YAKO BALLI CHAMUDIKA KARAPU WADE HODAI,offensive,Facebook
C0979,Kokatath age thyroxine level ekt check krnn tsh ek wdiweddi cholestol kohomt wdi wena nisa.,neutral,Facebook
C0980,Exam result ekin manussyekwa mainna ba. One tram examples tyenwa owta. Honda idea ekk monwa unath. 👍,neutral,Facebook
C0981,Amor amor menna jockð¹ð¹ð¹ podi maina,neutral,Facebook
C0982,Menda wenuwen_ dn yanna__,neutral,Facebook
C0983,Cricketers la Ali puken awith na. Munuth thamange wasiya wada karana jara jathiyak. 😤,offensive,Facebook
C0984,Mata oka awith dawas 5n wage awa,neutral,Facebook
C0985,Dn sapada......,neutral,Facebook
C0986,Mun wage boru pakayanwa bag akaka Danna kauruth nene 💢,hate,Facebook
C0987,Rahuman Aran warella parata gal gahala maranna,hate,Facebook
C0988,Maulawi pakaya mursi huththige putha thopiwa maranna oba yako.,hate,Facebook
C0989,Corona thatuniyatawath senasiman enna edak danna lejjai mawa ahaddi puduma asahanakarayo enna lankawa endiyawath akai lingika wanna mun kanna monawada danna hegim palanaya kara ganna purudu wayalla 😠,hate,Facebook
C0990,Oya hodai ane. Oya banna meeharaka anunge opadupa. Hoyanava. Athi 😠,hate,Facebook
C0991,Ape rilawu tika okatath wade deyi 😊,neutral,Facebook
C0992,Mahinda raja paksa gotabaya raja paksa basil rajapaksa namal raja paksa ape ratta utum minissu dipalla rtta hadana kata waha gena boru codana dannattiwaâ¤â¤â¤â¤â¤â¤ð·ð·ð·ð·ð·ð·ðððððððððð,neutral,Facebook
C0993,Bomba gahuwe mun thamai kalakanni balla,hate,Facebook
C0994,Kari ponyek ammta hukan asad salli vesa kari,hate,Facebook
C0995,Modayak katalo gannawata wadiya labai bonat eka danma nam __,neutral,Facebook
C0996,Aran dennm menikh oyta______,neutral,Facebook
C0997,Ammo.kos.ata.tikakh.tambagana.kanda,neutral,Facebook
C0998,Yako topi balatanhawe maranogana..rata gana hetapiyui para ballo rala topit ballo ketannwat watinne naha..ballo topita wada dayak lankwe karanawa,hate,Facebook
C0999,Munge paulam balu wesa paulak nangi 3 weni minihath gaththa chathurika budu dahama sattyanam ubata meya pala denawamai thoge kasana thana panuwo thiyalai merennne 👎 😠,hate,Facebook
C1000,Boru na loku seen ne .hemadema hodata kiyla denwa thanks brother. Keep going ____ 🙏,neutral,Facebook
C1001,Badu gahala thiyanawa ney hutto,offensive,Facebook
C1002,Nodakin chthrikata hanama wadiyan,offensive,Facebook
C1003,labuwawu aluth aurudde rajapaksa paramparawatama niwan suwa,hate,Facebook
C1004,Ane palayan belli tota sadseanaya wenuwen inna one nam topi eka hariyata karanna epai totat.minia nene belliye to e geheniyata newei api hemotami lejja kale den nikan Loku ewa kiyawanne topita adare kawda pissune tota mona unama apita mokada topi oka kalin dekke nedda otunna danakanma hitiye belli salli kiyak gattada ka Piya guuuq 👎,hate,Facebook
C1005,Budusarani,neutral,Facebook
C1006,Munwa hirers Danna thibune,offensive,Facebook
C1007,Ane toge boru adilla tiyagan apinam manussayo at ubawage amunussa kama penawa munanma 🙄,offensive,Facebook
C1008,Jaya,neutral,Facebook
C1009,Hamiyan gota nakiya!,hate,Facebook
C1010,Kalin otunna hammba wechchi ekkenata aye hamba una ne hoda wade carolin ballita Thu.. nodakin carolin honthuwa dan sapada ahhh 🙄,offensive,Facebook
C1011,Kari ponnaya. Tho mariyan musala. 😠,hate,Facebook
C1012,Kanchana Anuradhi oya neda me voice eka bawanawak wage ____ ✨,neutral,Facebook
C1013,Waachaala kamai noogathkamai hondatama penenawa. Mewage kaalakanni set ekakma Pohottuwe innawa. Owun hithanne Gotabaya wagema hondata kalaa kiyalai. 😒,offensive,Facebook
C1014,Ane me rate viwasanayak oyala me nada gam natanawa tikak jeevthe gana buddiyen hithanda purudu wendað³ð± 🙂,neutral,Facebook
C1015,"__ _..._ , hena wadinna oniii ratata karapu aparada walata thopita 💢",hate,Facebook
C1016,Badu hanganawa hoyanawa .mila wadi karanawa.,neutral,Facebook
C1017,Ko yako pohottuwa,neutral,Facebook
C1018,rata kewa,offensive,Facebook
C1019,Kathawa nam aththa wage penne..,neutral,Facebook
C1020,Kauda bn Mewa Hadanne ____ 👍,neutral,Facebook
C1021,Ahhhhhhh. ð me. Thamai. Story. Eka. ðððð,neutral,Facebook
C1022,5star hotel ekakata yanna hithannawath epa ___,neutral,Facebook
C1023,Lankawama guu kara gon huttiyo dennað¡ 👎,hate,Facebook
C1024,Puka deepan 😑,offensive,Facebook
C1025,tho hari waradi balanawanam ratawalwalata nithi mokataha paharayoa 👎,hate,Facebook
C1026,Amodhya Ekanayake picco neme ned oyala nm____ 🙏 ✨,neutral,Facebook
C1027,Lankawe cricket walata lokuma henaya katholika aya hodata balanna 😑,offensive,Facebook
C1028,Hena gahapan ballo ubala seratama 👎,hate,Facebook
C1029,Amanussayo gayan chathrika joduwa .Minta karmaya visin daduwam labawe. 😤,offensive,Facebook
C1030,Ei mekawa eliye inne thama 🙏,neutral,Facebook
C1031,Ae keyannae samitata wayasa aurudu 30i.ððð,neutral,Facebook
C1032,Policepati kosso giniyapang samanlal wai uge ganiwai topi policeye uta birthday party damma neda ko Jackson Anthony ge duwa ponna wada mewa kosso 🤬,hate,Facebook
C1033,Para hiru anith kuliyata dunna ayagenuth me prasna ehuwada,hate,Facebook
C1034,pala hambayo yannawa ura kapiya urumas kellak thoge payye kona nemei mulu payyama kapadanna ona,hate,Facebook
C1035,Duk wanna app akka kollo Danna hadagana jiwsth wanna kawada Hari daruwo oyata salakai.. was Kama Yana pirimi gana duk wanna app. B.s..... 🙏,neutral,Facebook
C1036,Ranjan aiyagen pukawal parissam karaganilla nangila tika hodeððððððð,offensive,Facebook
C1037,Me kathawa thawamat balanawanm un minissu wenna bh mn kiyanne____,neutral,Facebook
C1038,Awa gatik muslim hathtae atu ganda ganadipati tumani apita yahtin inna apa rata,hate,Facebook
C1039,Oya ganu seratama hapan oya polisiytta mada gahana karane owa udgosana nemeballiyoððððððððððð,hate,Facebook
C1040,Ganja etapeten gahuvama ohoma venava c kumhara wayasa 112 kiyl..cri pitasakvalaya__,neutral,Facebook
C1041,Ane huke,offensive,Facebook
C1042,"Kellek lassnada nethda kiyala makeup ulagena mehema ewa karala wedak ne , aththama lassana hoyanna bane ✨",neutral,Facebook
C1043,Godak hoda katavak b s konda pana nati nauakauan ennakan ratata deiuangema pihetai,neutral,Facebook
C1044,"ANE. BORU. KIYANNA. EPA. RATAMA. DANNAWA. OBALAGE. PATIKIRIYA. RATE. MINISSINTA. AIMATH. ANDAWANNATA. ENAWA. PASKU. BOMBAYATA. GOTABAYALA. WAGA. KIYANNA. ONI. ,",neutral,Facebook
C1045,Janadipathithumani mun ape ratata epa munwa gahala elawanna,offensive,Facebook
C1046,"Yako tamange minihata witharak thoge niruwatha pennapan, chik mehemath ganuu",hate,Facebook
C1047,Adapiya thawa Hoda Wade thota ohoma wela Madi Ara ahinsakayage demawupiyo nangi pawu Ara ahinsakayath pawu yakoooooo thota hodaknam sidda wenna epa thota kiyanna wachana na yakoooo ...,offensive,Facebook
C1048,Gon huththa,hate,Facebook
C1049,Mun muslim minisunta.tambiyo kiyala.baninawe.ah.unata.sinala.ganu.arabiyata.pukadana.yawana .ukanala.nodakin.kariyo,hate,Facebook
C1050,GTA KNIGHT EKKA MATCHK GAHAMUKO,neutral,Facebook
C1051,Lisan nathawa yanna puluwan yako ...api dannawa oka veede nattiyak kiyala,neutral,Facebook
C1052,Aye Koti enoooo ðð 🌸,neutral,Facebook
C1053,Meka singha bawudda rata tama inna bari aya palayalla echcharai.,hate,Facebook
C1054,Dan sapada 🙂,neutral,Facebook
C1055,Ane rattaran janadi patti kenek apitta deviyo dunne aperatta beragana apuda idala prasna prasna godak akka ratta bara gatte dirga ausa labewaâ¤â¤â¤â¤â¤â¤ð¹ð¹ð¹ð¹ð·ð·ð·ð·ð·ð·ððððððððð 🙏,neutral,Facebook
C1056,Ara indika thotawattha karanneth dharmaya wikurthi karana eka. Balanna eyage videos. Blind wela ipadila thiyenneth pawata kiyala eyata terenna Dan karanneth paw,neutral,Facebook
C1057,Ko vides puwath.sirasthsala vitharada,neutral,Facebook
C1058,Goraka paste eka hadagena Tika Tika Kanna. You tube eke thiyanawa hadana widiha. Ita amtharawa cholesterol tablet eka anivaryen bonna. 🙏,neutral,Facebook
C1059,Good morning 🌸,neutral,Facebook
C1060,Me wage boru programes karanna epa ...me koiwath inna hunge dewal apita mokatada..munge athi deyakuth na..ðð . 👍,neutral,Facebook
C1061,Mala holmanðpissu kolam.mongal ganu puja akka wenna yanawa eya kochchara nihathamani kenekda munta mongal ganuððð 🙄,offensive,Facebook
C1062,Ayeth gadget eka atheneh 🙏,neutral,Facebook
C1063,ape samahara nugat drivers la nisa chatar lankawa !,offensive,Facebook
C1064,Ane palayan ranil balaperethayo yanna buru chodana Karan nethuwa....marila malaperethyek wenawa....me karana pajathi deshapalana rawatim walata.. 👎,hate,Facebook
C1065,Denna tibba kata dath halanna,offensive,Facebook
C1066,Dan lankawa jara ratak,offensive,Facebook
C1067,Ko wotto jntawa,neutral,Facebook
C1068,Dubai ape ayata haduna,neutral,Facebook
C1069,Dwayne Ruben Oya gava thibba mathakai.eth katayamnam ne.mage vage 4to gahuve,neutral,Facebook
C1070,Marena unta th honda wade. .unta honda wade. 😑,offensive,Facebook
C1071,Ape un dinai 👍,neutral,Facebook
C1072,Eyaaaa kathaaaiii oya.nakipatai.irisiyawa nisa kathawela,hate,Facebook
C1073,Kiyannako,neutral,Facebook
C1074,Maragatthe na tho,offensive,Facebook
C1075,Apiwa neda me rawattanne ✨,neutral,Facebook
C1076,And kohoma hari karanawanam onna niyama wadak. ❤️,neutral,Facebook
C1077,Karolin maha pahath ganiyek.mata wage ehemauanam gahanawa karolinta karali paninna.,offensive,Facebook
C1078,Amo Amo mewane goc ð 👍,neutral,Facebook
C1079,Dinetha Fernando poddak tharaha unama ____,neutral,Facebook
C1080,"Danagaththata ,thanks.",neutral,Facebook
C1081,wesila 💢,hate,Facebook
C1082,Kele gena iwarada baduwak passe yanne sirasata mol,offensive,Facebook
C1083,Ammo me ganu kohomade Dario hadane 🙏,neutral,Facebook
C1084,Me song eke sansara sihinaya tittle ekath dapu eke ma nubhe kumara kiyala demmanam hodai mokada ekane wediyenma kiyanne,neutral,Facebook
C1085,Dilshi Hewapathirana antimt mehema ekak weida dnne nha apitat____,neutral,Facebook
C1086,Kata wahagena hitapan ballo,offensive,Facebook
C1087,Samanya minasata danena de me kalakanni desapalakayanta penne nathi eka thama karume.. 😡 🤬,hate,Facebook
C1088,Badulla Jaffna Kandy yana train me wage. Api dawasawala hondai. Dan kohomada,neutral,Facebook
C1089,yako meke ekaekata kade gihin walalennaepa oke inna 225ma epa eka terum ganin koiekath kathawa witharai balaya gannakan kaiwarugahanne,offensive,Facebook
C1090,Para.demalu.gini.thiyanna.ona. marala.muhudata.visi.karanna.ona,hate,Facebook
C1091,Pala pala muhudu higanna ubala kade yanne ratakata hodak wena dekata neme ubala salli maththema merena huththige puthalaa,hate,Facebook
C1092,Maharagamata awoth arinawa,hate,Facebook
C1093,Me vidiya team eka athule hiyena randu hinda thama team gahana eka match ekak wath hriyata dina ganna bari mewaun okkagema wadi mewa ❤️,neutral,Facebook
C1094,"duka market karala views ganna thamuse,konara,ashen wage un maha gotha pakku oii...",offensive,Facebook
C1095,Hita hoda aka pahala inna ____ ✨,neutral,Facebook
C1096,Mathakane kalayak ape un fite fan ellan gihin rexona market kala ✨,neutral,Facebook
C1097,GOTABAYA. ANDU. GATTHE. PASKU. PRHARAYA. WIKUNALA. THAMAI. NATHNAM. ME. ANDUWATA. RATE. KAWRUTH CHANDAYAK. DENNE. NAHA. 2005 TO 2015. HODATA. MATHAKAI. RATE. PURAWASYANTA. PASKU. PRHARAYA. WIKUNALA. THAMAI. PUTUWA. GATTHE N,neutral,Facebook
C1098,Thopilage mune hati kalakanni heththa rata kawa,hate,Facebook
C1099,Kohpmada dan me matjawaram allana lassana jaya polisiyata ha janapatitumanta ✨,neutral,Facebook
C1100,Enna api nawatat rawatemuuuu,neutral,Facebook
C1101,Godak hodaiiii thanks . Me denuth apita wahinawa,neutral,Facebook
C1102,Nodakin me wage kello dakalama ne ðð,offensive,Facebook
C1103,ponna ranilayo uddaya ivara kale mahinda 😠,hate,Facebook
C1104,Ponna party,hate,Facebook
C1105,"Hina wena epa bolaw, katath amaru kalayak meka.",neutral,Facebook
C1106,Tisara kohomath kariya kiyala team eke okkoma dannawa.<br />Gedara Ganiwa control karaganna bariwa captan karanne kohomada ponnayo ð¤,hate,Facebook
C1107,Malawikrayakne,neutral,Facebook
C1108,Keri dial ekak moonanam .baywenda ohne oyaage moona dekalaa thamai chooooolaa,offensive,Facebook
C1109,Den okkamala babala wela ððð,neutral,Facebook
C1110,Nandasena fail na udinma pass thamange paule unge Nadu okkoma itha sarthakawa iwara Kara .Dan eyala horu nemei harima suddawantha minissu . Mokada me rate inne 69 lakshayakath wada bath kana miharakne. Eyalat thamai oya nandasena oya Gon Katha kiyanne....,hate,Facebook
C1111,Hondhata thibunu ratak. Api watichcha thanak ❤️,neutral,Facebook
C1112,Spiri gedi deka 😒,offensive,Facebook
C1113,Ane bs oyalata sathutin inna 😊,neutral,Facebook
C1114,Topi kata wahapiyu aurudu5 topi rtta kawa balo raniya sajiya samagi balu wegeððððððð 😑 😒,offensive,Facebook
C1115,Hmmm oba tuma atta kiyanne ❤️,neutral,Facebook
C1116,Daruwan gena aadrayak tiyanawa num mita passey mey wagey patiyata yanna epa. Candimaal giye car ekkey.oyagollo bus ekkey. Daruwan paw. 🙂,neutral,Facebook
C1117,Yako vahallunam manna jvp 😒,offensive,Facebook
C1118,ane ammata hukapan uru paka 😡,hate,Facebook
C1119,Gana gediya balahnkoð¤£ 😑,offensive,Facebook
C1120,Mokadda bn me ..... patan gatte love seen ekak dan ammo ammo,neutral,Facebook
C1121,Munwa alla maranna oni parahatta 🤬,hate,Facebook
C1122,SF hari. Mokada 20 pennala minussu rawata yatin denawoo para. ââââ USA kasadeta moragoda pimpi kapuwa behela weda wage. 😡,hate,Facebook
C1123,Moda minnissu inna ratakata match wenawa.,neutral,Facebook
C1124,Aphu rewtenne moka genvth ✨,neutral,Facebook
C1125,Nodakin mun ganuda.. 😑,offensive,Facebook
C1126,"Nishan Madhuranga ____gon katha nokiya idapn bayyo, koheda kiyapn ko dan rocket eka",hate,Facebook
C1127,Mata ehenam okava hamba unanam kana palanava..uurage.,hate,Facebook
C1128,Ha...api rawtunaa..palym utto ynna,neutral,Facebook
C1129,Kala kanni heththa mun sepa gannawa higana keri ballo thopita hena gahapiya,hate,Facebook
C1130,Munt jaya wewa kiyanna gobba hathikare innwane thma. 😤,offensive,Facebook
C1131,Niwan suwa thope paulatama 😒,offensive,Facebook
C1132,Pukenuth hina oiiðððððð,offensive,Facebook
C1133,Amnoh kalakanni hetta ððð,hate,Facebook
C1134,"Bohoma hodai, 10k withara awith inne ðð 😊",neutral,Facebook
C1135,"A,,,, h, k,,,, p,,,,,,a n,,,,aWada wada wada A,,,,,,m a,,,, i aaaaaaaaaaat 🌸",neutral,Facebook
C1136,Ehema hithuwa nam ape ammalath ada eya mn laga ____ ❤️,neutral,Facebook
C1137,Muge ammata hukanna kadiya. Mun maranna ona munege widiyatama. 😑,offensive,Facebook
C1138,badu inna one thana badu thamai danneðð,offensive,Facebook
C1139,Meka harima pahath wadak a akkata loku apahasayak une.....kasada bandala dikkasada unath aka ayagema warddada kiyanna beee..... Ahema nithiyak thibbanam.... Thorana dawasema a details aran akkawa ain karanna thibuna,neutral,Facebook
C1140,kunu godawal awussanne nathuwa thamange wedak balaganin ponnaya,hate,Facebook
C1141,Mask ekak daaganin gaaniye,neutral,Facebook
C1142,Dan puthala ammala wage un kasada badiv..kollane wahanayak gnna onnam naki kallak allagena ekige amaruwa arala maruweyan ..badata daruwekut dilama maru weyan dan 47t lamai wadanda ba,hate,Facebook
C1143,Kada haththa oka sammatha karoth parata hari bahina un like krpalla,hate,Facebook
C1144,Mithurukamata eha giya badimak eka.danno dani __,neutral,Facebook
C1145,ubath NGO jeppekda______,offensive,Facebook
C1146,Mokadda wela thiyenne sihinata karadaragakda 🙏,neutral,Facebook
C1147,Ane Manda mata duka okige lamaya gena,neutral,Facebook
C1148,Ane nangi oya duk wenna epa.....oyata raja kollo dennek inne....giya minissu apahu enawa.....daruwo denna ekka sathutin jeewath wenna..,neutral,Facebook
C1149,______ gattata ____ na mahattayo aka rata dapala ______ _____ nowaina 73k. Gapuo gahilla sallamda hora kala kala ______ karala jvp ______ gatta akada ___ ana gono 🤬,hate,Facebook
C1150,Mun gennanne mktada bn thuuu nodakin,offensive,Facebook
C1151,Kalkanni,offensive,Facebook
C1152,Mun nam patta wesiyo tikak .ai mewata wiruddawa piyawarak ganna bari .mun ganu sanhayhiyatama lajjawak .mulu ratatama pililayak 😠,hate,Facebook
C1153,Ethakota deranata sirasata redda ussalað,offensive,Facebook
C1154,Balegena wedak nane den bale tiyene obalage gawa karapu katiyata daduwam denna bala bala ine natuwa daduwam karanna nikan kiya kiya innenatuw Lankawe inne ððððððððð newe minisun,neutral,Facebook
C1155,Duvanna api denne hari yaaaaaa ✨,neutral,Facebook
C1156,Budu saranai ððð,neutral,Facebook
C1157,Ane boru danna epa 😊,neutral,Facebook
C1158,Jvp Gon pakayo lalkanthaya Awurudu ganak inne rajaye nila niwaseka utath geyak Aran dipiyaw .,hate,Facebook
C1159,mn hitanne minihage pana nh.ekane ochchara tada wenne,offensive,Facebook
C1160,Ubalata lajja nadda ban Athmayak nathi kalakanni,hate,Facebook
C1161,Emuletar eka bluestack 4 da,neutral,Facebook
C1162,Kari ponnaya ammata huka wanava dana ganin sinhalayo aussa ganna epa ayeee,hate,Facebook
C1163,Hati balapan ko besiege puthage rajapaksha pawlama marala dala me rate sapaya nathi karannanm,offensive,Facebook
C1164,Thank you Thushara<br />Me pakaya genu ki denekta HUKALA ATHIDA,hate,Facebook
C1165,Appacci ð¥º,neutral,Facebook
C1166,Aapu mtawat twa beri una yako__,neutral,Facebook
C1167,Unge ammat....... Kiyanne monawada wena kiyanta deyak ne... Ape un weda penwai issarahata 😑,offensive,Facebook
C1168,Mahindalage wahallu unlike karala wesa baduwak oka,offensive,Facebook
C1169,Ade mokkda bn rp ❤️,neutral,Facebook
C1170,Makige mona lassenekda,offensive,Facebook
C1171,Patta wesiyooo.munwa gena mewa balana avunta gal gahnna oni,hate,Facebook
C1172,Oka ngo dolar walata yata wechcha kalanni lolla,offensive,Facebook
C1173,Adina aduma hariyata andanam kisi aulak nane owage than walata addiwath adu tharame piliwela adumak adan anna oni fashion kiyala adan anawa owage awa,neutral,Facebook
C1174,"Divorce una kila a gahanith gahaniyak neda, Amma kenek neda? Mokadda warada miniha nathi nisada? Khomath kellek newei ne. Kello godaka ganiyek unna Nam waradi kiyamu. Divorce unath nathath gahaniyak neda?",neutral,Facebook
C1175,Gammanpilata Gotha weema mokak hari awulak wage,neutral,Facebook
C1176,Boleth ekkama hose gala ahasata ekathu wei kiyala hithuwe,neutral,Facebook
C1177,", lajja nathi kama mahamudalikamatath wadi ✨",neutral,Facebook
C1178,Unp eke ponna sinhala heththa... mujibar gena kiyaddi ke gahanawa... sabawa kal damma... pake anduwa.. 💢,hate,Facebook
C1179,Nodakin dakinnawath kamthi na,offensive,Facebook
C1180,ponnayo raja wela.... ewith inna okkoma wesiyone.... thane eliye dagen... puka dila modeling karala prasidda unama un hari genu kiyala hithan inne.... keri badu.... owa dekkama negala thiyena paiyath bahinawa 👎 💢,hate,Facebook
C1181,Igenagatta nati moda hark innakam ape rata hadanna bha mokada unne me rajaya genave,neutral,Facebook
C1182,Haa obala kawadada 19janayata kisideyak kale kariyoo balako ain karana hati nodaki rajitayo too makabavila pala,hate,Facebook
C1183,Data aka kawada ððððððOK. ....... 🌸,neutral,Facebook
C1184,Dan kohomat awaranaya wadi ape janadi patti tumage ussahaya jayawewaâ¤â¤ð¹ð¹ð·ð·ð·ð·ðððððððð,neutral,Facebook
C1185,Anagathe henen thamai à¶¢à¶±à·à¶°à·à¶´à¶­à· 🌸,neutral,Facebook
C1186,Asarana une ahinsaka minissunge salli mankolla kapunisa ____,neutral,Facebook
C1187,"Ubthd wdee,, asarn kollkut mrgn,, ohom wel mdii ubt,, wnchr blliii,,,ð¡ð¡ ohom welaama madii ubt,, ib hind pul pitin wida wannee,,, ð¤¨ð¤¨matann hrii sthutuii ubt una de gana,,,, patta,,, liik krpu unt tx ,, ptta wdee bllit kree 🙄",offensive,Facebook
C1188,Gmmc thm ð,neutral,Facebook
C1189,Minehekut ennawalu ð,neutral,Facebook
C1190,Me boy wagema train kaduna welawe udaw karapu minissu thawa ati..,neutral,Facebook
C1191,Nodakin lankawe inna hodama wesiyo taka 👎 👎,hate,Facebook
C1192,Kohoma unath hoda das loba nethuwa dala thiyenawa 🙂,neutral,Facebook
C1193,Hamuduruwane obawahanse parlimethuwe ennama ona 🙏,neutral,Facebook
C1194,Apita uu kotiya unaata unta eeyaka weerayek.....ð¤,neutral,Facebook
C1195,Aiyi sihina ayama kiruli akka akatanam api kamathi baha,neutral,Facebook
C1196,Wal ura... 😤,offensive,Facebook
C1197,Samithage duwa Amma wagema niyama gonð baduwak,hate,Facebook
C1198,Duwatanam.hodata.galapenawa,neutral,Facebook
C1199,Ethkota malinga illapu eka sl vs Nz match eke eka me siyawase neweida,neutral,Facebook
C1200,Oya serama hambayo maranna oonea urro ( pig) damala,hate,Facebook
C1201,Aniwaryen yaluwa_,neutral,Facebook
C1202,Ma wasi namalge baddak kiyela okkommela dannewa 😤,offensive,Facebook
C1203,Ammoh shantha______ ❤️,neutral,Facebook
C1204,Honda Wadak.me video eken kiyanna hadapu de terum ganna beri moda minissu eka eka katha kiyai.ganan ganna epa.e ape minissunge hati. 👍,neutral,Facebook
C1205,Karoline ge kirula galavana eka thama hodama,offensive,Facebook
C1206,Indiawata api cricket walin uththara denna ona cup eka aragena,neutral,Facebook
C1207,Matath me wedin ekata awanm baduwak gahanda thibani... 😤,offensive,Facebook
C1208,Merila palayan.... 💢,hate,Facebook
C1209,Lankawe nama thawath kathakala mulu lokayak issaraha. 🙏,neutral,Facebook
C1210,Meeta pasu lankawe chandayak awashshma natha. Mewage vihilu mona ratakawath nathuwa athi.,neutral,Facebook
C1211,Ane ithin hakooo..,neutral,Facebook
C1212,à¶ à¶´à·à¶­à· pohottuwe à¶­à¶¸à· .den nam onne munwa.aye nam munta denne.mun hambakaran rata kanna apu awn.kalakanni heththa.,hate,Facebook
C1213,Marenakota mun mewa aran yanawa wage hariyata.________ 😊,neutral,Facebook
C1214,Gena widesha winimaya publish karapanko. Paw chichi.,neutral,Facebook
C1215,Meds mulane asuchi kana baiyanta Oka ganak ne .rahai unta .thopita wage un nisa ratata Ada kelwela thiyenne,hate,Facebook
C1216,rajapaksala kali wela yana dawasak enkm api bln inne,offensive,Facebook
C1217,mun badina unta harak paiyyak welala puke arinta one.yako mun ganu wage inna pirimi yako 💢,hate,Facebook
C1218,"Uba amu gawaya,__ Gampahatath lajjai,mee haraka______,giyapu school ekatath lajjai, ________ 😡",hate,Facebook
C1219,Kisima sadachaara sampannakmk nha.. ð harima dukai.. anthimata une ethana hitapu hemoma amaruwen hadagaththu prathiroopaya vinasha wela giya eka vitharai 🙂,neutral,Facebook
C1220,Eakanm patta suewar eaken gaththe,neutral,Facebook
C1221,Merila yanna ona kalakanni pansal gane gihilla.,hate,Facebook
C1222,ARA gajendaran party eke ayata neethiya kriyathmaka kalauthuda nathida?,neutral,Facebook
C1223,Me gon kariya views ganna aith repeat ð krnawa e video eka...news walin denagaththa pako api uba kyanna one na 🤬,hate,Facebook
C1224,Ou ou apeta derawaganda bare rajapaksala kelawapu kelaweellla 🙄,offensive,Facebook
C1225,Namalla chichila eda Idalath janatawagen kapu higanno thamaaaa,offensive,Facebook
C1226,Ane wesa balli thoge gedi kapala thel Danna ona.thota witharada gedi thiyenne.thoge owa hamadama pennagena innakota epa wela.thopiwage awun haduwata wada hodai eladenak haduwanam kiri bonna thibuna.,hate,Facebook
C1227,Chamuditha ai kaagahanne? Himin Katha karamu.,neutral,Facebook
C1228,Muge kanata denta thibbe,offensive,Facebook
C1229,Lankawe post wale thiyenne quality tamai me ________,neutral,Facebook
C1230,Dostharya harakek 👎,hate,Facebook
C1231,Munta hikennama Gahanna Ona. Munthamai Dan hadena lamai narak karanne 😒 😤,offensive,Facebook
C1232,Kunu karavala kooriyek obanakenek innavanam me naaki hampada anti ta help ekak deepalla macho....,hate,Facebook
C1233,Daruwawath digeta ganna beri ne me genita namm 😑,offensive,Facebook
C1234,Ahmada ala ala,neutral,Facebook
C1235,Anushika Sewwandi __ kewa nethaa ____ 👍,neutral,Facebook
C1236,Aiyo 69 laksa chandeðªðªðª,neutral,Facebook
C1237,Wal balla 👎,hate,Facebook
C1238,KAPUTA HITIYATAH WADA HODATA WAJABANAWA.AHINSAKA DUPPATH MINISSU HITIYATAH WADA WALA PLLATA GIYA.KALAKANNI RATA KALA EWARA NA.,hate,Facebook
C1239,Me game eka play krn kwd inne..,neutral,Facebook
C1240,PAKE WIMALAYA 🙄,offensive,Facebook
C1241,filty kiyanne mokekda guu punchekne.mekath u wagema ui ara wili lajja nathi kaalakanni ganui ekathuwela karapu marketing ekak.amana wadak ithing .tharuuna paramparawai podi eunwai wanasanna hondai.hiiiiiiiiiiiiii thiyaganin kotte yata laksha dahaya.,hate,Facebook
C1242,Nalu niliyo okkoma wanachara heththa. Unn dakina dakina ekath eka yanawa. 😠 💢,hate,Facebook
C1243,Kary hambayo 😡,hate,Facebook
C1244,Oya.narakadenwa.allala.okkoma.ahanna.ona.rata.thopada.apada.keyala 🙄,offensive,Facebook
C1245,5star hotel ekakata yanna,neutral,Facebook
C1246,"Plyn cri gothya ynna, Gota gon pagaya __ 😠",hate,Facebook
C1247,Mona pakaya hada kauwada danne Na.ath me rata nidahas kara gaththa me wage minihek gen athal ganna apa,hate,Facebook
C1248,Ammoo upasaka mhtty,neutral,Facebook
C1249,Course eka supiri .sir hodata kiyala denava hamadema __highly recommmended __,neutral,Facebook
C1250,"Tane,pumbagena,balum,wage,,,ane,mehema,vesiyooooo,,,",hate,Facebook
C1251,Magea account eka password amathakai ekata monada karanda puluwan,neutral,Facebook
C1252,Ane pala balli ynna mat nam penna baha gon baduwa,hate,Facebook
C1253,Bane karanna... Ape Amma mawa Kanna hadanawane ______ ❤️,neutral,Facebook
C1254,Ane janadi patti tumeni udau karana pau ð·ð·ð·ð¤â¤â¤â¤â¤â¤ððððð,neutral,Facebook
C1255,Eka hoda wadak munwa kohomath ves wasa karandama baha ne,neutral,Facebook
C1256,Mona unat indieawa kanwa srilnkawa gahanawa gama,neutral,Facebook
C1257,Anth wadi okkoma athugala danna one occara kalayak hema jathiyakma eka muthuwa hitiya den tamai me payayo rata kanne,offensive,Facebook
C1258,Daisporawe un thamaai ape rata kanne,offensive,Facebook
C1259,Ponna yek,hate,Facebook
C1260,sakkili geniyek bn. 😤,offensive,Facebook
C1261,ganu gedaratiyala kreeket gahapalla. ganu tamai ubalawa kanne 😤,offensive,Facebook
C1262,Ayyo me interview karana manussaya ka gahana eka harima ear irritating. 😊,neutral,Facebook
C1263,Fatta film ekak neda,neutral,Facebook
C1264,Arjuna hitiyanan balanna thibba,neutral,Facebook
C1265,Caroline pissu huththi,hate,Facebook
C1266,Owa ta army eken dala arawage pissu natana unge kana paluwa nam nikan ma hadeyi 😑 🙄,offensive,Facebook
C1267,Ithin ara ranil kiyana lokuma pissai fb eke hitiya 100%niweradi leader knk balaporoththu wechchi pattama gon adminla tikai nisa thama me 🤬,hate,Facebook
C1268,Lankawe hodama gone badu tikai e mada inna buruwo tikai,hate,Facebook
C1269,Ma sakkili danuth kagahanava kaudayako arakagahana sakkili rsttata mavavipatakvala munta bomba gahanna kanaknadda 😒 😑,offensive,Facebook
C1270,Kari tambi kohomada mage rate idam vikunanna 😠,hate,Facebook
C1271,Meki maha magulakne,offensive,Facebook
C1272,Kerolin oya iwarai,offensive,Facebook
C1273,Apo ape gedara eka apu ekawa kala tama nawatinne____,neutral,Facebook
C1274,Iyaaaa 🙏,neutral,Facebook
C1275,me harak topi punnakkuda kanne ratema Salli un laga tiyanne horakala ratama kapu un topi harak kapiyau tana kola,hate,Facebook
C1276,Aththatama mehema adare athi wenna puluwanda?,neutral,Facebook
C1277,"Neethiya ballata, neethiye adhipathya ballonta. 👎",hate,Facebook
C1278,Munta tamai ara diwa eliyata ena lede hedenne ekai oya dagalanneðð,offensive,Facebook
C1279,"Ane me gayan kiynne kochchara naraka <a href="" minihata hodakma wenta apa 😒",offensive,Facebook
C1280,Hora yakku indian karayo,offensive,Facebook
C1281,19 hodai rajitha ponnayata horakan karanna 🤬,hate,Facebook
C1282,Balu desha paaluvanta saamayen pirunu rataka inna kota saban gevunu gedavillu vage thamayi . Kaalakanni,offensive,Facebook
C1283,Cathurikata haena gahanawa gayan hodata hotallwalTa ghin gilinawa blla,offensive,Facebook
C1284,Lankawa minisau bohma danaka karla tiyana kudu bisns 👍,neutral,Facebook
C1285,Pake deshapalane and pake news.topi okkama iwarai wadi klayak na 👎,hate,Facebook
C1286,namalui ballo dennekui tv balana awasthawak____,offensive,Facebook
C1287,Mekata hrad dapu kattiya gana harima pilikul. 😊,neutral,Facebook
C1288,Ponyek 😒,offensive,Facebook
C1289,Monna Hutthakda oi me.,offensive,Facebook
C1290,Hoo hoo bijja athda thota pakaya,hate,Facebook
C1291,Harima gunayahapath ballek__,neutral,Facebook
C1292,Issra maara asawen miss karanne nathuwa balapu kathawak. Dan nm me wage clip ekak dakkiddith ____,neutral,Facebook
C1293,Jeppo katin batala hitawanawa kohomat 😤,offensive,Facebook
C1294,Para india ballo,hate,Facebook
C1295,Ado sira ban,neutral,Facebook
C1296,Ithin apita pupadað,neutral,Facebook
C1297,"MUN OKKOTAMA DAN AMATHAKA WELAA UN WINDA DUKA, AND UNGE PAWUL WALA UN BILLATA GIYA HATI.... PARISSAMIN RANAWIRUWANI.... SIHALUNI,<br>UMBALA BEEDA BINNA UNOTH WENA DEE THEERUM GANNA ❤️",neutral,Facebook
C1298,Janadi patti tumata jayawewaâ¤â¤â¤â¤â¤â¤â¤â¤â¤â¤ð·ð·ð·ð·ð·ð·ð·ð·ððððððððð,neutral,Facebook
C1299,"Kattiyatama aduwak nathiwa kiri bonna puluwan,,ðð¤£ðð¤£ð¤£ð¤£ð¤£",offensive,Facebook
C1300,Mone wesa kamaak da aa 😑,offensive,Facebook
C1301,Gothaya kiyanne uge mathayata viruddawa katha karannath epa kiyala muuta chande deepu ewon uuta viruddawa katha karanne kiyala uuta penne nadda dn uuta apiwa penne samagi balawege wage anee,neutral,Facebook
C1302,Apppo ððð ðª chora,neutral,Facebook
C1303,Rata balataðyano <br />Balloðrata palanaya karanna ð¨,hate,Facebook
C1304,Me app eka download katakana.use karana vidiya kiyala denna puluwanda,neutral,Facebook
C1305,Meh gani ta maduruwo maranna baa. Haha! Surname nan galapenawa. Wal ma thamai. Minissu kiyak ekka idala thiyanawada meh ganii. Chik jaraaaaað¤¢ð¤¢ð¤¢ð¤¢,offensive,Facebook
C1306,Toge kauta kawata madi peretaya topi uda paninna epa hutto nidagana inna sinhaya awadi wenawa hutto ponnaya to pala ape ratim peretaya,hate,Facebook
C1307,Kalla kanni katanakyaa 😑 😒,offensive,Facebook
C1308,Galle tath poddak awa.__________ 🙏,neutral,Facebook
C1309,Hesitha malli niyamai bayenna epa ponnayek gananganna epa,hate,Facebook
C1310,Hena gahano anduwata 💢,hate,Facebook
C1311,Ganu lamayekda pirimi lamayekda dekatama nedda,neutral,Facebook
C1312,Ane me ganaya kiyana katawa yako rajaya aehema karanna taram moda na me gotabaya rajayai buruwanee,offensive,Facebook
C1313,Chamuditha ponyek,offensive,Facebook
C1314,Ikmanata badinna ethakota okkoma hari __ ❤️,neutral,Facebook
C1315,Mehema rule ekak thiyanwanam kohomada pushpika mechchara durak awe,neutral,Facebook
C1316,Buru super dannama waradi,neutral,Facebook
C1317,mutanam hena gahanawa yako.,hate,Facebook
C1318,galagoda aththÃ¨da hora geni kiyak innawada.podi hamuduwanta puke ariye ki denakutada.upasaka ammalawa dusana karanda puluwanda buddagama,hate,Facebook
C1319,Inna barie karannada hadanna mattoooooo,neutral,Facebook
C1320,Jaya wewa ✨,neutral,Facebook
C1321,Kyk dunnada meka hdagnna.... 🙏 ❤️,neutral,Facebook
C1322,Dan raganna patan Aran padugita dawas wala koheda hitiye 😊 🌸,neutral,Facebook
C1323,Me patta boru kiyana ponni oya dewal karapu ponni kiyanna aethi api dekkane hiru nalikawe maddaya thibunu spikaraya galawa pole gahapu heti patta ponni 😤,offensive,Facebook
C1324,"mekita mehema vela madi, baageta adan natanavata...... :)",offensive,Facebook
C1325,Thisara to ballek 🙄,offensive,Facebook
C1326,Pissu hedanawa toge pake pag eka unp ekaka kiyala dannawanam oka balannewat ne den fb eka adan netuwa ammage thurulata wela adapan samanalayooo,offensive,Facebook
C1327,lajja nathi ganiyek oya gahanu wechcha apitath lajjawak balanna aththatama oya oya adina widiya oyata banapu kena hariyatMa hari oya wesa ganiyek,offensive,Facebook
C1328,Keliawanam elapiya duwata ponnyo nakihama adinne nathiwa,hate,Facebook
C1329,Gota muta shot eka dunne nattham therumak na,offensive,Facebook
C1330,Kothanada bn waliyak yanne,neutral,Facebook
C1331,yakko rilla rannil ponnayo nimal werawanssala kiyanne shatika atta mee jannatwa marrila duken asarRana wella innawellawaka mun parali menttu inha weve magul nattanawa munwa ghla panbana jannatawa idiriyata ennai dan onne 💢 😠,hate,Facebook
C1332,Api cricket velata pissu vatila inna arjuna ankal,neutral,Facebook
C1333,Lassanai puthey budu saranai oya dennatama,neutral,Facebook
C1334,2023 ganith na 👍,neutral,Facebook
C1335,Lokaya dunu wena kale meyala apassata yanna hadanne.. Seegiri situwam ugayata nawata yannna epa. Pls 🙂,neutral,Facebook
C1336,Bella neme bun oluwa neththeð,neutral,Facebook
C1337,Ahinsaka tharunayanwa rata yawannathuwa lankawe thiyagena lankawa diyunu karanna puluwan weda piliwelak hadana eka yawwana katayuthu amathige wagakeema. ❤️,neutral,Facebook
C1338,Kalakanni ð¡ð¡ð¡ð ð¤¬,hate,Facebook
C1339,Mara minisu ketiyak marane dn thawath minihek Mona hithakinda bn thawa ekek marane. ❤️ 🌸,neutral,Facebook
C1340,Ape asarana lankawata monawada me wenna yanne deviyaneð³ð³ð³ð³ð³ 🙏,neutral,Facebook
C1341,Pahara ballo,hate,Facebook
C1342,Man campus out ath mewa balnwa a tarm akarshniyi apitath ganna dewal tiyenwa,neutral,Facebook
C1343,Asha and praba mulin dunne punchi Rome,neutral,Facebook
C1344,Kimbak eduwoth ape untath amma thaththawath penne ne 😑,offensive,Facebook
C1345,Adum nathuwa video akka karana akka. 😤,offensive,Facebook
C1346,Umba kohoma pimbenna haduwath umbala dan awalangu kasi ban.... thopi pawul pitin aoagatha wenna one me ratata karapu aparadeta 💢,hate,Facebook
C1347,Nodakin naki magula ð¤®ð¤®ð¤® 👎 😠,hate,Facebook
C1348,Pukenut huna una un koo,offensive,Facebook
C1349,Kasada bandata passe lamai hambawenna innewa kiyanna eka pudumayak newine good luck,neutral,Facebook
C1350,Loke ithihase thibunu wahana lankawa kiyana kauthukagare ihala milata vikunanawa loke anik rata wala eka padiyakin supiri wandi ganda puluwan,neutral,Facebook
C1351,Itin yako korona tiyanawa danny nadda pati danny oka samaruwy nattan candimal marynawada oya salli akatu karala depiyaw asarana minisunta kanna hal kilowa jara hatta danwat aga wahynna adala pin karapiyawsariry aliya dagana natanny natuwa 😑,offensive,Facebook
C1352,"Mu government aka gu kana mi harakak, 👎",hate,Facebook
C1353,Jara wadak une 👍,neutral,Facebook
C1354,Aiyooo mahinda attatama lajjai.. Oba tumawa nati kala golayo tika...,neutral,Facebook
C1355,"Nikam pissu wesiyan waii.. Ponnayanwaii form kara kara inna epa bn. Kanna bonna natiwa kocchara nam minissu duk widinawa da... Ahinska ammala tattala, mee guu wesiyan wa nikm form karanwa redda. ð ð ð",hate,Facebook
C1356,Mona ponnayod bn me....adukolayo,hate,Facebook
C1357,Aulak ne anthima match eka gahala demmama iwarai oi para ballonta 💢,hate,Facebook
C1358,Mokadda hlo ee kathaawa 🙂,neutral,Facebook
C1359,Thuu nadakinð©ð©ð©ð©ð©ð©ð©,offensive,Facebook
C1360,Anay pala ballanta rata deelaa Deelaa Dan bana kelinawaa 👎,hate,Facebook
C1361,Mahaththayata keyala puka ara ganin. 😤,offensive,Facebook
C1362,hamba demalu. okun eda welalennama arinna thibune.maha sakkilima jathiya.ape ranaviruvo awsan manushiya meheyum karala okun bera gatta ekata dena kalaguna salakeema thama oya.,offensive,Facebook
C1363,Samitha ekige puthath ekkath budiynwa athi bn aru maha ponnyek,offensive,Facebook
C1364,Ane mun wage sakkili ponnayo tika tama ponniyak wina taram deyak nehe 👎,hate,Facebook
C1365,Jayaweva!,neutral,Facebook
C1366,Ape hama paalakayama pakshema bayai kelin wada Karanna.Aththatama lajjai boru kiyala baleta enawa.,neutral,Facebook
C1367,kauda dislike karapu ponnayoo.indian legends lada,hate,Facebook
C1368,Ammo rasa kalra kalra blnne,neutral,Facebook
C1369,unlike karala thiyenne gon kuhaka haththa,hate,Facebook
C1370,Munwa kochchara redda asse dagena kiri pewwat Koti kotimai kalakanni 🤬,hate,Facebook
C1371,"ME. APARADA. KARAWAPU. UNTA. AMU. AMUWE. HENA. GHANNA. ONI. MUNTA. SHAAAAPA. WADINNA ONI. DARUWANTA. DARUWANGE. DARUWANTA. POWEL. PITIN. SJAAAAPA. WADINNA. ONI. , POW. KARAYO. THRISANNU. WAGE. MANUSSINWA. MARA. DAMMATA. ð´ð´ð´ð´ð´ð´",hate,Facebook
C1372,Ane manda minissu hadana apita ba ath thamunta galapana vidiyata jiwath una Nam kauruth baninne na ne,neutral,Facebook
C1373,Api me loke kothanada inne kiyala hithenawa neda ?,neutral,Facebook
C1374,Muge.rekod.wala.tiyenawa.piyumi.samaga.kiyapu.dewal.aru.pons.keneklu,offensive,Facebook
C1375,"Meyata adare krna aya bayawenna epaððsadaranya gana katha krnne pissud mnda..achchara deyk krl meya nikn mkth kre na wg inne, stage eke hasirenu widihen peenw sadarnya wenuwen nagi sitina knk kiylð",neutral,Facebook
C1376,Ai thama YouTube ekata uploaded karannaththe,neutral,Facebook
C1377,Hoda.hoda.sallam.essarahata,neutral,Facebook
C1378,Jasinta kiyana eki lankikayek nevey ehenm apitha mona adamabarayakda mona reddak danavada danneððððð,offensive,Facebook
C1379,Baduwak bandagatthama oka wenawa kiyala amuthuwen ugannanna oneda bn,offensive,Facebook
C1380,Apita kagenwat adala nane ban api diyunu unanam athi ara ratin me ratin meka kiwa araka kiwa kiyala apita vitarane ban me serama,neutral,Facebook
C1381,Gon huththak. Meki budu dahama genawath sinhala sanskruthiya genawath danna wesiyak nemei. Me wage kunu vidio danna epa ban,hate,Facebook
C1382,Mention krlama dmmanam thama watinne__ 🙂,neutral,Facebook
C1383,Ana tota waga apeta adena ona bale.apet ganu tama aunata apeta tota waga hluwan ena baa.ape adum adenat relax aka ena tama.thuu nodken ma ganeta yanna apayak naa.ð¡ð¡ð¡ð¡ 😒,offensive,Facebook
C1384,Mun wage jathiyak para despaluwo 💢,hate,Facebook
C1385,"Ane palayan kuhaka gani ...irisiyawa koitharamda kiyala munen penawa...ganiyekta apahasa kala thoi Carolin para.ballitai prasiddiye...asuchi, kunubiththarai gahanna ona kuhaka ponna balliyo 😠",hate,Facebook
C1386,Anagathe appachchi wagema daksayek wei mage puthe oyath,neutral,Facebook
C1387,Gu keeli genath gada gassanawa,offensive,Facebook
C1388,Meya container driver kenak apitath badu aran awith mata hamba una,neutral,Facebook
C1389,Ela kiri kollek ban uba.oyahuththige ponnayonta ohoma karalath madi,hate,Facebook
C1390,Gobba sena 😤 😤,offensive,Facebook
C1391,Hora kaputa athulu rajapaksha Hora ballo makabavilama palayan. Henama gahapan 💢,hate,Facebook
C1392,74 gaha ganin puke..mulu ratama kala kala..ahinsaka minissunge jiwitha ekka sellam karana para desha paluwo maka bawila pala 🤬,hate,Facebook
C1393,Sadaranayak krna one nam chande elapan ganiye . Lokaya esra thawath ganiyekwa laja nokra. Munwa thorna ewunta ghna one. Melo rahak nathi ewunwa genawataðððð,offensive,Facebook
C1394,hambuna _olar _ika_at kelinnada baluve gota seeye,offensive,Facebook
C1395,Bella nathuwa newe. Oluwa nathuwa. Si karayata lamai 3k innawa. Waradi karapu 3k innawa. Si ge wiwahaka biridath waradi. Samahara gahanu husband gana hithan naha lingikawa. Akata mul thana diyayuthumai. Sahara hoda pirimi iwasagena idala marila yanawa. Sathuta thiyenne athana<br /> Tikak hithala balanna,neutral,Facebook
C1396,Kurunegala nagaradi pati ko?,neutral,Facebook
C1397,Kalakanne boru pebena gare j v p pafpo______ 😤 😤,offensive,Facebook
C1398,Mewata neetiyak nedda,neutral,Facebook
C1399,Thiyapan ko okun okatama 😤,offensive,Facebook
C1400,Loke issaraha oka gelawenawata wada den wecha eka hodai,neutral,Facebook
C1401,Viduli bila wadikarapu thope amma thaththa kunuwela mariyan mariyan mariyan papatharayo,hate,Facebook
C1402,Mewa kala dai dawasata dekata kohaka gon hathikarayakne rate inne,hate,Facebook
C1403,Ube amma pawwwwwee 👎,hate,Facebook
C1404,"Mun okkoma elawanna oni kalakanni heththa, ,,lankawama kapaiyaw",hate,Facebook
C1405,Meyala tamai hondatama kale,neutral,Facebook
C1406,Thpi denatama henaama gahanawa mewa danawata,offensive,Facebook
C1407,Congratulations dennatama 👍,neutral,Facebook
C1408,Hodaa wadeeeee..... moko kiyannee gahanawaiii gemak ayee....kimba palanna onee aralama 🤬,hate,Facebook
C1409,Henama gahapn...,offensive,Facebook
C1410,Kawinga oyatath pissu mongal unwa genwanawa okita pissu kohomath 😤,offensive,Facebook
C1411,uber ammata whokanna hicci murgaya ð¡,offensive,Facebook
C1412,Miris tikak putuwa thiyanna thibuna,neutral,Facebook
C1413,Gamage Hewa gu kapan oyta wada hoday 🌸,neutral,Facebook
C1414,"Dinen,Dina Diyunuwewa me Karana Pinbalen. Udaukala Siyaludenata Bohomapin.ððâ¤ð¹ð¹ð¹ð¹ð¹ð¹ð¹ð¹",neutral,Facebook
C1415,me enni lankawe enna superima ponnayoi superima wesaviyo thopita ohoma wela madi sadacharayak nathi awajathaka haththa ratata gilapina wedihata wadakarapan,hate,Facebook
C1416,Okatath kapu vede kale ara jangi adina ranganada? 😤,offensive,Facebook
C1417,Usme ganne tiyene aitiye nati une yahapalene nisa paliye ape daruwan husme ganne eke sadateme nati keruwa bomba gahala laja nati kame me sakkili unp hatikerete tawe katat kerenewa 😑,offensive,Facebook
C1418,Ane Oya wage vedio kara kara market wenna epa. <br />Owa news walin denagaththama ethi ne. <br /><br />E Minissu den merila ewarai ne. E jeevitha wala karume ewa hoda hoda made danna epa.<br /><br />Ewage video hadanna gathta karana kalaya pavichchi karala samajayata wedak ethi deyak karanna please <br /><br />T,neutral,Facebook
C1419,Bala malu kawanam vidawapan balalo kiwwalu. 🙂 🙂,neutral,Facebook
C1420,Ara kaha paata adala inna ekith boruwata adanne kari wesiyo,hate,Facebook
C1421,hoda wede gon baduwa lamayawa balagena gedrata wela inne nethuwa yannawa fun ganna dn huka thami ð¡ 😠,hate,Facebook
C1422,Kala kanni haththa ekath kawa asawen balan hitiye dn nam balanna wath kamathina ð­ 😤,offensive,Facebook
C1423,Ane janadi patti tumeni udau karana,neutral,Facebook
C1424,Tho nm mage as dekata penne be sakkiliya tho mage athata ahuunoth maranwa Wal pakaya. Danna ekak Mata mekata maranna udaw karanna,hate,Facebook
C1425,Dennama waradi malliye 🙂,neutral,Facebook
C1426,Suba pathanna kohomada putha wage inna kollek ekka diga kanawa kiyanne nodakin anith kollo hada ganne kohomada,offensive,Facebook
C1427,Gada gahana ratak...gada gahana duushitha paalakayo......appiriyai,offensive,Facebook
C1428,Salli nam athi eth paulak nam nathiwa athið¤¯kauda mewa ganneð¤® 😒,offensive,Facebook
C1429,Mona hukana katha 🙄,offensive,Facebook
C1430,kari ponnayo bn,hate,Facebook
C1431,Koheda bola hitiye________,neutral,Facebook
C1432,Gam Biththara omlet ekak kala wela gediyak kamuda uncle...______ 👍,neutral,Facebook
C1433,A yko mn withrk newe mun serm top fansla ne __,neutral,Facebook
C1434,Mokaedda mme kala kaniyek ai yako eka wisuruwama baya hitapalla 5pennenna danwath ara bahirawayata arliyagahamaduren yanna kiyapalla 😤,offensive,Facebook
C1435,Koheda me...ane apita th kiyanna 😊,neutral,Facebook
C1436,"Mata hithena widiyata dinithi;semen manasa wedena; ehema nethnam manda buddika kenek, me wage ayada airline wala gihin ape rate genu aya mehemay kiyala loketa pennanne,",offensive,Facebook
C1437,Api meyata set karala demu. Lamayek free labena nisa wasi ❤️,neutral,Facebook
C1438,Magula ewarai mahida ta iwan suwa .. ✨,neutral,Facebook
C1439,Best of luck Akki aiya harima lassanai doni patiyawa ikmanata genna oyata nikak twins wage aneeeee ikmanata patiyawa genna api balan innawa dalada samidu pihitai,neutral,Facebook
C1440,Gon badui samanaloyo okkoma ekama wahanayaka,hate,Facebook
C1441,Owa unga thiresan wada,offensive,Facebook
C1442,Salani tharaka kiyana higana ballita salli kohenda australia yanna,hate,Facebook
C1443,Man issara harima asa karapu naluwek .dan nam penna ba.munge jara wada nisa....ganu daruwo anatha karala dala.dan reddak kiyanawa ð¤®ð¤®ð¤®ð¤®,offensive,Facebook
C1444,Ponna kariyanta niyamata denawa bro deoaththata nathi ponna kariyongen dena tharjana karana widiha dakkama heshan uba iwasanawa wadei ban uba kiyana 100% hari ponnayanta denna ona ridenna me depaththata nathi un samajayata marama wadayak podi lamai pawa apayojanaya karanawa mawa dala video ekak karapan mama dennam duwanna okun karana jara wada mara wada thiyenawa podi lamai apayojanaya karanwa eth ewa wadiya eliyata yanne naha 😡,hate,Facebook
C1445,Aneh gon patta vwesiye thoge daruwath angawikal uneh thoge sapetai. . Gon wesiyo danne naha thanaka hasirena widihawath . Wesakama ihawaha gihin mekilage 😡 🤬,hate,Facebook
C1446,Divenya Pereira mona unath hitha hoda eki ____ 👍,neutral,Facebook
C1447,Adoo singhaa kodiyath aththatama hmehema ekak yawanna athi neda eyala,neutral,Facebook
C1448,Meya innema bath kawana ewatama 🌸,neutral,Facebook
C1449,Ude miniha ponnayekda ban 🤬,hate,Facebook
C1450,Karapu hoda amthka à¶¸à·à¶±à·à·à·à¶±à·à¶§ hamadama banina keyala.oba tuma obe gamana yanna a à¶¸à·à¶±à·à·à·à·à· à¶±à·à·à·à¶»à·à¶¯à· dakkmakta anakam...gahana ayata samawa damu.dawaska ridenna.gahamu kriyawen...jaya niyathi..gamana subaiâ¤â¤â¤â¤ 🌸,neutral,Facebook
C1451,Ana rajapaksa paramparawama kunu welama marela pala,hate,Facebook
C1452,Meke lokko dan meyalada ohoma kirula galawagena yanne...neethi reethi na wage.....neethiyak thiyanawa...a,neutral,Facebook
C1453,Ape kala tikath kapanawa. 🌸,neutral,Facebook
C1454,Me thirisannuta thamai ella marannama one,offensive,Facebook
C1455,aiyo pau thola kata welila wathura bonna jvp kiyanne mada gaha na ekama thama 😤 🙄,offensive,Facebook
C1456,"Yudde dinne ape ahinsaka kollo Misa , dessha pauwo nemei bola",offensive,Facebook
C1457,Mangala samaraweerage katata wede tiyanna one henagahana katha kiyanawata mun tiyanta watinne,offensive,Facebook
C1458,"janadipathi da mu, Idakin katha karanne kavi kiyanawa wage..__",offensive,Facebook
C1459,An nethi gonað¤®ð¤®,hate,Facebook
C1460,Pala vesiye yanna thova amma appa balanne nadda huththiye,hate,Facebook
C1461,OBA KIYANA KATHAWA SAMPURNA ATHTHA KISIMA AGAMAK ADAHANNE NATHI BALLO THTHTAMA INNAWA OKUNTA UPARIMA DADUWAM DENNA ONE 😠,hate,Facebook
C1462,Jarama wedak kale munta gal gahanna ona,offensive,Facebook
C1463,Thota hariyana ratak hoyan pala. Meke thopita one widiyatama natanna ba. Meka sinhalayage rata. Innawa nm sinhalayata one widiyata hitu. Nattam pala makkamata,hate,Facebook
C1464,Idakin me parlimentuwe inne harak mokekhari hari ho waradi kata karaddi katawal wahagana inna danne na munta metaram jivita nati welah munta ganak na tirisanun hodai topi ballanta wadiya nodaki hatta 💢,hate,Facebook
C1465,Pahath kama peenawa kariline and chuula oyalage,hate,Facebook
C1466,Manga desa drohee para balla demala diaspora we gu kala dope wela bila gahanawa!,hate,Facebook
C1467,Udin pennala yatin rta kawa sirisenaya giya anduwe balo kata wahapiyuðððððð 😤,offensive,Facebook
C1468,Thota pissuda gon namaba..Rata kala kala hapa karala Dan enawa methana.. GotaThota wahi nathi hena gahanna onne gas gemba 💢 😡,hate,Facebook
C1469,Tho Marana oone Para Balla,hate,Facebook
C1470,mool ghahak tiyanawa.Ewannea lipinaya dennea.ð¤£,offensive,Facebook
C1471,kollani.prewesam.weyaw.tana.dekapennala.lannwenna.yanne.hukaala 😑,offensive,Facebook
C1472,Lassanata weda satahana karanawa,neutral,Facebook
C1473,Ounta nidahasa denna apa balo rtta kala mun wage sakkili ratema turan karala dana ona horu akekewat rassa karala na,offensive,Facebook
C1474,Pirimi kiyanne ganikawo tamai ganiyakat pare bahala yanna ba baduwa kiyanwa ganikawo kiyanwa ganiyek baduwak wenne badu gahna un hinda wesiyo kiyanwa lajjai kiyanna pirimi taran vesiyo tawat na uma dapan malli oy vesh kame yan untamai ubat baninne oy banin un gankao nattan ubata baninne na 😡,hate,Facebook
C1475,Hm bs ciran gayatu 🙂 😊,neutral,Facebook
C1476,Coraolain maha jara ganiyak,offensive,Facebook
C1477,monawada oii mewa...thamuselath views ganna ona jarawak danawa.,offensive,Facebook
C1478,Budusaranai kollo Ubata adare mewa danawata ð¹â¤ï¸ 🙂,neutral,Facebook
C1479,Honda pahadelikereemak,neutral,Facebook
C1480,Uba mariyan ubala wage wesa kello ganu jathiyatama nigawak 🙄,offensive,Facebook
C1481,Dnwth muge pade bhi 😤,offensive,Facebook
C1482,Dala thiyena chicken kalle size dakkama eka portion ekak 2500 ta padu naha.,neutral,Facebook
C1483,Kollo ravattana thopi vage Badu Nisa Ada Hoda kellekta vath edak ne Kollo maranna epa yako Nikan paw,offensive,Facebook
C1484,Ammata hukawanawa keri tmbi blla.yako 😒,offensive,Facebook
C1485,Eww eww,neutral,Facebook
C1486,Horata... Hamadame horakang karanne dawasaka mattu veneva.... Deng divath petelaneva nede..... ð¤,neutral,Facebook
C1487,Me mokkakda bn eka dapuwahama mahasona wagene,neutral,Facebook
C1488,Ane janadi patti tumeni me gammanetta udu karana pau â¤â¤â¤â¤â¤â¤â¤â¤â¤â¤â¤â¤â¤â¤â¤â¤â¤ððððððððððððððððððððð 👍,neutral,Facebook
C1489,Para hambaya tho mariyan. Thota dan hodata sinhala puluwan dan.,hate,Facebook
C1490,ranil a pita paw nodi mariyan,offensive,Facebook
C1491,Ane patta huththi thoge amma oya wagema badhuwakdha,hate,Facebook
C1492,Monooouththakda meððð 😤,offensive,Facebook
C1493,Ponna haththa katawahan hitiyot okunta hodai sakkili lajja natuwa wesa ballo kata krnwa,hate,Facebook
C1494,Idakin witharak mun niliyoda 🤬,hate,Facebook
C1495,Niyama kakul deka.dakkama naginawa. 😤,offensive,Facebook
C1496,Rajapassa Kalakannie reala chandayak pavathvala geavslvalatama pannala damanna ona. Aeadta tamaie mee rata dieyunu veanne 😠,hate,Facebook
C1497,Chiththa adina pirimi kiyann munta tamai 🙄 😒,offensive,Facebook
C1498,Ohoma daala tommorowland 1 4tos danna epa huththo sahara flash ghanne owage,hate,Facebook
C1499,Mn hitapu widiya wardi mn godak lassanyi ____,neutral,Facebook
C1500,Muslim un serame illanne weneme munta weneme onnam yamallako arabiyeta yanne munge hamedeyakme wenemenak mun mune maguletade me lankawe jivath wenne kalekanniyo mun 😡 👎,hate,Facebook
C1501,Lankawe nine ponnayo mokada ganuratayawala hambakaran kana ponna ralak inne eahaw rate munta monawa karanna barida 💢,hate,Facebook
C1502,Anemanda bn munuth,neutral,Facebook
C1503,RAJITHA LAT KATA GHING GU KAPAN PONNAYA,hate,Facebook
C1504,WiFi iwarai piumi oya ikamnata nirodayana wennako puke hila loku hinda karagaththa weda thama Owað¤£ yannam darling 😒,offensive,Facebook
C1505,Hoda wada para ballata ganekawo tekat ganna one attadanhuwata balliyot rata kawa 👎,hate,Facebook
C1506,Gota ubatath lajjawak kiyala deyak nahneh ban,offensive,Facebook
C1507,Chula...ana gas kapanawa.udogoshanaya.karana yana nadda,neutral,Facebook
C1508,Den saneepada 🌸,neutral,Facebook
C1509,Menna niyama naayakayek . Oba wagey aya thamai apey ratata watinne. Api obata hisa namaa aachaara karanawa ! Dhirgayusha wewa ! ! 👍,neutral,Facebook
C1510,69 deng nm sanipata innawa athi,neutral,Facebook
C1511,"Oy Indian karayoi,suddoi,thambilai, okkma apita eda indan keliye kumanthrana walinma thamai.mathawaladith ehemai,yudda waladith ehemai,deshapalanedith ehemai.kondak nathi napunsaka hatha. 💢",hate,Facebook
C1512,Ammooooooo haminenawa me patta wesi,hate,Facebook
C1513,Darshana Dharshana Fernando monahari kiyanna ____,neutral,Facebook
C1514,Gaatha kiyanakotath Tin Tin mathak wenawalu.,neutral,Facebook
C1515,Gota gon ballage amma mathak wenawa me rata apita inna nathi karata,hate,Facebook
C1516,Ganunta wala kapana weesa ganu,offensive,Facebook
C1517,KG gahala. Kolla enne hadee.. me loke wenna baaa 😊,neutral,Facebook
C1518,Ane pau bang naamal rajapaksh ekka dawasak budhiya kaththanam vinadi 10n gedara,offensive,Facebook
C1519,Me hutta monawsda me kiyanne .ponna ranila,hate,Facebook
C1520,oya gayan ara ballit ekka huratal wenawa kawada hari okunta owa pala wipaka labei hena hahanna one wahi nati hena wadinna one oya jara caturikata hena gahanna one 👎,hate,Facebook
C1521,Medaapara Rata Bankoloth Karapu Kalakani Kambaa Horu Rala pohottuwe unwaAna ban ubath _______ tharam korona garagana kala dan npp ubata mthaka nadda jvp ____ ______ watA bomba gahuwa thopita sapa wanawa ______,hate,Facebook
C1522,Nodakin psttama parts gondenak sameti kiyanne lankaveth kiyanna lejjai apita am mam dubaihi sita,hate,Facebook
C1523,69 as pujakayo sinha rajayata wena aparada hu hu hu sepada sinhalaya modaya 😠,hate,Facebook
C1524,Raja sini hora. Rajapaksa Sapaya.,offensive,Facebook
C1525,Penva neda unta onema udde Ape niladarin munta mona hari unama yanva munta salkNna one ballontA vage 😑,offensive,Facebook
C1526,anunge awa hoyana ponsiyo meka balapalla,offensive,Facebook
C1527,Ahinsaka minissunta baninna epa e minissunta monawa Hari deyak dipu nisa eminissu Enna aththe pau e ahinsaka minissu.,neutral,Facebook
C1528,Buddhagamata niggrhakarana unwa galghala karanna one 👎,hate,Facebook
C1529,Oya apathaya thoge gabura lide bahala rata nagannawa athi oya lida haruwe athulatath wada joniya joniya oke bottu padda anthimata manda buddikayek dunna 👎,hate,Facebook
C1530,Me antuwa ponnayo inne sinhalayani kapuwoth eka let jathibeda athahara ekathuwenna mechchara Kal API bayanathiwa ekata hitiya,hate,Facebook
C1531,"Kiyanna wachana na supiri sir ð¯ðªðªe padama niyameta theruna ,katapadam karan hitapuwa den tharka karala liyanna puluwan ð",neutral,Facebook
C1532,Chalaka Lakshan ________ hitha hada gnn welawak oyth ohm kynw nd..________ ✨,neutral,Facebook
C1533,Kollo dennata uganna ganna...oya edata dinum...hodin lassanata jeewath wenna..,neutral,Facebook
C1534,Maha kalakanni balloððð,hate,Facebook
C1535,Hitapu widiya nemei wadagath wenne dn inne widiya __,neutral,Facebook
C1536,Gayanta. Kohoma. Ennawada. Manda. Ara. Daruwo. Natuwa 😊,neutral,Facebook
C1537,Pakaaas saali ammata huka gannathiwa hitu ura,offensive,Facebook
C1538,dan inna ballanta kisima uwamanawak na tharagayak dinanna sellam karanna 💢,hate,Facebook
C1539,unp jvp ponna keriyo 🤬,hate,Facebook
C1540,Hammo loku deyak wahi deyyo__ 👍 🙂,neutral,Facebook
C1541,Duwata bandalÃ¡ dunnanam hondai neada aachchiye oyita vediya hondai putha gaththanam para geani,hate,Facebook
C1542,Me kalakanni belliyanta knna node thiynna ona.,hate,Facebook
C1543,"Pau kara kalakannima hetikaraya , pallma pall hora awastawadi musalayo . 🤬",hate,Facebook
C1544,GTA KNIGHT WA GAMUKO,neutral,Facebook
C1545,Mun okma hinda lnkawe cricket iwari idkin,offensive,Facebook
C1546,Bf knkut nee yku owa tiya ____ 🙂,neutral,Facebook
C1547,Ballo 😊,neutral,Facebook
C1548,KARI WESIYO THOPI,hate,Facebook
C1549,Lagga nathi vesi dsamitha thoge duwanam hadi oka,hate,Facebook
C1550,hesitha pakayooo<br />yako thota katha karanna danne naha<br />tho maha loku pakayek 😒,offensive,Facebook
C1551,Obathumata apita therena tika me anduwe inna mahaekage indala pahalata wagakeemak daranne naha.kalakanni mongala ranila sajith saha buddasasana kiyana ponna amathiya deshadrohinge chandanisa sinhalaya golukaranawa.,hate,Facebook
C1552,Boru ne liyanna 🌸,neutral,Facebook
C1553,polawa palagana yanna hithenawa yako me wa dekala thu nodaking,hate,Facebook
C1554,kanne nathiwa marila palayau thopi 😠,hate,Facebook
C1555,SAKKILI BALLO,offensive,Facebook
C1556,Okunta kiyanna deyak na bn pakaalatað,offensive,Facebook
C1557,ranil ubala thmai whotto ape hiina kawe,offensive,Facebook
C1558,Hadapu ekata hadanne therilath na. Meka galawana ekata galawanna therenneth na,neutral,Facebook
C1559,#Podimahinda playn httpta ynda. 👍,neutral,Facebook
C1560,Api piligannawa pahu gia aanduwe asamandakama hinda tama aprel prahara sidda une kiala et den tianne presne ei egollanta tama danduwam dunne ne kianeka tama ❤️ 😊,neutral,Facebook
C1561,Muslem.anthawade.ballo.own.pawupetn.maranta.one 👎,hate,Facebook
C1562,kalakanni belli ahinsaka kollekwa mara gaththu...boru kibul kadulu patta wesige,hate,Facebook
C1563,ane yako lamai nevi hadapan duwata lamayek 😒,offensive,Facebook
C1564,Uba kawada hari mata ahu unoth yakada kambiyak unu karala aekata uda ubawa waadi karawanawa kari wesi,hate,Facebook
C1565,Adooo thota kellek hitiyema nadda a samithooo botath minihek hitiye nadda thuuuuu nodakin,offensive,Facebook
C1566,API hithagena inna kauru baleta awath mamanam hithanne rate minissunta hodak wei kiyala 🌸,neutral,Facebook
C1567,"Munge widihata api inna dunne, munne pettaka inna anik minissu e widihata ne kiyala ahinsaka minissu meruwe, kuranaye ewage igenweem tiyenm api mokatada tawat sadda netuwa inne,",offensive,Facebook
C1568,"Ane dan thama ashaven balanne .kathava venaskaranna epa. Mokada api maga nohara balana,ape janappriyama kathavamekai. Ane enisa shinavai ,minoli missta thavath karadara vidana vidiyata nam kathava hadanna epa.apata balanna epa vei. Asaven blanna thavath lassanata hadanna .katahavaivara venakam api bali. 😊",neutral,Facebook
C1569,Gotabe Americaven avith chande 👍,neutral,Facebook
C1570,Pala Pako yanna,hate,Facebook
C1571,Ratte enna hadena ganu daryo nomaga yanne ubala nisa ð 🙄,offensive,Facebook
C1572,Mehemath kuppa ratakð,offensive,Facebook
C1573,CHUTE BABAY HADALA 5 DENAMA SATHUTEN ENNA GOD BLESS YOU ALL,neutral,Facebook
C1574,1499 pakge eka active karala eke 60gb walin passe 1mb enne na aduma 100kb wath enne na.mekata wisadumak denna.nimal speed eka 3mb walin thiyenawa 🙂,neutral,Facebook
C1575,Elaaaa,neutral,Facebook
C1576,"sri lankawe models la na, ahempitimma inne monawath karaganna deayak nathuwa jiwithe gon badu model vimai",hate,Facebook
C1577,Jathiwadiyað ðð»,neutral,Facebook
C1578,Ade ow ne bn.sirawatama 👍,neutral,Facebook
C1579,Mmmmm mru mru ðð,neutral,Facebook
C1580,Gon.hambaya.thoo.baba,hate,Facebook
C1581,Loku miyo kata athulatama dagannakota okun kisi saddayak nathuwa athi.boru pada sho 😒,offensive,Facebook
C1582,Meka ganna ona nam wadhagath widiyata ganna thibba. Chuuula mokada ara dagalanne ara tharam.,neutral,Facebook
C1583,Naaki koti set eka,offensive,Facebook
C1584,Aiye podi prashnayak thiyenawa mata oyage whatsapp number ekata dannada eka 👍 🙂,neutral,Facebook
C1585,Ade badama thattuwakda me ____________,neutral,Facebook
C1586,Unp ponnayo thopi hadigavilama palayan ballo,hate,Facebook
C1587,Islam allan thopi boomba gahala aurudu 4k na iyeta,hate,Facebook
C1588,Sawamin wahanse wenam chande ellan.gobbayo gawaganne nathuwaððð,offensive,Facebook
C1589,Maako nam supiri bulat ekak ah _,neutral,Facebook
C1590,Ane palayan ban yanna.. thope pawula pitin palliye bawusthisma wela sudu andan baila gajanna epa yakoo.. puluwanm prasiddiye kiyapan umbage daruwa 100% bawudda kiyla,hate,Facebook
C1591,hora wesige putthu paulama akai.. ko okunta naduu,hate,Facebook
C1592,Mageth ehe dosayak wage______ 🌸,neutral,Facebook
C1593,Gindarane ban.. mokada mekata report gahapu kuhakaya 🌸,neutral,Facebook
C1594,Pottuwenam ithin gonek mee harakekma thamay ithin,hate,Facebook
C1595,Diploma in psychology wenna ona advertisement eke.dnne ne hriyata,neutral,Facebook
C1596,Me serama hadanne me ratata adareta newei balayata mudalata pagawal ganna..rate keli wikunanna.rata winasa karanna...ratak nethi karanna.hadanne,neutral,Facebook
C1597,Ape hAmuduruwane jande ilanne API bawdda kiyala jande dinnata passe slam munge hitha kiyanna baha ape rata beraganna ona molen thama pirimi Hari kammali kondak Naha lajjai ape ratagana 🙂,neutral,Facebook
C1598,Arunkanth mahaththayo. Oya kristhiyani pakayala kavada hari oyalage hindu ayath kristhiyani karanava.kavadahari demala kristhiyane vei.pulleyar sami nathivenava.,hate,Facebook
C1599,thopi mariyaw desa paluwoooo.ratama iwarai.. 😡,hate,Facebook
C1600,rajapaksala paul pitin awurudu samaranawa api mehe marenawa____,offensive,Facebook
C1601,Nodakin pin bathaaa....ethakota thajudeen laaa...? 😤,offensive,Facebook
C1602,Amu Gon baiyoeee.....,hate,Facebook
C1603,Kawda yako thriposha packet ekata ganja daapu paaharaya ððð,offensive,Facebook
C1604,ea gaththu ewa unge genuta i hora genuntai hora amathi ballantath oennama denna aiye ea pakeyanta baya nowi,hate,Facebook
C1605,Baya. Wnna apa oyata kolu petaw.. Dennek inne ❤️ 🙂,neutral,Facebook
C1606,Ewa kal yai 🙏,neutral,Facebook
C1607,Illa as unama harida? Ethakota horakan karapauwa. 👍,neutral,Facebook
C1608,api ahala thiyena widihata jvp haththa rata 88 89 rata gini thibba tharuna tharuniyo maruwa rate sampath gini thibba... hoda nayako maruwa... Dan enawa rata hadanna,offensive,Facebook
C1609,Aka tamai okiga lokukama mahindaga rasna,offensive,Facebook
C1610,Oy kahaganne samanallu,offensive,Facebook
C1611,Lebrador nam ehemama thamai,neutral,Facebook
C1612,Ape scl eke namath kanawa gotha hutta.isipathane kiyala kiyanna ba ponnaya 😠,hate,Facebook
C1613,Badu illana taru samaga back side,offensive,Facebook
C1614,Bolu kiyala mata puludh ne mn kiynneth ne e mage hati ✨,neutral,Facebook
C1615,Pirimi ganikaawa 😤,offensive,Facebook
C1616,Lesi wenne ne target eka,neutral,Facebook
C1617,Pada show,offensive,Facebook
C1618,Ganikawo tika eka thenakata set wela. ganika wedding ekakata 😤,offensive,Facebook
C1619,"Muu kata krna hati ,,,,plyn tho ragapanna....ponnaya.",hate,Facebook
C1620,Me thiyana film tike nam tika kiynnko,neutral,Facebook
C1621,Nodaki mun mokkuda ma thamga gani wana akak akka miniya thawa akak akka jivithata dakkami ma waga wedding akak,offensive,Facebook
C1622,Ahamawath hita had a gnilla awa awa gota awa kiyala apinamai kiyana17 wanidata googal baluma,neutral,Facebook
C1623,Ara Police lokkath rugby gahapu ekek mama hithanne,neutral,Facebook
C1624,Aadarei bosa â¤ï¸,neutral,Facebook
C1625,yako filty thota maha awajathakayek. balapan umba anunge wedding ekaka anwashya widiyata bride wa kiss karana heti... meka lankawa yako... apita sanskruthiyak thiyenawa.,offensive,Facebook
C1626,Mokada une kaud dinne,neutral,Facebook
C1627,Unp ponnayo tawath hambainta pukadenawa .ponna ranil thoge ammata hukapan keri ponnayo .thopi wagakiyapiyau me jeevita walata . 👎,hate,Facebook
C1628,Moosalaya,offensive,Facebook
C1629,"Derana hiru sirasa chanel kawruth mey vedio eka news walata dammada?media th unta orna ewa thamai darnne,meyka kichchara honda pahadeli kereemakda?",neutral,Facebook
C1630,Rahau fakimge Galbani gani uge wennati kata wahapya topi boru kiyane ballaððð 🤬,hate,Facebook
C1631,Thambi heththa elawala danna one ape ratin okkoma,offensive,Facebook
C1632,Pare higa kanna one thopi wage wesa humthiyo yakoooo 😑,offensive,Facebook
C1633,Neddakin witharak....ð¡ð¡ð¡ð¡,hate,Facebook
C1634,Arjunna .aewith.krikat hadanna.oba.ratata.sewaya.kalaheki.kalayuthu.kenek.obata.suba.pethum.,neutral,Facebook
C1635,Danushka gunathilaka gana ahapan komath mendis gana un danne naa..__ 🙂,neutral,Facebook
C1636,Dura balanna nha kamaya malle 🌸,neutral,Facebook
C1637,Uba potta sudu unata hutta wate kalui neda 😠,hate,Facebook
C1638,Budu saranai,neutral,Facebook
C1639,Ada idan rate mokak hari asadaranayak unama api police newe kiyanne chamudithata tamai kiyanne ðee ta passe policeyata eya hodata kiyai. Mehema aya tamai rate inna ona,neutral,Facebook
C1640,Ane ponnayo thopita pewethmak nehe rajapakshala mada gahana aka nethiwa enna behe,hate,Facebook
C1641,Cri ponnyð,offensive,Facebook
C1642,Dan ethakota api kiyana ganata ganna ona..,neutral,Facebook
C1643,Aner uber ammata ukahan podi maina.. à¶¢à·à¶­à·à¶ à¶¸à·à¶­à·à·à¶»à¶«à·à¶§ à¶à·à·à·à¶½à·à¶½à· à¶´à·à¶ à¶¯à·à¶ºà¶±à· à¶¶à·à·à·à¶à¶º...à¶­à· à¶à·à¶­ à¶à·rià¶ºà·.. 🌸 🌸,neutral,Facebook
C1644,Campus unwa nathi kra ilagata teacherslawa nathi kra dn scl lamai,neutral,Facebook
C1645,Mata me malliwa sambanda karanna puluwanda 0757336698 🙏 ❤️,neutral,Facebook
C1646,Thpoe lamaintath ekka hena gahanna one 💢,hate,Facebook
C1647,Demllu marpiywu wal heththa 😒,offensive,Facebook
C1648,Ewasanna oya.. nabithumath ewasuwa ... oyath ewasann,neutral,Facebook
C1649,mariyan thooooo sapayk ammp ratata.Wesiyek mekinam 💢 😠,hate,Facebook
C1650,Api thama hodatama kare,neutral,Facebook
C1651,me ponna aanduwa thawa awrudu 3 bayawenna EPA gematama set weyan ðððððð¤ð¤ð¤â¥ï¸,hate,Facebook
C1652,Horu saga heluwen,neutral,Facebook
C1653,Mea Mokada Aneð ❤️,neutral,Facebook
C1654,Thoge mune hati kalakanni rata kawa 🤬,hate,Facebook
C1655,Para geniyek me wesinam,hate,Facebook
C1656,Carri ponnaya ashad muma kiyanwa buddayo muta innawa kiyala ahama inwaname un shinhala buddayo nawi 😡,hate,Facebook
C1657,Wadha koththuwak ehema tibune nadda lokka..ðð 😒,offensive,Facebook
C1658,...attma pattai aiye...supiriytma wade karala tinawa.... niymatema hoda kolitiyak tinwa... 🙂 🙂,neutral,Facebook
C1659,Ammai puthai vage 🙂,neutral,Facebook
C1660,Mukkuda oya maddiya wediyoo un dakke nadda hitapu senagaa...m 🙄,offensive,Facebook
C1661,Deergayu vehva adharaneeya oba samata chiran jayathu budhu saranai dhevipihitai,neutral,Facebook
C1662,Higaa kapn mahinda rajapaksa,offensive,Facebook
C1663,2048 land karanne,neutral,Facebook
C1664,udalata wada a kella.lassan nisada balu weda karanna epa yako..kaida ara kalu balli..yako uddayak dinala.wagd para haththa 🤬,hate,Facebook
C1665,Budusaranayi,neutral,Facebook
C1666,Yako aurudu gaanak kiyanne meki ade chuu karana kaale idalama kolloth ekka set unaada..du mehema nam amma kohoma athida... 🙄,offensive,Facebook
C1667,topa atullanna ona Kari wallin nawenna ubala ape ge laga hitiye nane..ane a ada wane,hate,Facebook
C1668,Tisara athi gadara.palyan.bola..akkak.gahnawa.20.paradinawa.,hate,Facebook
C1669,Balu vada,offensive,Facebook
C1670,E lamimge mulu vinodema kewa um salli deel trip evill tyenne unge bag check krnn denn____ 👍,neutral,Facebook
C1671,Balli buruwath ekai balan hitiyath ekai. 🙄,offensive,Facebook
C1672,Moda mongole sl miniha. Mokada u muladi boru karala nameda. Kella rawatuna duradega geya badala keyala dana gatta kella randu keruwa... puwe podi kella matanam saki a miniyahage ganiwa me maraneta mokada me ganitath ona une me kalla adara katawa nawattaganna matanam hrema saki... 🙏,neutral,Facebook
C1673,api dannawa ban meka fillt gei aran gon gaanigei sinduwak release karanna hadanne kiyala 🤬,hate,Facebook
C1674,Gihin puka deepang kari gon badu wesi ube ammata hukawanawa kari wesi ara malli ice gahala inne ubath hodatma gahala inne ube adiyawa daapan ubata diwa daan unta kari gon wesi ubalata lamai innawanM lamai balagena geadrata wela hitapanko ubala lankawata wadak nathi un mama oya bus eke driver unanam gihilla happanawa kohe hari bus eka kari gon badu wesi piumi hansamali ubath ekka inna un okkoma badu wesiyo ubata mona huthakda saadarana gihilla puka deepan kari gon wesi maradana paalama yata,hate,Facebook
C1675,unge ammage kiyala thamai kiyanna thiyenne,offensive,Facebook
C1676,adin passe tho iwarai 😒,offensive,Facebook
C1677,Manna.niyama.damala.minihak.ratata.adaraya.ati.minihak.gaatingasamagiya.ganahitanaminisun.hari.adambarai.hari.dakmak.tiyana.kanak,neutral,Facebook
C1678,"Ane ithin methumalage kattiya, kanawa hoda kemak.....horungeth horu, kanba horu",offensive,Facebook
C1679,Horu team aka satwela,neutral,Facebook
C1680,Nodakin naki badu ganja gahala lankawa jarawak wela jara ganu nisa.. Issr aththanmala kochara siriyawada . dan 60 panapu attanmala amu heluwen natanawa.. Kello hadagnda ba me naki balliyo nisa... Sanwara nathi ganu. 🤬,hate,Facebook
C1681,Kawadada me karuma kathawa iwara wenne fb eke dakinakotat kenti yanawa 🙂,neutral,Facebook
C1682,Aravinda Senarath nidaganna edat ati oya redi tiyanna ____ ❤️,neutral,Facebook
C1683,Laksiri Wijenayaka oba tumata duka hithila Waga. Hodata ma allala tiyanawa pauw,neutral,Facebook
C1684,"PITARATAWALA INNA MEE AYAGEE TH MAANASIKATHWAYA OHOMA A THAMAI.... APEE UN BEEDA BINNA WENAWA, AND SECURE APP YOU TUBE CHANNEL THIYENA AWAJAATHAKA BALLO NAAYAKATHWAYA FAIL LU... FAIL HINDA THAMAI MEEWA SUDDA KARANNE... NODAKIN SIHALUNI THOPITA BADA PALENNA KARANNA WITHARADA OONI??<br>PEENAWA NEEDA???",offensive,Facebook
C1685,ane muwa marala danna barida katawath kari balla rata kanwa 😠,hate,Facebook
C1686,E dwas wala adare kraddi kalin birida hodaii... dan tma waradii... paw .. momawa unat eyat gahaniyak.. ayawat mathak kla nam thama hoda.. mokada aurudu 10 ka darwek labennet nikan nemeii oyage kalin birida ekka adaren hitapu kale labune.. paw e gahaniya..,neutral,Facebook
C1687,Daruwek enna amma kenrk enna hti tu nodakin,offensive,Facebook
C1688,"kuhaka jathiyata kawadawath hoda de denna ba,un wenasa karala danawa owa, 🙄",offensive,Facebook
C1689,Okata henama gahai arakitath ekkama.,offensive,Facebook
C1690,Ado tho palayan muslim ratakata....meka ape bautha ratak neethiya okkomatama akai..........aka rate neethi dekak naha................ 🤬,hate,Facebook
C1691,Mea kathawa tharam epa karapu kathawak na .,neutral,Facebook
C1692,Oba.thumata thaeranadae ape karey janadey ponna ranilta.thaeran Nha.munta.hana.ganda.ona.ahinsaka.minissunta.karana.awata.hena.ghanda.ona 🤬,hate,Facebook
C1693,owa mha ktha wada appiriyaii munge wada,offensive,Facebook
C1694,Api chandey dunney obawahanseta,neutral,Facebook
C1695,Ayeth gahapan bomba thopita raja karanna. Hena gahanna ona thopita,hate,Facebook
C1696,Adaws walm barii unanii mee thambi tikae dem hathae aka param ewaryk krnn.. 👎 🤬,hate,Facebook
C1697,Gonjata kela uneth me wesi nisa thmai.dem bath ekak ehma beda gena plyn ghn back side eka ilaganin 😡 👎,hate,Facebook
C1698,Ubalata hena hathama wadiyan...__,offensive,Facebook
C1699,Math hoynva lks70 vithara awrudu 30 vithara patta gahapu caravan ekak __,neutral,Facebook
C1700,Nadakin oya gon ranjawa gennawe ai yako thopita lajja nadda,hate,Facebook
C1701,Meke comment dakkahama terena akama de..tamat desapaluwanta kade yana..wahallu bara gaaanak ennawa kiyana ekai ❤️,neutral,Facebook
C1702,Awajathaka heththa.....munta chande dena apitama thama gaha ganna oni.....,offensive,Facebook
C1703,"Lassana voice ekak thiyena,eh wagema lassana roopa rachanawak thiyena meh wage dewal thamai api hamoma age karanne one....harsha withanage kiyanne danata lankawen bihiunu ragadhari shayiliyen,rock shayiliyen goda nagunu best artist kenek........",neutral,Facebook
C1704,ane hkpn ð,offensive,Facebook
C1705,Slankawa budunge desayai topi okkoma jiwath wenne sinhalayanta pin sidda wenna budunge ratee balu antha wado hethi karee 💢 🤬,hate,Facebook
C1706,Ara kaushi wesa haththa hithan inna akita witharai tanak thiyanna kiya wena gahnunta nathi widiyata mun wage vesa badu aa lankawe anith ghanun eliya dagana inna,offensive,Facebook
C1707,Madu Shani man nam banum ahalama na,neutral,Facebook
C1708,"Okige oluve otunna galevvata kulappu una neda kattiyak, lankave namath kanava me balliyo",hate,Facebook
C1709,Hena gahapan okunta lankawa cup eka dinalamai okunta padamak ugannanna ona thank you ikka apiwa denuwath karata,hate,Facebook
C1710,Lajjawak nathi kari desapalannyo 😡 🤬,hate,Facebook
C1711,Ape rata palanaya karapu balli okkoma kare ape sinhala bauddayat arapu aeke oba wahansela natthan anith jathikayan sinhalayage puketh arala 🤬 💢,hate,Facebook
C1712,Chamudithah nikang chathuraya wage jathiwade awssannamai hadanne gothaya,offensive,Facebook
C1713,Kauda bolamee himepano kadenalta kadenal kiyapallako 🙂,neutral,Facebook
C1714,Kotawala jathin athara mehenath post danawa neda 🙏,neutral,Facebook
C1715,Ai hemadaama dc venne peya thunak indala ð¢ð¢ð¢,neutral,Facebook
C1716,Koo nanee bn live,neutral,Facebook
C1717,Mona huthakda bn Meeððð 😡 😠,hate,Facebook
C1718,Mewa trending enna one ewa newe. Mun waradie.badu huththi,hate,Facebook
C1719,Mewa maha Balu wada choola awith Ara crown eka galawana widiya mara sauththui,offensive,Facebook
C1720,Muge oluwa idimila<br />Okawa ohoma uda<br />Thiyanna epa ahinsaka <br />Muslim war unath karana <br />Apahasayak me miniha<br />Rata palanaya karanawada 💢,hate,Facebook
C1721,Chandraleka Balaya ta genena kawudha udhaw Kare. Apidha? Ane kawuruth Ekai boru karayo. Jeppo,offensive,Facebook
C1722,Gahapu brand eka kiyapan.. plz,neutral,Facebook
C1723,Maha papekin dewiyan oyawa beragaththa kiyala hithala podi lamai ekka sathutin inna .,neutral,Facebook
C1724,Ahuwenna epa okun patta horu.api naya gewuwata passe ayith masekin call karala tharjanaya karanawa salli dapan kiyala gaththa aya baya wenna epa dan parikshna patan aran thiyenne.owa karanne chine pakeklu.ganna epa machanla marunath.mamath katta kawa.,neutral,Facebook
C1725,Aiyooo paw,neutral,Facebook
C1726,Hari bn ela ðð,neutral,Facebook
C1727,Karolin Kare ballowath karannathi balu wadak,offensive,Facebook
C1728,Pohottuwa pas wewa,offensive,Facebook
C1729,Moda hukanna 😤,offensive,Facebook
C1730,"cup eka gednna ona ownta final rewenna gahala, loke inna baluma jathiyak thamai Indian kiyanne 😒",offensive,Facebook
C1731,raj pakayata hena hatha gahapan kiyala hithana eun me comment ekata like karanda 🤬,hate,Facebook
C1732,Torch ð¦ ekak allagena ra mada mekita pissu wesi,hate,Facebook
C1733,Kirula galwaddi iwasal idapu ekamkochchar deyakda.mata ehema kara nam.guti kala yanne dennam.nodaku kunu hutthiyo.ganiyekt ganiyek irisiya karann epa.anunt irisiya karann eke vipak ubala dennat labei.... 👎,hate,Facebook
C1734,tho me samajete karana aparadeta tho naki unama marenne redi natuwa. Redi100ta giyath ballo heluwen.wesawi.,hate,Facebook
C1735,Gim yaneva nam kanna ona paye kiyakata kalinda..kiyala denna puluvanda ❤️,neutral,Facebook
C1736,Ade ptta athl bnðð,neutral,Facebook
C1737,Oyage mattaiya ponnaiya,hate,Facebook
C1738,Kari basil uhge duwata denna athi salli 5000 k dunne nh hora basil wesika putha okata nam cancer ekak hadila marenna oneh 👎,hate,Facebook
C1739,Niwan suwa http okkotma,offensive,Facebook
C1740,Maha kalakanni okunta parajaya baraganna bað ð ð ð,hate,Facebook
C1741,Ane ponna sajith toge anduwa karapu awa dega arinna tamai dan ape anduwa mahansi wanna ponnayo 🤬,hate,Facebook
C1742,Iyyyaaaaa yakooooo..Appiriyaiiii...thu nodakin pakai 😑,offensive,Facebook
C1743,Ane manda mu anagaththa,neutral,Facebook
C1744,Ko nahane 🌸 🌸,neutral,Facebook
C1745,Me kattiya okkogema katata vaccine eka gahuwanan hari. Piyumi hansamalita katata vaccine 5 wath Gahanna one. Mara athal ekak denne kattiya. Pati roll 😊,neutral,Facebook
C1746,Ane wena kenekge deyak uduragena wage aragena katawak karanna me ganita lajja nadda attata harima hirikitai 😒,offensive,Facebook
C1747,ubage muna digaii,offensive,Facebook
C1748,Airport akei harbour akei baluwa nm gennana un edala alla ganna puluwan 🙏,neutral,Facebook
C1749,Ice gahalans inne kari kannadi polago uba palayan hutho 👎,hate,Facebook
C1750,Aniwarayenma ow.____ 😊,neutral,Facebook
C1751,Ela naigee,neutral,Facebook
C1752,Gon pakayek thonam ponnayoð¤£ð¤£ð¤£ð,hate,Facebook
C1753,rajapksa Ane aththata koheda mechchara kal giye ...,offensive,Facebook
C1754,Kohoma moka deagaluwath me rata allaganna bahea obathumalawage aya watinawa obathuma hindu aya deanuwath karanna 👍 ✨,neutral,Facebook
C1755,"Ballo, raja wela..",offensive,Facebook
C1756,jeppo Bara dunna horu tika ekathu wela. 😑,offensive,Facebook
C1757,"Kadinal thumage awadanaya pinisa,",neutral,Facebook
C1758,ane ape hamuduruwane kewata wedak ne.ape gon hetikareta.,hate,Facebook
C1759,Pakay katha nayaka... Api hithapu ratak da apata may labunay? 😒,offensive,Facebook
C1760,Oshadhi adui. Hama gahapu issek wage,offensive,Facebook
C1761,Kethai wede 😊,neutral,Facebook
C1762,Me wage vikata ponna agamathi janadipathi kathanayaka enna rataka me wage vinasa wena aka ahanna deyakda,hate,Facebook
C1763,A magulath iwarai hadigawilama Yano Onna Balapanð 🙂,neutral,Facebook
C1764,pala yanna r ss antha wadiya baudda jantha wani poddak ewasanna moo pahuwenakota hema jathiyatama kelinawa,hate,Facebook
C1765,jvp kiyannea mea ratea thiyana janathawa epa kiyapu pakshayak mun thamay mea rata winasa karana katu kana kala waddo.oya 88 89 kalea hitapu janathawa dannawa mea gollo monawada karea kiyala. jvp thopi searama makabawila palayaw thirisannu,hate,Facebook
C1766,lankawe kalakanni ekka oka adugane awruddakwat oya widiyatama thibboth hodai 💢 😡,hate,Facebook
C1767,ME AWEJATHEKA DESADDROHI AMENA SAKKILLIYANWE PRESIDDIYE <br />GAL GASA MARA DAMIYE UTHUIY,offensive,Facebook
C1768,Munta mol amaruwa ponnayoðððð,hate,Facebook
C1769,Kari ponnaya oka .ratata wina karana un balaganilla . kapati pakaya diya yatin gindara aran yanne,hate,Facebook
C1770,Ganja gahalada kheda,neutral,Facebook
C1771,Oya ballanwa maran nathuwa punuruthtapanaya karapu ekai warda,hate,Facebook
C1772,Ko yako mask?,neutral,Facebook
C1773,pooja akki wage wenna haduwata uba wage manasika rogiyekta ehema wenna ba. pooja akki katha karana vidiyata asa hithenawa katath. uba dakiddith appiriyai 😒,offensive,Facebook
C1774,Keheliya thoththa babek Oka kiyana kisima deyak wiswasa karanna epa .unta chande dena wahal haththata Gu kawanna Oni .,offensive,Facebook
C1775,Patta vesiyoo dennek aveth fuka dena vediya dekkada 🤬,hate,Facebook
C1776,Hiree inn ona minissu balaya nisa nidhse innvð¤,neutral,Facebook
C1777,Fttta 😊,neutral,Facebook
C1778,munta puluvanda rata hadanna gahanna oni bombayak ivarayak venna,offensive,Facebook
C1779,Camera karapu aka tama hodatama kre ____ ❤️,neutral,Facebook
C1780,Malinga mathak una.._,neutral,Facebook
C1781,Hodawade ballata,hate,Facebook
C1782,Tho mona yukthiyak sadaranaya da katha karanne peni sitinne. Sinhala cinemawata apakeerthiyak nokara wesakam karagena gitqpiya gon wesiye. Eeka rhamai thota obina rakiyawa,hate,Facebook
C1783,"Mona unath karapu wade maha balu wadak, echcharayi, kucheethayi, pajathayi",offensive,Facebook
C1784,Koheth eka wagene bn ammo Oka thawath rasawath bila awama 🙂,neutral,Facebook
C1785,Bella ko...Den e Drama ekath Iwarai...ð 🙏,neutral,Facebook
C1786,Anduwa wagakiyanda ona ð,neutral,Facebook
C1787,Piccu whotta ð 😑 😒,offensive,Facebook
C1788,Podi minihek jeewathwenna gahakin gediyak kadan kewath hire dana me wage kalakanni podu depala winasa karanakota balan inna pake niwata asikkitha ratak lankawa..thu nodakin..,hate,Facebook
C1789,APPACHI â¤â¤ ✨,neutral,Facebook
C1790,Ado muta like _______ na ne bn wambotta__________ kutti arachchiya,offensive,Facebook
C1791,Munge bailawelata rewatenna epa mun arunta hapan npp eke in,offensive,Facebook
C1792,Rajapaksa weddo hora ballo.,offensive,Facebook
C1793,Kohila katu ekka denna ona,neutral,Facebook
C1794,Oyawidiyata Lankawe set ekata final gahanna eddi Lanka team ekata korona kiyaida dannena oun.. Indeawa ea tharam badu..,offensive,Facebook
C1795,Ana hutto saudiyata pala to 😠,hate,Facebook
C1796,Mahinda merune nedda tama ð¤ð¤ð¤,offensive,Facebook
C1797,Oya kathanayaka ballawai ranilai gon maeththiri pabayai unta oya bomma gehuwanam rata ta hodawenawa ahinsaka minissu maranawata okun merila giyanam ratata hodak wenawa 😡 💢,hate,Facebook
C1798,Demallu yaha palaneta kamati me wage ballo allannane,hate,Facebook
C1799,Matath join wenna puluwandha mage ratharam,neutral,Facebook
C1800,Amooo adareI godak ... 😊,neutral,Facebook
C1801,Lamai 3k thathila 3n denekge hapoi mewesa geni ratama kanawa,offensive,Facebook
C1802,Me anduwatanam kade yanna epa attha katha karanna,neutral,Facebook
C1803,yako hasitha danaganin meka jana walin hata ganne. para wesige ge putha 💢 💢,hate,Facebook
C1804,Dan thamai wade neee ____________ 🌸,neutral,Facebook
C1805,Mawila penawa ______,neutral,Facebook
C1806,Puduma kasillak munta thiyenne 🙄,offensive,Facebook
C1807,Athakota Hama Anduwakma Kudugenna Anubaladenawa.,offensive,Facebook
C1808,Mahinda wesige putha.Mahindage gani appa wesi amma wesi thatha nayakaraya 😡,hate,Facebook
C1809,mahalu madama wage iyaaa labu bahapu naki hatta ð¤®,hate,Facebook
C1810,J v p kuhaka gonatal 😠,hate,Facebook
C1811,Namal Rajapaksa ____ U.K Sumith Udukumbura ublege lokka horek neh bn ______,offensive,Facebook
C1812,Goda giya ekek nam ahala na hamoma salli gewala register wela magin atha arapu aya ____ 😊 ❤️,neutral,Facebook
C1813,Make vinadi 5 Thami hodama tika aurudu 25 kadauree hitiyalu muta mechchhara salli kohenda me aurudu 11ta 👍,neutral,Facebook
C1814,Naduwa ahpu ekata sapavewa..,offensive,Facebook
C1815,kaalakanni hattha Rata vinasai,offensive,Facebook
C1816,wesa balliyek,offensive,Facebook
C1817,Ekha thamai post akak wath dakke naththe ____,neutral,Facebook
C1818,Ane Ranil nakiyo umbata sathutu athi. Umba Batalanda rajane. Umba adath mini le bala bala sathutu una. Umba ada katha karanne Hi the sathutu. Mu baila kiyanne. Monawada me wal booruwa kiyawanne? GooNP wal sakkilinta hari sathutui. 💢,hate,Facebook
C1819,Nodakin witharak me wage Kello dakalama nane ððð,hate,Facebook
C1820,Malli carnt neni,neutral,Facebook
C1821,Apita upades epa oyage ayata kiyanna ahema karanna epa kiyala.ai apita kiyanne.ape kollo ewasana nisa tama oluwata atha hodanne.,neutral,Facebook
C1822,Chamuditha watti amma wagene...yako pirimiyek wage prashna ahapanko..demallu padi gatta wage katha karanne.. 😒,offensive,Facebook
C1823,Apagathawewa,neutral,Facebook
C1824,Ratakhma mokatada okata kelinna sakachcawa pathtaka tiyala okata kelapiyau 😑,offensive,Facebook
C1825,Kalyana mithra sampatthiya,neutral,Facebook
C1826,Rajapassala wadakaranna bari jathiyak....__,offensive,Facebook
C1827,Budu ammoo senagað ❤️,neutral,Facebook
C1828,Chuula thotath hodak wenn epa.,offensive,Facebook
C1829,Appa janadipathi unama pahara putha wanachara kame.hati vitharak namala hamathanama ganu gaththa.saththuma thamai.,hate,Facebook
C1830,Puduma widiyta baya wela innee...ubla mi harak unta api mi hrak nemei.eththa mokk unath geheniyak thwath geheniykta oya wagee weda krnne nee. 💢,hate,Facebook
C1831,Hodai ath Wellampitiya welewatta area akata signal 4G signal adui,neutral,Facebook
C1832,Own desapla karna hadnwa gon karyoo,hate,Facebook
C1833,Moda wsige putha panna rata Gota thoge munapurantat ekka hena ghpiya,hate,Facebook
C1834,Ane hutta atulata miris guliyak danna tiyenan 😤,offensive,Facebook
C1835,Wesige kate hati 👎,hate,Facebook
C1836,90 ganan wala hadpuwa aspa ganan walata gann unta ohoma tama wenne__ 🌸,neutral,Facebook
C1837,Eyalata hodai nm apita moko bn apita rate minissunwa hadanna bane eka tama tamange kamattha 👍 🙏,neutral,Facebook
C1838,Anne Kurului Abhiman ui Akathu wenawanm __ 🙏,neutral,Facebook
C1839,Meka maru athal ratak habai ____ 😊,neutral,Facebook
C1840,Ane thoge appat hukpan wesige gani 😠,hate,Facebook
C1841,Aniwa lankawa gahanawa ❤️,neutral,Facebook
C1842,Babala tika,neutral,Facebook
C1843,Ane matanm balann ba ______ mata aduna hodatama____ pluwan nm gedara aran ❤️ ✨,neutral,Facebook
C1844,Gayanla vage ponnyo Hari yanne Hari Haman konda pana thiyena vadgath pirimiyek lagata yanna Bari chathurika vage patta vesiyanva.oya vadagath ganunta nevei akke.oyage jivithe loku vardimak karumyak galvila giya kiyla hitha hdagnna akke.,hate,Facebook
C1845,Jackson ge seen eka wena ekek ne kiwwe,neutral,Facebook
C1846,Mona magula karath wedak na final eken ð±ð° kanawa indian kaaraya,neutral,Facebook
C1847,Tho loku ponek 😒,offensive,Facebook
C1848,Kalakaine paulak mun okkoma 😤,offensive,Facebook
C1849,Nodakin kalakaniyo ratama kanaws wesa badu,offensive,Facebook
C1850,Hiii piumi akki paw ane oya .pirimi pirimi widiht hitiynm iwaraine .akki jeewath wenne eyt hoda widihata .eyt prshnyk nettam apita kohomath prshnyk nane.akki oyge number eka dennakoo plz 🙂,neutral,Facebook
C1851,Anura.oba.hari.borukayk.,offensive,Facebook
C1852,Hora haththa minimarim patan gaththada hathikare.,offensive,Facebook
C1853,Tu nodakin wasiyo,offensive,Facebook
C1854,Me nam..sakkili awalam. idakin munwa marala danna oni,offensive,Facebook
C1855,Mewa hemotama pihitanne ekai minissu kuhaka__,neutral,Facebook
C1856,Thope thiyena paukarakamata thamai bn ehema merenne 😑,offensive,Facebook
C1857,Para balla mama hitiya nam mama yana hiraka yanna à·à·à¶¸à·à¶¶ talanawa 😠,hate,Facebook
C1858,Pissekðââï¸ð¤¦ââï¸,offensive,Facebook
C1859,"Balpan a wage ratata wadgth minussu marenawa, toi toge mha ekai wage ratata wadk nathi un marenne nanne",neutral,Facebook
C1860,"ane deyyane lankawata aba saranay, loke anith minissu lankawe genu okkoma mongal kiyala hithanawa athi me wahu kuna ragana regilla dekkama, nila messoth wahana badu maduruwo dekkama elawanna anith ayata katha karanawa,owata game kiyannebabahukkun danawa kiyalay 🙄",offensive,Facebook
C1861,"Sakkili ballo katha Kara Kara Muslim unwa eliyata danawa hina wewi kalakanni,minissu marila ballo thopi gu kapalla ohoma hina wenne..thopi marun nahane,sapa wewa ubalata",hate,Facebook
C1862,Mey booruwa pissek wage kaa gahala prashna ahala uththara denna yaddi madin panala aye uge hithe thiyena uthrayak denawa. Mokekda muð Amal Perera wage ekekwa interview karapu dawasata thamai mu aha ganne. Modayek,offensive,Facebook
C1863,Me rate tawa bera gnna tiyenne monawada...kelawela hadigwila inne...knna ne..tiyena ewa gini gnn...ledakata behet ne....gmank ynna tel ne....eka lokkanta danenne ne....duppat ewun pare marenawa ekekutawat ganak ne 225ma tolonchi wela ynne ntuwa baila ghnawa vitari..ranil oyat awurudu gnak meka klane monwada ratta kle...oyala hodatama krapuwa tmai me ahinsaka duppat minissunta vidawanna une.....dnwat ynna paw nodi,offensive,Facebook
C1864,U.N.P.gon haththata dan sathutuda.,hate,Facebook
C1865,Mewata balu postra kiyana eunta therenne nadda mewaye inne ballo kiyala.ungema aya thamayi mewata balu bostra kiyanne.,offensive,Facebook
C1866,Adeee sirawatama eee wagere ____ ✨,neutral,Facebook
C1867,Wilube iidam lewa kanawa hittha ta yana kam,offensive,Facebook
C1868,Salli malu delath ganna bari una bahuthare pissu pakayata una hadenawa u n p karayo akathu unama.,hate,Facebook
C1869,Irisiyawa thiyenne den,neutral,Facebook
C1870,Ane kagenda baba?,neutral,Facebook
C1871,oya oya jiwithe widinawa newei akke widawanawa balanna ketha oyage huuu heluwen oyage amma paw minissu eyatai baninne 😒,offensive,Facebook
C1872,Mona unat oya lassanai akkiyo.anika oyata mada gahana eun m qwat oya watenna EPA tawat nagitinna.umma akkiyo,neutral,Facebook
C1873,"Kawada hari wenne sinhala baudda kollo kello me ponnayonta erehiwa nagee inna eka edata oya hambayontai kalu suddontai duwanna wenawa habai, a",hate,Facebook
C1874,Ane playan yanna,neutral,Facebook
C1875,Janatawata atta kewata obatumata thanks ðð,neutral,Facebook
C1876,Borudanna epa yakooooo...mulu ratakma dannawa ..thamange duwatath wada Bala ekek samitha badagaththa kiyala...chik vitharak..harima pilikul,hate,Facebook
C1877,"Kelehi guna nati piyatumanla ,PASKU praharaya ta viruddawa OHOMA pelalali giyada",neutral,Facebook
C1878,Me liyume thiyenne duwek wage salakanna kiyala a kellatath ai a kellata thaththek nedda ehema unath ai duwek ekka ohoma sambandayak thiya gaththe mama nm kiyanne dennama waradi dn Mata hinenuth penwa oluwa nathi mala mini mage passen elawanwa wage ðª,neutral,Facebook
C1879,Yasay kalkm pala denawa rajapaksalata,hate,Facebook
C1880,Ane pau thamai.mulu lama samajayatama jeejai. 🙏 🙂,neutral,Facebook
C1881,Balamuko davas kiyak yaida kiya,neutral,Facebook
C1882,anushage katata denna thibanm 😑,offensive,Facebook
C1883,Kisisethmajathiwadaya aussanne nallu unge nalikawa.....,neutral,Facebook
C1884,Me gon badu ape elaine na wasawal,hate,Facebook
C1885,Dupth minihta tenk ne Ada,neutral,Facebook
C1886,Mewa hodata pavichchi kerapiyau moda haththa lankawe nama katha kerane moda harakta wadiyan,hate,Facebook
C1887,Chamuditha gonoo ... Apita thoge acting balanna oone naa.. ðð<br />Over acting nodaa hitapiyað¤¬ð¤¬ð¤¬,hate,Facebook
C1888,Jaya wewa kiyana un lollo,offensive,Facebook
C1889,Ane palayan huththiye uta asanipa une okata yanakotada ubala methana magull natala serama kela unata passe enawa magull katha karanna ubala thama balliye minissu marena welawe party damme uwa kudalagena yanne ubala magull natapu nisai rate nithi kadapu nisai ubalata oka une 😠,hate,Facebook
C1890,Manam oyata harima asai godak lassanai,neutral,Facebook
C1891,Oya. Mawlawiyath.neetichgayath.dennama.trastayan.wiya.yutui.nisipareekshana.sidukara.siragatakaranna.paryo.denna.,offensive,Facebook
C1892,ane pako hasitha yho danne monawada. tablets gahala aga puppawagena mona pakada karanne,offensive,Facebook
C1893,Ane hiwalo.... Thawa duratath minissu rawattanna baaa.. Rajapassalage katu kana eka danwath nawaththanawa 😤,offensive,Facebook
C1894,Ana deviyana ma apita mk una malli godak hodai danuwatkaranawata bs,neutral,Facebook
C1895,Mewa.dakiddi.hithena.wa.kiyana.katha.aththa.kiyala.lajjawak.nathi.wrsiyo.achcharai.kiyanna.thiyennee,offensive,Facebook
C1896,niragamika pokkek __ ____ ___ _____ _____ ___ okkoma kalin,hate,Facebook
C1897,Caroline nam tanikara irisiyawak. Anthima jara geniyak. 😤,offensive,Facebook
C1898,Mun okkoma harak 😠,hate,Facebook
C1899,Muta ganiyek dunnoth hondata karayi echcharayi mu danne .,offensive,Facebook
C1900,Ravf hakim keri huththa accident ekak hari vela meriya.val balla.ððððð 💢,hate,Facebook
C1901,. wadagath deyak dala ratata wadak athi deyak karala salli hoyanawa.. 🌸,neutral,Facebook
C1902,__ anee itthin amu gawayo oya,offensive,Facebook
C1903,thota shot eka onada sudu van eke yanna asada...goda dura ...thope kona sunnaththu krala 4kta hukanna puluwan nam kona kapan nathi sinhalayage bale khoma weida ura kapiya ura badhala,hate,Facebook
C1904,APPACHI â¤â¤â¤ð ❤️,neutral,Facebook
C1905,Aththatama oyage hasban kauda akki 👍,neutral,Facebook
C1906,Pala pala tho uda biruwata thopita ona dewal karanna meke hambenne na yako 💢,hate,Facebook
C1907,Chanden passe mehema yanneththe ei 🙏 🙂,neutral,Facebook
C1908,Ape rate gawa sampatha 🙄,offensive,Facebook
C1909,Gu huththe indiaw hora out dila hri unm cup eka gni ikka blhnko borunm un prdigen awoth umpiresla hora out denn gnið 🤬,hate,Facebook
C1910,Ammo ammo HTTP!,neutral,Facebook
C1911,Maraa khomat horaa thamai,offensive,Facebook
C1912,Muu kauda bn nikan pabayek wage,offensive,Facebook
C1913,Jaara miniha okata henagahai,offensive,Facebook
C1914,Matakad mama,neutral,Facebook
C1915,Awamangalaya ponnayek ne jathiya agama muta nehe sakkili geri ponnayek n g o akek mu 💢,hate,Facebook
C1916,kohomath Islam kiyanne ithin tharsthawadi agamak ne ithin.. thopila wa pana pitin tiye wala dala gihi thyna a one,hate,Facebook
C1917,Ada kale hadena godak pissu aklpa darana e pissu sankalpa darshnika lesa sadarnaya karanna u sindu athra me wage sinduwk ape pinkata aiya dunna kiyla kiynn puluwn,neutral,Facebook
C1918,Ane ape hAmuduruwane watina siddastana Tika rakadenna mehema giyoth hamuduruwanta athaharinna ussanawa apita balanna baha arthawath bana Tika deerga ayusha labewa,neutral,Facebook
C1919,Meriya,neutral,Facebook
C1920,Pissu huththoo..ranganala giyata passe tho thamaii hiru ake pora kiyalada hithan inne..oakaya merenna hadanawa..gahapiya arjuna aiye okata 👎 💢,hate,Facebook
C1921,Dan honda baba wage ❤️,neutral,Facebook
C1922,Ane manda ithin,neutral,Facebook
C1923,Mekath abbahi unoth suduwakma thama.,neutral,Facebook
C1924,Hari bn ela ð 🙏 👍,neutral,Facebook
C1925,Nodakin patta wesi,hate,Facebook
C1926,Maha gonpart ekak ne meka 🤬,hate,Facebook
C1927,Ara wassiyo tikata mahum ddanda unada dannaa. Ranja awitne,offensive,Facebook
C1928,Kadawala kulee gewagena kada karala pement ekee a baduma aduwata denawa laba labane permant ekee ekada kade ekada __,neutral,Facebook
C1929,Heen bovitiya hodai awoth denna puluwan,neutral,Facebook
C1930,Gota kenna Borumai,neutral,Facebook
C1931,Chamundita obalata wada wedagath yamalla ganika madamakata,offensive,Facebook
C1932,Ayyooooo ..Heminenavaað©ð©ð©,neutral,Facebook
C1933,Ane jeppo.nariwadan,offensive,Facebook
C1934,Hoda wade bollo hukana wesitaððð,hate,Facebook
C1935,Ella as wiya youthui ❤️,neutral,Facebook
C1936,Athulage loku baba ta 25y joniage mongalaata 19 ponnaya chirantha 23 thadi gon wassi samitha vesita 52 kay 😠,hate,Facebook
C1937,Badapu minihalage ellenda ena ganu mewata waga kiyanna oni.,neutral,Facebook
C1938,Gu kapan jvp 🙄,offensive,Facebook
C1939,Moda janatavata ova vadakna unta tava mokak unath jayaveva kiyai untama 😑 🙄,offensive,Facebook
C1940,Gihi jiwithaye mage podi Putha.__,neutral,Facebook
C1941,Ape aya awasan tharage dinnam oya okkotama uththara hambaii 🙏 👍,neutral,Facebook
C1942,Kanagatu wenna epa duwa oyata drviyo balanawa,neutral,Facebook
C1943,Ammapa shik oka karannna ekek nane me rate uwa diwiyaloke gihin niwanuth daki appa e karana kusalayata samana karanna kusalayak thawa nathiwai me loke,neutral,Facebook
C1944,Malshani Sewwandi __ vimukthiya tipar karala chocolate kewa mn athi wenna hebei ube pihiten ___,neutral,Facebook
C1945,Iya kawda me........ mun ge pissu weda hinda ape rata tama keta wenne..... rata kana topi wage harak.... inakan... 😡,hate,Facebook
C1946,Top 10 ara hora takkadiya mahindanandata kiyanda oney. Deng umbala thamai lankawe inna kamba horu.mekata umbala wandhi gewenda weneva,offensive,Facebook
C1947,mahi wage ponnayoo nathi karanna sap eka dennawa ekenma ahâ,hate,Facebook
C1948,A apthaya gona wage kaka geta wela gon thadichchita gaghaennawa nodakin ponna rala 🤬,hate,Facebook
C1949,Pala balli u kiwe atta,hate,Facebook
C1950,Meka karanne kohomada kiyala video ekak danne nadda 😊,neutral,Facebook
C1951,mun hari asawen inne adagahapu gaman sari galawanna wesiyo,hate,Facebook
C1952,Uba wage Gon wesiyek toge huhtaa kunu wela ynna ona,hate,Facebook
C1953,Apoo tv1 pen nh ne ...sirase pennpllako __,neutral,Facebook
C1954,Ane bola sakkili premas tho oya gumuke redenne nedda bole jara jara gala kiyavanne amude revagana aneka beheth hora ragedeya unp avajathakasakili thopila ge. 🙄,offensive,Facebook
C1955,Horek,neutral,Facebook
C1956,Mewa thiyana widiyata keedawasak thiyaganna puluwan weida ape moda noogathun ekka.,neutral,Facebook
C1957,Muwa dammala me karanne .. siini (sugar) case ekata yana mahajana awadaanaya kadanna kiyala oyaala therum ganda. Muu oona payyak dodawapuden. Siini (sugar) horakama Kooti 1500 kata wediy. 🙄,offensive,Facebook
C1958,Lassanai godak,neutral,Facebook
C1959,Me uththala ballo wage ð ð ð ð,offensive,Facebook
C1960,Manussakama danna aye 😊,neutral,Facebook
C1961,Game gahapan aiya api gannaw,neutral,Facebook
C1962,Den thiyena songs ekka baladdi methakadi asawen balapu ekama song eka ✨ 😊,neutral,Facebook
C1963,Hapoi...,neutral,Facebook
C1964,Me gothaya mokadda me ❤️,neutral,Facebook
C1965,Keri huthika puthala inne,hate,Facebook
C1966,Amaruwa harine,neutral,Facebook
C1967,Ehema thama inna ona. 😊,neutral,Facebook
C1968,pareyo 😤,offensive,Facebook
C1969,A dannage sathuta nam anith ayata mokada .hamadama sathutin enna.,neutral,Facebook
C1970,Ethakota.huththo.rate.naayakaya.sarathponsekada.hitiye.ubala.2005.karethiyan.aawa.mahahora.mahinda.noweida.lejjai.hirikithai,hate,Facebook
C1971,Lankawe Thibicha baage tath wede dunna wage thaatha 😊 🙏,neutral,Facebook
C1972,Boru gurukam karanawa minissu andagena.. hora samma sadula,offensive,Facebook
C1973,Current bill eka gewapan whottoð¡,neutral,Facebook
C1974,Karapu paw gewanna wenawa.,neutral,Facebook
C1975,Gon sirisena karannema oya wage weda aparade janatavage salli,hate,Facebook
C1976,Karolaein maha weseyik,offensive,Facebook
C1977,Kauru varaddi kalath daduvan anivaren diya yuthui ..bala daraini obe avadanaya pinisai... ✨ 😊,neutral,Facebook
C1978,Dan salli nadda ðð ❤️,neutral,Facebook
C1979,MENNA MUSLIM MAS WADDHOð¡ Pahara balla,hate,Facebook
C1980,Duwa huth danna paiyakuth ne 👎,hate,Facebook
C1981,sakkili thambi meka arabiya kiyala hithan atthe.,hate,Facebook
C1982,Meka aluth product launch ekak karanna gahapu AD ekak,neutral,Facebook
C1983,Rwathe kari samithahota josa dunna mongalayek chiranthayagen oiu deke ekek thota moadauwoada thel mada arapu athinneho me kaana laggawata ganu sanhathiyatama thopuourala marenna ona i athinny thu nodakin pata gnona,hate,Facebook
C1984,Mara akke niyamaii elâ¤ï¸â¤ï¸ ✨,neutral,Facebook
C1985,Caption eka english walin dala kollo form karanna epa yako 🙏,neutral,Facebook
C1986,Apa uthum janadipathi uthum uthum uthum thruwan saranai digasiri ð·ð¤´ð·ð¤²ð»ððððððððððððððððððâ¤ï¸â¤ï¸â¤ï¸â¤ï¸â¤ï¸â¤ï¸â¤ï¸â¤ï¸â¤ï¸â¤ï¸â¤ï¸ð·ð·ð·ð·ð·ð·ð·ð·ð·ð·ð·ðð¤²ð»ð¤²ð»ð¤²ð»ð¤²ð» 🌸 🌸,neutral,Facebook
C1987,Ko thawath kade yana baiyo ? ðð 👍,neutral,Facebook
C1988,Aththatama clz eka godak hodai __ __ __ 🌸,neutral,Facebook
C1989,8 pass sakkili Gota gobbaya 😒,offensive,Facebook
C1990,Ai ban unp un chandyakata baya kepuwat kola kiyana harak tama unp ekata kade yanne mokda meccara ratata kelawapu raniltane mun kade yanne lajjai bn,hate,Facebook
C1991,wesa ganiyek mekinam 🙄,offensive,Facebook
C1992,puka di nasi kolloð¤£,offensive,Facebook
C1993,Matara hot news oya level akata wetenna epa please,neutral,Facebook
C1994,Manasika rogayak thiyenawa apoo ape lamainuth hadha ganna beri wei me belli nisa 😑,offensive,Facebook
C1995,Oya salliwelata karana wada kalakanni okun gana awadanayen sitinna 💢 😠,hate,Facebook
C1996,Ilage rata janadipethi fonsekað¤£ð¤£ð¤£ð¤£ð¤£katin bateale harenewa mun aurudu. 5k kore keruwawe madaii 👍,neutral,Facebook
C1997,Bauddayo higa kanwne 😠,hate,Facebook
C1998,Ane hukee ð¡ð¡ huttiyak,offensive,Facebook
C1999,Me wage math pethi kohomada ape ratta enne..munta wedi thiyala danna thiyenne 😤,offensive,Facebook
C2000,Mk,neutral,Facebook
C2001,Mama nathiwa photo dapu thopita hodak wennepa,neutral,Facebook
C2002,Adarayata wayasa balapaannah eth thamanta loku kasadabadina wayase lamain innawanam yaluwenakota poddak wayasa balala yaluwenna one Nathan lamainta eka balapanawa eth ithin janapriya ayatanam oka ganak nah kamannah subapathanawa dennatama 👍,neutral,Facebook
C2003,Ape mahattayata puke arino,offensive,Facebook
C2004,Kohomath pushpikata methanadi karapu de iriyawata karapu asadaranayak kiyalapahadili,neutral,Facebook
C2005,Drama mix wela mathaka ne me mohoke kotasakda kiyala__ 😊,neutral,Facebook
C2006,Bro uba katavath baya venna one ne oya ponnayo ekka heppenna yanna epa pohiyakinvath enala dai,hate,Facebook
C2007,Aka thama me wage akeak hitiyama athi ❤️,neutral,Facebook
C2008,Malinga dakkoth waha kavii ____,neutral,Facebook
C2009,Moda wesa kello 😑,offensive,Facebook
C2010,Allha nabi thuma vesa ponyek 😒,offensive,Facebook
C2011,Patta wesi 🤬,hate,Facebook
C2012,Danma katamatha nododa inna eka hondai.,neutral,Facebook
C2013,Geethath giya ✨,neutral,Facebook
C2014,Ledek nemei ubata puke arala tired wela,offensive,Facebook
C2015,Anee pala musaliii.mage aiyt wage mehem deyk karanam maranwa balli.mam kellek widiyt mem katha karn hati waradiii.eth thota bnin wachana naa..nodakin mam 4n uus karanne awrudu 21dii.ekak on lin cz ynn genawe.,hate,Facebook
C2016,Pohottuwe kalakani 😤,offensive,Facebook
C2017,Ane ban baila gahanawanee. Sakk 👍,neutral,Facebook
C2018,rajapassala banga wewa____,offensive,Facebook
C2019,Holman pile Amu HARAKEK. 👎,hate,Facebook
C2020,Kawda bn me gona,hate,Facebook
C2021,Kurunagala gas tika ewarai,neutral,Facebook
C2022,oya eana sanchrako gedaeinna ganu topee julla videsekaynta puoka dannakiyapan rate amtelage,hate,Facebook
C2023,Thopiwage.pinatKana.kalakannithami.chande.deela.meratawinasakale.kalakannihatha,hate,Facebook
C2024,Fb walenyaluwena ayata honda padamak,neutral,Facebook
C2025,Ponnayo danne kellek aduwa gaman laga inna kollekta Allan gahanna witharai.,hate,Facebook
C2026,angavikala jeewithað¤®ð¤®ð¤®,offensive,Facebook
C2027,Palayan nande. Ratama kapu awalama,hate,Facebook
C2028,Mata hinava navathaganna beh ne 😊 🙏,neutral,Facebook
C2029,Malli kawdawt katolik aya balu weda karanna,neutral,Facebook
C2030,Dawas 14 k idala parisamen gedara yanna ð 🌸,neutral,Facebook
C2031,ane malli mage <br />Miniha army eke ekata genu 50.k vithara inna we apita padiya denna ea nisa mama rata idan lamai schoole yawanne api unta daspin oya ballanta belliyanta diyo sapawenawa ape Papua aviluna gindara,hate,Facebook
C2032,Karuma nalikawe balana un 🙂,neutral,Facebook
C2033,ko ara gota nariya,offensive,Facebook
C2034,Yako wesiyo thota therenne nedda .aran yanne maranna nemei .thopiwa polim danna,hate,Facebook
C2035,Mee vage keri ganunta hodak venna hodana 😒,offensive,Facebook
C2036,Lakawa winasa krna gon huththi thoge baduwa kunuwela mriyan wesi podi ekk hdnnagnna ne lnkawe sadashare knwa wesii tho 💢 🤬,hate,Facebook
C2037,Niyamai para demala hathta,hate,Facebook
C2038,Nodakin Thota hena wadee samajema kanawat 😤,offensive,Facebook
C2039,Mawa dannawada ai ane eda eda room giye.....raa nisa penne nathuwa athi ____,neutral,Facebook
C2040,Aiyo aiyo bodubala bala,neutral,Facebook
C2041,Kamba horek mu 🙏 👍,neutral,Facebook
C2042,Isselama ubala horakn karpu Dollar tika genath dapan pako,neutral,Facebook
C2043,Kohlit daddi poddak case wuna cuddahÊ__ ❤️,neutral,Facebook
C2044,Ubalata hena gahanna thaniyama nema pawula pitin kelawila yanna sakkili 🤬,hate,Facebook
C2045,Dahami Perera english clz hodai ne___ ✨,neutral,Facebook
C2046,Hemadaama un karanne hora karana ekane,neutral,Facebook
C2047,Mona wage ganiyakda me.,offensive,Facebook
C2048,Lankawa pinata pahala una janapathii,neutral,Facebook
C2049,Hi Namal Ayya.....komda....ðð,neutral,Facebook
C2050,Kawd me papadama __,neutral,Facebook
C2051,Monawa genawath ape kalakanni minissu masen deken kanawa.,hate,Facebook
C2052,Meki guruwariyakda lamainta ugannanna me erisiyawada Thu...nodakin 🙄,offensive,Facebook
C2053,Nooodakin wal wesa geni,offensive,Facebook
C2054,"Hunu. Gal. Nidi. Thiyenawa. Pojja. Pitiya. Ehe. Patthen. Digatama. Thiyenawa. Ampitiya. Haraha. Digatama. , S. B. DISANAYAKE. ME. YALAGE. PATTHE. KAPU. LIYADDE. ME. HAMATHANAMA. THITENAWA.",neutral,Facebook
C2055,Ana tummodar prdasayasahanna kudu thiyanawa hanwalla nathna avissawalla polesiyata api keyanawa ma gana goyala balanna 😊,neutral,Facebook
C2056,Math enwa oi ponnyo mokkuda,offensive,Facebook
C2057,Hansaka Prasad oi oi mathakad eka dawasak me wage wadk unaa ____,neutral,Facebook
C2058,Mekat Chanda gunduwakda danne naha,neutral,Facebook
C2059,Harima kenava mention krala______,neutral,Facebook
C2060,Lejja nathi heti muntaâ¹ï¸ ❤️,neutral,Facebook
C2061,Meka magull geyak nema badu pott ekak,offensive,Facebook
C2062,"Anthima kathai wade, lajjai ð wadagath piliwelata karanna thibunað 🙂",neutral,Facebook
C2063,Hmm ranil hora kapithan kenek._____ keeyala karapu labbak na.hora guhawak 🙄,offensive,Facebook
C2064,Munta wena kathakarranna deyak na kalaknni,offensive,Facebook
C2065,Jvi kiyanneth lokanhoru 🙄,offensive,Facebook
C2066,Budusaranayi sir,neutral,Facebook
C2067,Hoda henayak path wenna kiyala thamai prarthanawa,neutral,Facebook
C2068,Eekenuth horakan karannada kalpanawa ❤️,neutral,Facebook
C2069,Corona hadilath Ara gani marune na 😤,offensive,Facebook
C2070,Atha paya pananethiweyan,neutral,Facebook
C2071,Ganu wela thawa ganiyekta karana jara wadee.mona tharam jara minissuda ape rate inne.,offensive,Facebook
C2072,Electricty bila gewwada?,neutral,Facebook
C2073,Piumi thamuse nisa hodata inna genu apeth nambuwa neti wenawa.ealiye dan innawa madiwata kiyana katha.thamuse chatar halo molayak ne oheta innawako lassanata.,offensive,Facebook
C2074,Location Kurunegala,neutral,Facebook
C2075,Anee mee apitath oyage wayase nangi kenek innawa hebei Tik tok karanne yakoo..onama manussayek karanawa kiwwe ubata mongalada pissuu ne 🙄,offensive,Facebook
C2076,Pala ponna ranil,hate,Facebook
C2077,Ape eha paththe gedr sirawatama sadamali kyla kenek innwa____ 😊,neutral,Facebook
C2078,Hmm maru 🙏,neutral,Facebook
C2079,Pisssu mala honthuwa,offensive,Facebook
C2080,me wage dahadura weda karana un aniearyenma wayasata yanakota manasika keddu wenawa,offensive,Facebook
C2081,ubalata itath eha widawanna labenna ona patta Balu amathila,offensive,Facebook
C2082,Apita pena cenal akak dapan 👍,neutral,Facebook
C2083,Renna thiyena puka denna epa wesiye,hate,Facebook
C2084,harak amathila 225k athi krnwaneh lankawe____,hate,Facebook
C2085,Thuh karolin.,offensive,Facebook
C2086,munta eka miniyek madi ekai 😑,offensive,Facebook
C2087,mahinda mahaththaya garahana garahilla niwata jathiyak mun..... ara dawaswala paraka yanna ne bomba pupuranawa.. hamuduruwaru lamai keedahak maruwada... l.t.t.e thibunada kiyalawath mathaka ne...,hate,Facebook
C2088,Rata kanne desapaluwoi.badapu dawasema wateyana wesa badui.nodakin,offensive,Facebook
C2089,Lankawee Humana tv,neutral,Facebook
C2090,HDL (hoda cholestrol ) wadi wena kama knn.,neutral,Facebook
C2091,Apeksha Fernando gahanne nah...rawanwa..ekata ma diya wela wetenwa,neutral,Facebook
C2092,Megamana maraganna bari unane tama,offensive,Facebook
C2093,Ammo aeththatama lassnai.______ happy birthday ________ thadi aiyee,neutral,Facebook
C2094,Oya haluwen innakota oita wadiya lassana athi nada akka.,offensive,Facebook
C2095,Munwa thami ara bag wala daala arinna ona.louwa nathi paaharayo.. 🙄,offensive,Facebook
C2096,Ado harak petiya wage prashna ahanna epa chamudika tho wage in thamai anthawadi prashna ahanna,hate,Facebook
C2097,Ubata chathurikagen kollek am upadinna apaaa,offensive,Facebook
C2098,thopila hedigewila yanna one..kalakanni hamba heththa,hate,Facebook
C2099,Background sangeethaya nm galapenwa maruwta,neutral,Facebook
C2100,Aruta coronada koheda,neutral,Facebook
C2101,Adare ona una kiyala lamayek bendagena hariyanawada. Mewata congratulations kiyanna hoda ne. Paw itin mewa adarshayata ganna lamai. ❤️,neutral,Facebook
C2102,Sinisena Hemaekemma.. 1.ka HORAKAMENUTH No.. 01..,offensive,Facebook
C2103,Ponnaya tho ratat saapayak... kagehari atamagalayak vikunan kaapan.. tho meetavediya ammawa vikunapan ponsiya.. views hinganna 😡,hate,Facebook
C2104,unp ballan passe yanaun me ratarekaganna jathiya rekaganna agama rekaganna ona un nemei 😠,hate,Facebook
C2105,Ara miniha oxygen nethuwa merenne,neutral,Facebook
C2106,Idakin ponna wesiyo denna. Lankawema redda galewwane haththilawwe. Wili lajjai yakow. 😠,hate,Facebook
C2107,Apaya suwa labewa ð¤®,neutral,Facebook
C2108,my kata hariyat boru kiyanne muta hena gahanne one boru kiyane balla hariyat pr.uttara dipan yako. 😡,hate,Facebook
C2109,Wal sakkili naki Ranilo... tho monawada oya kiyaeanna. Owa ape rata ta adala ne. Tho inne engalanthe da? Tho him a wevi jokes dala katha karanne. Thota sathutuda?,hate,Facebook
C2110,Kalakanni,hate,Facebook
C2111,hambayoi demalui ape rata winasa karanawa 👎,hate,Facebook
C2112,Kauda malli me..ð©ð©ð©ð©ð© guu goda 😤,offensive,Facebook
C2113,Dilrukshi Prabodhani ape gdr____ Thama ehmd? _____,neutral,Facebook
C2114,Bath eka Thba kiyala thibbanam thawa maru,neutral,Facebook
C2115,"Meke full program eka baluwanam, Milan kiyannege Moda kama penenawa. Pohottuwe sankethaya modakama, waachalakamai, uddachcha kamai. Api manthreenta gewal dena eka nathara karamu 😑",offensive,Facebook
C2116,Data limit karalane social media wala ____ 🙂,neutral,Facebook
C2117,Lajjai me competition eka gana,neutral,Facebook
C2118,Chula uba rata watetama chu kara,offensive,Facebook
C2119,! Kalakanni thopita dn wenasa sepada?apida sirawa genawe?wesa heththata rate thiyena wena kisima prashnayak lokuth ne mathakath ne ponna unp heththa 😠 👎,hate,Facebook
C2120,Palayan wesiye ganna thopi wage keri wesiyoo 🤬,hate,Facebook
C2121,E kale apith nagala photo gtha patta hoda set ekak 90 degrees team eka 2016__,neutral,Facebook
C2122,Aubowan Rajitha putha. obata chiran jayathu.Theruwan sarani. 👍,neutral,Facebook
C2123,Apo chula.. oya mara kuhakai karoline oya itat wada kuhakai,offensive,Facebook
C2124,Yako gon athal denna epa..karolain wesa weda kRanna epa yako..,hate,Facebook
C2125,Ranil Rajapaksha. Thota jana waramak ne. Maha bank hora. Hena wedila meriyan 😤,offensive,Facebook
C2126,Wesa Badu huththiyo lankawata lejjawak mun hukala maranna ona munwa,hate,Facebook
C2127,Thopi innakan merata hadanna ba 😑,offensive,Facebook
C2128,Baladarin me satha diha balala wedanawa therum aran athage kakula saneepa karanna prathikara karapalla henagahanawa yako inna niladari mathi amathi waru thopita therenne nadda me atha vidinawa duka sobadahama nathuwa minissunta jeewath _____ ba bolau,neutral,Facebook
C2129,Oka boru kiyane boru okawa hire dapiyu balla boru kiyanne,hate,Facebook
C2130,Ounta corona hedila meranna one,offensive,Facebook
C2131,"Kohomath adum adinne nane ban,rate nithiyata awanatha weyan gon wassi",hate,Facebook
C2132,Apahu enna kiyala thiyenawane ao dekakuth dagena,neutral,Facebook
C2133,Hondatama kiyanawa,neutral,Facebook
C2134,Ado goo kaapu thadiya oya ganja baila nawatthapang,offensive,Facebook
C2135,Moko wenasak ema welada danma__,neutral,Facebook
C2136,Wal pukayo kello lamgata genwanawa,offensive,Facebook
C2137,Eeya aiye munta pissu hadilada appiriyawe ba .. Ane dewiyanee mun ape rata neda mehema winasa karanna hadanne .. Jara saththu .. ð£ð£,hate,Facebook
C2138,Ane manda...ð¤ð¤,neutral,Facebook
C2139,Ponnayo 33k unlike kara etha. 😠,hate,Facebook
C2140,Kerolin tho vesiyek tho kiyak salli gaththada patta belli uba loku amaruvaka vetenna yanne,hate,Facebook
C2141,para thambiyo thowa kanawa,hate,Facebook
C2142,Nodakin jvp buruwo mahinda janadipathi wenna issella fonseka hamudawe nemeda sakkili ballo.ai kalin ydde iwara kale naththe,offensive,Facebook
C2143,Chik jara wedak kare.mona de unath tawa ganu knekwa apahasayakata path kra,neutral,Facebook
C2144,Irisiyakarayo Wal ganu denna.. Mekata monawa Hari Karanna one. 😤,offensive,Facebook
C2145,Man kellk,neutral,Facebook
C2146,Ape gedara oya warga dekenma innawa..______ 😊,neutral,Facebook
C2147,Ape mahaththaya dennada naththan,neutral,Facebook
C2148,Mamath kemathi ape hamuduruwnta nayakakama ganna aragena rata hadanna sudusu oba wahansema thamai .oba wahanseta sakthiya. Dairiya labewa rata rakinna niduk nirogi ausa labewa budu saranai oba wahanseta ❤️ 🌸,neutral,Facebook
C2149,Pala wesi thoge demaupiyoth pau yako 💢,hate,Facebook
C2150,Bandula buruwo tho gihin balapiya sathosa badu thiyanawadakiyala,offensive,Facebook
C2151,Meya bath kawana scene walata hariyatama galapeno neda...e maayama niyametama karanawa habai ahhh...__,neutral,Facebook
C2152,Luxury Brand Ekak api heduwata Prashnayak na neh __,neutral,Facebook
C2153,Ane pala patta wesiiii,hate,Facebook
C2154,Kovil 13 k kada dhamana kota obathumanla monawadha kare janathawata kiyanna ? . ❤️,neutral,Facebook
C2155,wesa hutti 😤 😤,offensive,Facebook
C2156,Indiyava kiyanne jara ratak,offensive,Facebook
C2157,Laksiri Wijenayaka mahinda mahathaya ga loku puthata tharaha gihin wagað 🙂,neutral,Facebook
C2158,Samanallu goda ðððð 🙄,offensive,Facebook
C2159,Ha karagena palauau topi wage un marennama one ballo ahinsaka minisunta gewal hadanne 😡,hate,Facebook
C2160,demala kariyantath keyanna thiyenne meka sinhala ratak keyana akai demalunta puka dena sinhala kariyantath ekkala thamai keyanna thiyenne meka 😠,hate,Facebook
C2161,Mhaloku upadidariyo kasebawai&ibebai haduna ganna bae borukiyanda epa oi owathe news da thawa thiyanawa wana kunu rate ewa oyandað¥ð¥ð¥ð¥ð¥ð¥,hate,Facebook
C2162,Ko me ganagediyo tika....,offensive,Facebook
C2163,balu wadak<br /><br />onna ada idiyawa paradu na nm hari 🤬,hate,Facebook
C2164,Iya chaterr,neutral,Facebook
C2165,Menna hodama wesiyek,hate,Facebook
C2166,athi yanthan eka lollek mala,offensive,Facebook
C2167,Me kudu karayanwa athadanguwata gaththa aparada ballanta hoda sapa phasu gayak arandanna thibba kariyanta bissnas karanna kala kanninta kanna dannama narakai okunwa allalamaranna nathuwa bambu gahanawa,hate,Facebook
C2168,Meka me magulak newe kudu badu wesa atal 1k iyaaaa filt,offensive,Facebook
C2169,Deepal Peiris thanakola kana eka nathara kara...api 🙂,neutral,Facebook
C2170,ane ganiye issellama hitapan inne koheda kiyala weradi tibunat ohomad hesirenne balapan ratawal wala minissu hina wena hati erisiyawa tope,offensive,Facebook
C2171,Hoda wde accala talk krnn ynwt____ 🌸,neutral,Facebook
C2172,Hupan thambi pako ðâ 🙄,offensive,Facebook
C2173,Meka shere karanna _______ nm thawath hoday,neutral,Facebook
C2174,Muvage ekek hora,offensive,Facebook
C2175,Amma thathha dawanta atha wanala anna kiyanna natha ayalag mawu hoyagana anawa ithin,neutral,Facebook
C2176,Pissu huththiyek dakkath appiriyay 👎,hate,Facebook
C2177,And baya wechcha thramata mata hat atek haduna dan enne spirithale aennae balannaðºðºðºðºðº 🙏,neutral,Facebook
C2178,Nodakin abarilla 😤,offensive,Facebook
C2179,Caroline ge puka uda ghn wage,offensive,Facebook
C2180,Bandara matthayo oyala welassa addars aka sms karanna..nethin emel aka hari sms karanna bs,neutral,Facebook
C2181,Ane hutto toge pukata wedi tiyANNE,offensive,Facebook
C2182,konda pana nathi nayakayek api mehe pitaratawala enna vidiyak naa hirawela inne asarana minissu gana hithanne nathi borukarayek wena kisima rataka nathi neethi 🙄,offensive,Facebook
C2183,Pissuda whottika paco gota 😑 😤,offensive,Facebook
C2184,Adikaranayen reles karapu eka lamayo bandaara wela yanna une nethnam remand ekene inna wenne .ekata wada oka hodaine .lamaya gena hithala oye party ekata noya inna thibbe dress eken 3/4eragena holla holla giya eka aparaade 😡,hate,Facebook
C2185,kari wesige bDU UDIN MUGE LAMAYEK NATHI UNATH MUTA GANAK NA PAKAYA,hate,Facebook
C2186,Kiruliwanam sihinata lan karanna epaa aaaye. 🙏,neutral,Facebook
C2187,Ahara nogatthata lamak na denna epa illiim 😒,offensive,Facebook
C2188,"Eelangata rajithada, basilda, mahindada,",neutral,Facebook
C2189,Haraka beruna ehenam wal thambiyagen.,hate,Facebook
C2190,Akk ahanakota thahayak uththara ✨,neutral,Facebook
C2191,Galu policeyama awwilla yako. 🌸 ❤️,neutral,Facebook
C2192,"ane uduburana ballo rate ganu thota gahanne<br />ape ganu nemi, <br />Muslim ganu kalinma thota kelinne<br />thawa burapan ballo thota mokadawenne balaganin",hate,Facebook
C2193,Ubath salli hoyanna danna nathi reddawal nokiya job ekak karapan pako,offensive,Facebook
C2194,Me dawasakata kiyak withara hoyanawada ❤️,neutral,Facebook
C2195,Oya godak lassanai chathurika gona wage newi oyata waradinne nha okun wage ballo pare marila yavi 🤬,hate,Facebook
C2196,RataÕta karapu waradda wahaganna owa kiyala ba gota pakayoÉ ..,offensive,Facebook
C2197,Kawda dan meyata adare karanne ð¤£ð¤£ð¤£,neutral,Facebook
C2198,munta mahasona gahalada diwawal adagana konda kadagana than aliyadagana prissu kalinna aka minihak thoraganin ganiya 😒,offensive,Facebook
C2199,Cari gothayaa ubawa kalath madi 🌸 🌸,neutral,Facebook
C2200,"thamnge nithyanukula lei ipaduna lassana drive patau dennek vinasa krala avilla me ponnya vesiyanta dava ipdichcha druvo rakinva.thopi denna vage Nehara,menka vage kunugodval vlata ipdichcha lamainuth kvda Hari kranne loku Vela thva asran ganunge Paul kadana eka.kalkanni kalakruvo thopi vage eun",hate,Facebook
C2201,Miss dukwaena apaa yana akaa kohomath yanava raththran vagae puthaa la daennaek oyaata ennae . Ayaala loku unaama oyaata salaka Ave dan daruvan daenna assdaeka vagae balaganna budusaranaei,neutral,Facebook
C2202,Neddoking hora balla 😠,hate,Facebook
C2203,Gotabaya. War. Eka. Kalaye. Ratin. Panala. Giya. Hamuda. Karayek.,neutral,Facebook
C2204,Apo. Shihan. HariyatA. Gahanawane ✨,neutral,Facebook
C2205,Bokak set wela thibunoth thama wade ____ ❤️ 🙏,neutral,Facebook
C2206,Cholestrol kohomt age hadenw oyge LDL(bad cholesrol) kiyd? 160t wadi nm aniw behet bonn wenw mkd excercise kltm LDL ekpr aduwenne na .,neutral,Facebook
C2207,Ithin apita pucada,neutral,Facebook
C2208,"maduruwo nomarana , minee marana kaalakanni &quot;BUDUNGE DESHAYA&quot; ðð ð",offensive,Facebook
C2209,"Meka rate anik prashna yata gahanada daapu sandarshayak kiyalamai hithenne,,, dn pol thel gena ktha ne China gena ktha ne meka thama dn kathawa",neutral,Facebook
C2210,Chanaka Dinarathna obathumata ita kalin niwansuwa pathanna weida danne naa 😊,neutral,Facebook
