comment_id,comment,label,source,clean_text,n_tokens
C0001,Mada Inna eka ekka virudda paxaye 3 K innawa neda,neutral,YouTube,mada inna eka ekka virudda paxaye 3 k innawa neda,10
C0002,Mu sangwaadaya hasurawana ekek newei balayek,offensive,YouTube,mu sangwaadaya hasurawana ekek newei balayek,6
C0003,"Oka oya hadanne police officer la baya karanna etakota munissu baya wenawa law eka karanna,oka oya dagalanne Rajapaksa lage kapuwata okath waga kiyanna ona,policya kisima ekakta baya wenna epa",offensive,YouTube,"oka oya hadanne police officer la baya karanna etakota munissu baya wenawa law eka karanna,oka oya dagalanne rajapaksa lage kapuwata okath waga kiyanna ona,policya kisima ekakta baya wenna epa",29
C0004,"Asuchi unath kana minihek oka,gamata enna minissu kiyala devi",hate,YouTube,"asuchi unath kana minihek oka,gamata enna minissu kiyala devi",9
C0005,Ape meneka API oba samagai,neutral,YouTube,ape meneka api oba samagai,5
C0006,Jungi walata denawaa aluth b😊esam hilwunu ....ewaata denawaa kottamalli hundu... Watti ammma jayawevaa.kata nikam Kara pincha vage. .....,offensive,YouTube,jungi walata denawaa aluth b esam hilwunu ..ewaata denawaa kottamalli hundu.. watti amma jayawevaa.kata nikam kara pincha vage. ..,19
C0007,"Dolawaththata laksha 500k ranil janadipathikale laminate,ekata monada danne naha kale.",offensive,YouTube,"dolawaththata laksha 500k ranil janadipathikale laminate,ekata monada danne naha kale.",10
C0008,Asda ahagaththa dolayo .muduma dolaya mukuth Nodanna Baba wage kathakarana Hati .,hate,YouTube,asda ahagaththa dolayo .muduma dolaya mukuth nodanna baba wage kathakarana hati .,12
C0010,Ape sahodariya kiyanawa janathawata me vihilu walata rewatenna apalu Boru walata vithara da rewatenna ona.,neutral,YouTube,ape sahodariya kiyanawa janathawata me vihilu walata rewatenna apalu boru walata vithara da rewatenna ona.,15
C0011,Dolawaththa. Kadappuli WESHIGEPUTHA,hate,YouTube,Dolawaththa. kadappuli weshigeputha,3
C0012,ethelote. contentenet. 323. pitekirreeme. duusjeneyak. noveyode,offensive,YouTube,ethelote. contentenet. 323. pitekirreeme. duusjeneyak. noveyode,6
C0015,Dole oya mey comment balaala hàdiyan bang.umba pakkaliyek.,hate,YouTube,dole oya mey comment balaala hàdiyan bang.umba pakkaliyek.,8
C0016,Me dolayata paw muwa hamadama balukarann uge pakshen ewnawa mu hama dama balu wenawa,offensive,YouTube,me dolayata paw muwa hamadama balukarann uge pakshen ewnawa mu hama dama balu wenawa,14
C0017,Dolawaththage Redi Nane.,offensive,YouTube,dolawaththage redi Nane.,3
C0018,Watti AMMA kenek 😂,offensive,YouTube,watti amma kenek,3
C0019,Wayiraya penawa kalakani pacha anurage ekad hakarakiyane lalkanthawen athi gewal nathu hil jagi adan hitapu un dan maligawala,hate,YouTube,wayiraya penawa kalakani pacha anurage ekad hakarakiyane lalkanthawen athi gewal nathu hil jagi adan hitapu un dan maligawala,18
C0020,Anura pachaya kohomath ohoma thama boru vidinawa,offensive,YouTube,anura pachaya kohomath ohoma thama boru vidinawa,7
C0022,Anuratath uge anduwath horu horu horu,offensive,YouTube,anuratath uge anduwath horu horu horu,6
C0023,Me kota lapaya miharakek,hate,YouTube,me kota lapaya miharakek,4
C0024,Me wage miharak rata pslanaya karanne na,hate,YouTube,me wage miharak rata pslanaya karanne na,7
C0025,Anura sahoodaraya kothanada janathawa anna eathanai o k,neutral,YouTube,anura sahoodaraya kothanada janathawa anna eathanai o k,8
C0027,pennanna welawak enne na gon naambo ubata,offensive,YouTube,pennanna welawak enne na gon naambo ubata,7
C0028,"Namalayo puluwannam tho jathika leisthuwen nethuwa dinala pennako, Pala ke,,,,,,,po,,,,,,,pak,,,,,,,",hate,YouTube,"namalayo puluwannam tho jathika leisthuwen nethuwa dinala pennako, pala ke,,po,,pak,,",10
C0029,Naamolayata jaya kiyana un Unge guuu lewa kana un,hate,YouTube,naamolayata jaya kiyana un unge guu lewa kana un,9
C0030,Me balla ela wanna kenek nadda para balla,hate,YouTube,me balla ela wanna kenek nadda para balla,8
C0031,Seeya Wakkaden atha hodan aawaa Namal welikaden atha hodan ewilla parliament ekata,offensive,YouTube,seeya wakkaden atha hodan aawaa namal welikaden atha hodan ewilla parliament ekata,12
C0032,Akd sir respect ❤🙏,neutral,YouTube,akd sir respect,3
C0033,Pissu huthek me namal kiyanne mona Danna huthedda oka,hate,YouTube,pissu huthek me namal kiyanne mona danna huthedda oka,9
C0034,Anurage puka lewakapn 😂😂lankwe inna awajathayont kelehi gunayak kiyl gawila wath na,hate,YouTube,anurage puka lewakapn lankwe inna awajathayont kelehi gunayak kiyl gawila wath na,12
C0036,Ape Anurajanadipathi thumata jayawewa,neutral,YouTube,ape anurajanadipathi thumata jayawewa,4
C0037,j V P vitharak minimaruwo nema hema anduwe ma minimeruwa????????_x000D_ Hema anduwe ma minimeruwa mahindaya nora minimaruwa????ranilala minimaruwa wadak agar aya????pema dasaya u mani kappiththa oya hema anduwak a nithiya athata aran weda kala aka cal aken onama deyak karanna puluwan nithiyak thibuna ????????_x000D_ Den paka pall aki kohomada nithiya weda karana heti thopita awa balan enna beha neha,hate,YouTube,j v p vitharak minimaruwo nema hema anduwe ma minimeruwa??_x00D_ hema anduwe ma minimeruwa mahindaya nora minimaruwa??ranilala minimaruwa wadak agar aya??pema dasaya u mani kappiththa oya hema anduwak a nithiya athata aran weda kala aka cal aken onama deyak karanna puluwan nithiyak thibuna ??_x00D_ den paka pall aki kohomada nithiya weda karana heti thopita awa balan enna beha neha,59
C0038,Muta. Mokatada. Parlimenthuwzta Anna awasaraya dunne. Heretageyama katapanagahala aurudu 20k damannaona. Munta parlimenthuwath thahanamkaranna.,hate,YouTube,Muta. Mokatada. parlimenthuwzta anna awasaraya dunne. heretageyama katapanagahala aurudu 20k damannaona. munta parlimenthuwath thahanamkaranna.,14
C0040,Kibbath penna pan _x000D_ Balu paduru wesi,offensive,YouTube,kibbath penna pan _x00D_ balu paduru wesi,7
C0041,Yakoooo aga hadaganin kathdma kathai appiriyai 😢😢😢,offensive,YouTube,yakoo aga hadaganin kathdma kathai appiriyai,6
C0046,"Mala appiriyai,nugath geniyek,labbata Rita gahala wage,vomitish feeling v",offensive,YouTube,"mala appiriyai,nugath geniyek,labbata rita gahala wage,vomitish feeling v",8
C0047,Pahu giya dawasaka husband ada ada neda giye...ane manda❤❤❤❤,offensive,YouTube,pahu giya dawasaka husband ada ada neda giye..ane manda,9
C0051,Munta laje na,offensive,YouTube,munta laje na,3
C0052,Ana akka ohoma vikara karanna epa .oya kochchara lassanai da .lassanata enna,neutral,YouTube,ana akka ohoma vikara karanna epa .oya kochchara lassanai da .lassanata enna,12
C0054,Lamaya pau.hode..ai mehema.._x000D_ _x000D_ _x000D_ _x000D_ .,neutral,YouTube,lamaya pau.hode..ai mehema.._x00D_ _x00D_ _x00D_ _x00D_ .,7
C0055,"Man hithanne meke commdenna ewunta,unta kade yanawa athi, natthan ei samahara comments,_x000D_ Me dennata,baninna eka tharaha yanne?",offensive,YouTube,"man hithanne meke commdenna ewunta,unta kade yanawa athi, natthan ei samahara comments,_x00D_ me dennata,baninna eka tharaha yanne?",17
C0056,8000 daha gaha ganim pukee 😂😂😂😂😂apita salli nathath apita mole thiyenava 😂😂,hate,YouTube,800 daha gaha ganim pukee apita salli nathath apita mole thiyenava,11
C0058,Mona unat pau,neutral,YouTube,mona unat pau,3
C0059,Jim Pappa hodaii Meeta vada😂😂 ubala vihin vihiluvak venne appah,offensive,YouTube,jim pappa hodaii meeta vada ubala vihin vihiluvak venne appah,10
C0060,Monunda ban mee kiri eladennunge mi gon,hate,YouTube,monunda ban mee kiri eladennunge mi gon,7
C0061,ane sudu manike ..chuuti jangi koteth galawalama natanna .....etakota balana ayath duwai maru manikela denna ..sathutui denna gana.....😂😂😂😂😂😂,neutral,YouTube,ane sudu manike ..chuuti jangi koteth galawalama natanna ..etakota balana ayath duwai maru manikela denna ..sathutui denna gana..,18
C0063,Bathkana harak 2k,offensive,YouTube,bathkana harak 2k,3
C0064,Ane ai appa mehema..kisima lajjawak nane..😮😮daruwkuth innawa ne.,offensive,YouTube,ane ai appa mehema..kisima lajjawak nane.. daruwkuth innawa ne.,9
C0065,Anee mun mokunda..gaanu seratama awanambu karanawa..kathee ba,offensive,YouTube,anee mun mokunda..gaanu seratama awanambu karanawa..kathee ba,7
C0068,Kalaknni wesakam kaloth thopi wage eta wadaganan dila ganna puluwan paukara heththa eskolekta warudawakatawath nogiya,hate,YouTube,kalaknni wesakam kaloth thopi wage eta wadaganan dila ganna puluwan paukara heththa eskolekta warudawakatawath nogiya,15
C0069,Ana Yako tho hithana uba hari wirakamake Kara kiyalada thoga hati witharake,hate,YouTube,ana yako tho hithana uba hari wirakamake kara kiyalada thoga hati witharake,12
C0070,Kawada hari lamaya loku Wala okiga oluwa palai😂😂 neddakin jarama Jara ganu dannak,offensive,YouTube,kawada hari lamaya loku wala okiga oluwa palai neddakin jarama jara ganu dannak,13
C0073,Ara pissu gaaani hina weddi kana palenna denn ahithenawa😂,offensive,YouTube,ara pissu gaani hina weddi kana palenna denn ahithenawa,9
C0074,Igena gena nathi eke palawipaka😂,neutral,YouTube,igena gena nathi eke palawipaka,5
C0075,Kohomada baduwage katawa. Baya abindakwat gawila naa.anna badu,hate,YouTube,kohomada baduwage katawa. baya abindakwat gawila naa.anna badu,8
C0076,Heluwa pennagena natanwa appiryai,hate,YouTube,heluwa pennagena natanwa appiryai,4
C0077,Brand akaklu a denna puka thamai😂 thopita wediya brand dekala tiyenawa yako api thopi dennage vinode itin anunta hina wena akane hina wewima hita palla😂,hate,YouTube,brand akaklu a denna puka thamai thopita wediya brand dekala tiyenawa yako api thopi dennage vinode itin anunta hina wena akane hina wewima hita palla,25
C0078,Minihata kondak nane ponnayek,hate,YouTube,minihata kondak nane ponnayek,4
C0079,Kalakani wesiyo denna marila yanne nah uba ta kiyanna tiyenne ube miniha ponnaya nisa hodai,hate,YouTube,kalakani wesiyo denna marila yanne nah uba ta kiyanna tiyenne ube miniha ponnaya nisa hodai,15
C0080,Wesa brand 1,hate,YouTube,wesa brand 1,3
C0082,Heluwa pennala raja wena wesa ganu,hate,YouTube,heluwa pennala raja wena wesa ganu,6
C0083,Miniha marilada ubage.thopine napunsaakayoooo.wesa hutti,hate,YouTube,miniha marilada ubage.thopine napunsaakayoo.wesa hutti,5
C0085,Ane nande mamanam oyalata godak kamathi mama oyalage video balanawa ❤❤❤❤❤,neutral,YouTube,ane nande mamanam oyalata godak kamathi mama oyalage video balanawa,10
C0086,Mun nikn cream gnne nthuw wge kthaw😂😂,offensive,YouTube,mun nikn cream gnne nthuw wge kthaw,7
C0087,Uba kohomada heluwen innaa kiyanne uba inne heluwen e,hate,YouTube,uba kohomada heluwen innaa kiyanne uba inne heluwen e,9
C0088,Ane ban ochchara banum ahanne okige video balanna epa,offensive,YouTube,ane ban ochchara banum ahanne okige video balanna epa,9
C0089,Udala denna kethai oiii 😅,offensive,YouTube,udala denna kethai oii,4
C0090,Oyala hari nam iyyyaaaa ratata ain karala danna one me wage wun,offensive,YouTube,oyala hari nam iyyaa ratata ain karala danna one me wage wun,12
C0091,Oya katha karanna egana ganna akke .,offensive,YouTube,oya katha karanna egana ganna akke .,7
C0092,Brand ek ammge redd😂,offensive,YouTube,brand ek ammge redd,4
C0093,Iya katha karana vidiha ganu neda sanwarawa hasirenna ....,offensive,YouTube,iya katha karana vidiha ganu neda sanwarawa hasirenna ..,9
C0094,Mokada ara piti passe inna ganu kena dagala dagala katha karanne. Hariyata chu bara hadila toilet ekata yanna widiyak nathuwa innawa wage 😂,hate,YouTube,mokada ara piti passe inna ganu kena dagala dagala katha karanne. hariyata chu bara hadila toilet ekata yanna widiyak nathuwa innawa wage,22
C0095,Noogathkama uparima dakka video ekak😅,offensive,YouTube,noogathkama uparima dakka video ekak,5
C0096,Cuccu brand 😂 0:23,offensive,YouTube,cuccu brand 0:23,3
C0097,Maru marayai elakiri ela pausii Anee paduve idpn vesa baduu😂,hate,YouTube,maru marayai elakiri ela pausii anee paduve idpn vesa baduu,10
C0098,Balala views yawana apima ne benum ahanne ...onna ekekvath balanna epa bn ❤,offensive,YouTube,balala views yawana apima ne benum ahanne ..onna ekekvath balanna epa bn,12
C0099,Eya karapu deta eyata pala dei kenekuta nindawak keruwoth eka eyata kawada hari lebenawa.oya iwasanna.theruwan saranai.❤❤❤❤❤❤❤,neutral,YouTube,eya karapu deta eyata pala dei kenekuta nindawak keruwoth eka eyata kawada hari lebenawa.oya iwasanna.theruwan saranai.,16
C0100,Kauda oya paththen denne 😅😂😂😂,offensive,YouTube,kauda oya paththen denne,4
C0101,Ane gona uba kathaiii😂😂😂 kawda ban me ...😂😂_x000D_ Manishata baynna THO KAWDA .._x000D_ Kukku Dilekaa😂😂😂,hate,YouTube,ane gona uba kathaii kawda ban me .. _x00D_ manishata baynna tho kawda .._x00D_ kukku dilekaa,16
C0102,Manisha higa kawe නැහැ ban,offensive,YouTube,manisha higa kawe නැහැ ban,5
C0103,Ane manisha paw,neutral,YouTube,ane manisha paw,3
C0104,Hari adumak adaganin,offensive,YouTube,hari adumak adaganin,3
C0106,Ane akke oya ganita pisdu oya gani oya lassanata innavane minissunta ekata irishiyayi akke oya pau oyata okata police yanna puluvan akke oya yanna oya sadaranayi ekayi mage mathe mama varadida danna,neutral,YouTube,ane akke oya ganita pisdu oya gani oya lassanata innavane minissunta ekata irishiyayi akke oya pau oyata okata police yanna puluvan akke oya yanna oya sadaranayi ekayi mage mathe mama varadida danna,32
C0107,Manisha akka paw 😢😢,neutral,YouTube,manisha akka paw,3
C0108,Anee yako ubala hadhiyan anun hadhanna kalin bn 😂😂😂,neutral,YouTube,anee yako ubala hadhiyan anun hadhanna kalin bn,8
C0109,Boru manesha ga Nambari aka tiyanavada,hate,YouTube,boru manesha ga nambari aka tiyanavada,6
C0110,Thopi dennata pissu dileka mama oyage vidiyo valata asayimata ada epevuna ube hekara kata balapanko thoge lamayage nama kivve nee thoanunge ammala thaththala gena hithanna epaube lamayata api asayi manesha hodayi ubala 2 nata vada dileka oya harima pahath kenek yako thopi kiyana vidihata manussayek onavidihata vidiyo danna 😂apita lejjayi dileka ubagana,neutral,YouTube,thopi dennata pissu dileka mama oyage vidiyo valata asayimata ada epevuna ube hekara kata balapanko thoge lamayage nama kivve nee thoanunge ammala thaththala gena hithanna epaube lamayata api asayi manesha hodayi ubala 2 nata vada dileka oya harima pahath kenek yako thopi kiyana vidihata manussayek onavidihata vidiyo danna apita lejjayi dileka ubagana,52
C0111,Maneesha akki paw ❤❤😢,neutral,YouTube,maneesha akki paw,3
C0112,Gon huththiye uba hedila hitapan. Uba thamai niyama amma. වේසාවී,hate,YouTube,gon huththiye uba hedila hitapan. uba thamai niyama amma. වේසාවී,10
C0113,Yko heliwen natana eka ammekge adareda.. anith eka maneesha lamayt apahasyk karala kiylnm mata penne na..me ganige nugath hasirima thama vdo ekn penne...anith ekq fb pages walin lamay meme ekk wenneth oya gani nisane mkd allpu gedara eka lamaywa vdo karane social media wala danne nh ne..phath wada karanne maneesha nemeyi me balu ganu denna,hate,YouTube,yko heliwen natana eka ammekge adareda.. anith eka maneesha lamayt apahasyk karala kiylnm mata penne na..me ganige nugath hasirima thama vdo ekn penne..anith ekq fb pages walin lamay meme ekk wenneth oya gani nisane mkd allpu gedara eka lamaywa vdo karane social media wala danne nh ne..phath wada karanne maneesha nemeyi me balu ganu denna,55
C0114,Oya manisha kiyana gani kohomath ohoma thama. Oya paratti salli hamba karanne ohoma thama mata nam oya manishava penna ba,hate,YouTube,oya manisha kiyana gani kohomath ohoma thama. oya paratti salli hamba karanne ohoma thama mata nam oya manishava penna ba,20
C0115,Iain karanna Aaepa oka,offensive,YouTube,iain karanna aaepa oka,4
C0117,Aekanam aetta a oyagea babatada keyannea awa ayata wadak nanea oyagea baba. GANA keyanda,offensive,YouTube,aekanam aetta a oyagea babatada keyannea awa ayata wadak nanea oyagea baba. gana keyanda,14
C0119,demapiyanta baninna epa demapiyan pali na,offensive,YouTube,demapiyanta baninna epa demapiyan pali na,6
C0120,hadatama kale manisa. manishata kalin. oya hari amma kenek wenna,neutral,YouTube,hadatama kale manisa. manishata kalin. oya hari amma kenek wenna,10
C0121,maniisha pau ane boruwata baninnawa,offensive,YouTube,maniisha pau ane boruwata baninnawa,5
C0122,Baba pau ane ..😢,neutral,YouTube,baba pau ane ..,4
C0123,Manisha. Gobak. Hobayi❤❤❤❤,neutral,YouTube,Manisha. Gobak. hobayi,3
C0124,Oya duk wenna epa manika deiyoo innwa,neutral,YouTube,oya duk wenna epa manika deiyoo innwa,7
C0125,Pissu . Mun ta😅.,offensive,YouTube,pissu . mun ta .,5
C0126,Ane paww maneesha😢❤ paw akki aya,offensive,YouTube,ane paww maneesha paw akki aya,6
C0127,me pakhsa siyallama ekathu vi rata beragatha uthui,neutral,YouTube,me pakhsa siyallama ekathu vi rata beragatha uthui,8
C0128,Horu akaaa mitataaaa😂😂Banku hora and Nidan horaaaaa,offensive,YouTube,horu akaa mitataa banku hora and nidan horaa,8
C0129,Banku hora vs Nidan hora❤❤❤love y,offensive,YouTube,banku hora vs nidan hora love y,7
C0130,Banku hora and Nidan horaaa😂😂😂,offensive,YouTube,banku hora and nidan horaa,5
C0131,Bankuuu horaaa samagaa😂😂😂😂,offensive,YouTube,bankuu horaa samagaa,3
C0132,Ekathu unoth. Jaya niyathai.,neutral,YouTube,ekathu unoth. jaya niyathai.,4
C0133,Jayawewa sajith methithumata api obasamagabawa sapatha kara kiyasitimu,neutral,YouTube,jayawewa sajith methithumata api obasamagabawa sapatha kara kiyasitimu,8
C0135,UNP comes back 100%_x000D_ 👍🏽,neutral,YouTube,unp comes back 100%_x00D_,4
C0136,A best speech by Sajith keep it up_x000D_ Till win,neutral,YouTube,a best speech by sajith keep it up_x00D_ till win,10
C0138,Jr j r premadasa ranil wi lalith a gamini disa nayaka❤❤❤❤❤❤❤🎉🎉🎉🎉🎉,neutral,YouTube,jr j r premadasa ranil wi lalith a gamini disa nayaka,11
C0140,Ranil wickramasinghe matitumani dan obata puluwan sajith matitumage jayagrahanayata dayaka wenna ein sajith mahata tawath saktiiyak api sajith dinawamu jaya wewa mage matiduni,neutral,YouTube,ranil wickramasinghe matitumani dan obata puluwan sajith matitumage jayagrahanayata dayaka wenna ein sajith mahata tawath saktiiyak api sajith dinawamu jaya wewa mage matiduni,23
C0141,Congratulations. Mr saith. And. Mr rail happy. For you all,neutral,YouTube,Congratulations. mr saith. And. mr rail happy. for you all,10
C0142,Anura nariya eawamu,offensive,YouTube,anura nariya eawamu,3
C0143,Jayawewa miharak 159 gedsra yawamu,neutral,YouTube,jayawewa miharak 159 gedsra yawamu,5
C0145,verry good SaJith & Ranil,neutral,YouTube,verry good sajith & ranil,5
C0146,Akathu unoth apith denava❤,neutral,YouTube,akathu unoth apith denava,4
C0149,Yes sir super 100% all the best sir,neutral,YouTube,yes sir super 100% all the best sir,8
C0151,"What you say applies to J.R.Jayawardane & your Own father, which very much suits. I am sure those who don't have & remain without the past politics will get washed off by the Public. What you say is totally contradictory, as we explain to even the youngsters about the democracy of your father.",neutral,YouTube,"what you say applies to J.R.Jayawardane & your own father, which very much suits. i am sure those who don't have & remain without the past politics will get washed off by the Public. what you say is totally contradictory, as we explain to even the youngsters about the democracy of your father.",53
C0152,❤AKD❤sir oyafile eka ewanna ramalana palliyata tika denek innawa aragena prshna karanna bayanatuwa.... Tawhid jamath .... Samajikayo.... Aman oya naduwath aran dennam....?,offensive,YouTube,akd sir oyafile eka ewanna ramalana palliyata tika denek innawa aragena prshna karanna bayanatuwa.. tawhid jamath .. Samajikayo.. aman oya naduwath aran dennam..?,23
C0153,AKD OUR KING❤❤❤,neutral,YouTube,akd our king,3
C0154,AKD❤❤ WILL DO ALL JUST WAIT PLEASE❤,neutral,YouTube,akd will do all just wait please,7
C0155,uba kiyuu de ada ituwemin pawithi..superb,neutral,YouTube,uba kiyuu de ada ituwemin pawithi..superb,6
C0156,Jayawewa ! Jayawewa !,neutral,YouTube,jayawewa ! jayawewa !,4
C0157,We are Fully with AKD !,neutral,YouTube,we are fully with akd !,6
C0158,When the 2009 toll compensation get complete,offensive,YouTube,when the 2009 toll compensation get complete,7
C0159,7 yrs 😢 21/04/2026,offensive,YouTube,7 yrs 21/04/2026,3
C0160,Ane e genu kenge darwo denna😂,neutral,YouTube,ane e genu kenge darwo denna,6
C0161,Aththatama meka thama haunted kes ekk bn molakarayekge udawwak ona wenawa me wealawe😢,offensive,YouTube,aththatama meka thama haunted kes ekk bn molakarayekge udawwak ona wenawa me wealawe,13
C0162,Sf ge gemma ❤,neutral,YouTube,sf ge gemma,3
C0163,Dukai 😢aniwaryenma munva allanna ona,offensive,YouTube,dukai aniwaryenma munva allanna ona,5
C0164,kadinal himipanange aradane piligena katuwapiti dewastanayata pamini janadipatitumeni obatumata apage stutiya,neutral,YouTube,kadinal himipanange aradane piligena katuwapiti dewastanayata pamini janadipatitumeni obatumata apage stutiya,11
C0165,Samahara minissu hitiyata nikamma sareera koodu witharai .mahapolowe payagahala jeewath wena minisunta therenawa Hari deya waradi deya .nawathath rajaya south widiyata yamak karanawa. Mealuthkandayama gana wiswasa karanna.🎉,neutral,YouTube,samahara minissu hitiyata nikamma sareera koodu witharai .mahapolowe payagahala jeewath wena minisunta therenawa hari deya waradi deya .nawathath rajaya south widiyata yamak karanawa. mealuthkandayama gana wiswasa karanna.,27
C0166,Danan hitiyath Anura janadipathi thumata monawada karanna puluwan. Mathakada Harnge thatha palli yanna epa kiyala kiuwa. Ai unp anduwa thiyena kale katha kale naththe. Oya unp eken chande illapu nisada. Cadinal thumawath apahasu thawayata path kala. Wedanawa weai eth waradi nokarapu ayata dos kiyana eka waradi. Ada dawase kopamana denekgen me manussa awalada ahanawada. Katha karanna puluwan unata wachchana parissamin eliyata danna. Anukampawa ganna gihin bumikampawa karagaththa,neutral,YouTube,danan hitiyath anura janadipathi thumata monawada karanna puluwan. mathakada harnge thatha palli yanna epa kiyala kiuwa. ai unp anduwa thiyena kale katha kale naththe. oya unp eken chande illapu nisada. cadinal thumawath apahasu thawayata path kala. wedanawa weai eth waradi nokarapu ayata dos kiyana eka waradi. ada dawase kopamana denekgen me manussa awalada ahanawada. katha karanna puluwan unata wachchana parissamin eliyata danna. anukampawa ganna gihin bumikampawa karagaththa,67
C0167,Harinwai uge tattawai gattanan hari neda,neutral,YouTube,harinwai uge tattawai gattanan hari neda,6
C0168,"Gota, mahinda thamai karee balayata enna.😢🙇",neutral,YouTube,"Gota, mahinda thamai karee balayata enna.",6
C0169,methuma balayata aawe gota wage paasku prahare kara mathin newe.... minissu chande dunne eeta wada dewena prashna mulinma wisadaganna... namuth nobala inna ekak nehe... tikak iwasanna katholika mithurani....,neutral,YouTube,methuma balayata aawe gota wage paasku prahare kara mathin newe.. minissu chande dunne eeta wada dewena prashna mulinma wisadaganna.. namuth nobala inna ekak nehe.. tikak iwasanna katholika mithurani..,28
C0170,Muslim la gen uth parissan wenna. Agolloth allah huakbar kiyala ne marune. It's a terro attack,hate,YouTube,muslim la gen uth parissan wenna. agolloth allah huakbar kiyala ne marune. It's a terro attack,16
C0171,"obathumath denaganna one kiyana ekata man nam ekanga ne,,,,, hangi barawa katha karanne,,,eyala vindithayo nisa eyalata duka daraganna be paw,illima 1000% watinawa",neutral,YouTube,"obathumath denaganna one kiyana ekata man nam ekanga ne,, hangi barawa katha karanne,,eyala vindithayo nisa eyalata duka daraganna be paw,illima 100% watinawa",22
C0172,Werandi kerapu un allaganna _x000D_ Marana daduwam denna,neutral,YouTube,werandi kerapu un allaganna _x00D_ marana daduwam denna,8
C0173,Dukata karanaya nam thaththa kiyapu nisa palli giye na kiyapu Hareen gen oya prashna ahapu nathi eka ganai_x000D_ e aya windithayanta katha karannatawath idak nodun nisa neda eyalage prashna ahannawath bari wune,neutral,YouTube,dukata karanaya nam thaththa kiyapu nisa palli giye na kiyapu hareen gen oya prashna ahapu nathi eka ganai_x00D_ e aya windithayanta katha karannatawath idak nodun nisa neda eyalage prashna ahannawath bari wune,32
C0174,Obage lileema sagarani namuth. Illeemak karunikawa kalauthai yay madam sithami,neutral,YouTube,obage lileema sagarani namuth. illeemak karunikawa kalauthai yay madam sithami,10
C0175,"That man took maximum advantage, misused the given opportunity.",neutral,YouTube,"that man took maximum advantage, misused the given opportunity.",9
C0176,Paaharayinta aniwaryenma danduwam denna oni.,neutral,YouTube,paaharayinta aniwaryenma danduwam denna oni.,5
C0178,Okkotma kalin oya siyata baduwak gasspan😂😂😂😂,offensive,YouTube,okkotma kalin oya siyata baduwak gasspan,6
C0179,Game kallla ballema kata karnne mahita😂,neutral,YouTube,game kalla ballema kata karnne mahita,6
C0180,Mahiyata aseni gena ganakwath na thawa ekiyekta peni halagena innawa den boruwaya ada ada idala pirimi jathiya hema ekama ohoma thama 😡😡,hate,YouTube,mahiyata aseni gena ganakwath na thawa ekiyekta peni halagena innawa den boruwaya ada ada idala pirimi jathiya hema ekama ohoma thama,21
C0181,Ai mashege yaluwowath kiyanne naththe ashini maruwe kalanage set eka kiyala.. 😢,neutral,YouTube,ai mashege yaluwowath kiyanne naththe ashini maruwe kalanage set eka kiyala..,11
C0182,Siya mahige paththe inne ❤,neutral,YouTube,siya mahige paththe inne,4
C0183,me kalana gon harakava me kathaven ain karapiyaw redda... kalagune vage tiken tikata maru venava u,hate,YouTube,me kalana gon harakava me kathaven ain karapiyaw redda.. kalagune vage tiken tikata maru venava u,16
C0184,Wery nice were nice beautiful ❤❤❤❤❤,neutral,YouTube,wery nice were nice beautiful,5
C0185,Lawan aiyath lassanai ❤❤❤❤hinawath lassanai,neutral,YouTube,lawan aiyath lassanai hinawath lassanai,5
C0186,Me eyage riyal wife nefa,neutral,YouTube,me eyage riyal wife nefa,5
C0187,Meka balana kattiya me kathawa aththa ekak kiyala hithanne balanne 😂,neutral,YouTube,meka balana kattiya me kathawa aththa ekak kiyala hithanne balanne,10
C0188,Asenita wdanm me kella lassnai 😅❤❤,offensive,YouTube,asenita wdanm me kella lassnai,5
C0189,Koheda danna ara kiyapu shinhala baudda kama ane mehemath ganu mun hithagena inne mekath hari wadak kiyala pissu bn ubata 😅😂😂😂,hate,YouTube,koheda danna ara kiyapu shinhala baudda kama ane mehemath ganu mun hithagena inne mekath hari wadak kiyala pissu bn ubata,20
C0191,Baninda apa Yako apata mokada,neutral,YouTube,baninda apa yako apata mokada,5
C0192,Sri lanka mia khalifa version 🤧,neutral,YouTube,sri lanka mia khalifa version,5
C0193,Feel sorry for her life,neutral,YouTube,feel sorry for her life,5
C0194,oyage waradak dakinne naha nikan vinode oyage wasana ohome inne meke inne harime charithe wath thotath babala kiyane dewal ganan ganne apa daraganne bari iriseyawe unte given wath oya wenne baha akai attha,hate,YouTube,oyage waradak dakinne naha nikan vinode oyage wasana ohome inne meke inne harime charithe wath thotath babala kiyane dewal ganan ganne apa daraganne bari iriseyawe unte given wath oya wenne baha akai attha,33
C0196,Lanakwe dakapu supirima body eka.. Puke arinna maru😂,hate,YouTube,lanakwe dakapu supirima body eka.. puke arinna maru,8
C0197,Ane hali hina mona magulakda me,neutral,YouTube,ane hali hina mona magulakda me,6
C0198,akke oya hodin inna balannako oyata b s😢,neutral,YouTube,akke oya hodin inna balannako oyata b s,8
C0201,Please don’t kill the new generation 🙏,neutral,YouTube,please don’t kill the new generation,6
C0202,Mta mek dkmma iye idlma Hina ynwa tamath hinawa nwthna baruwa Ine😊😂😅,neutral,YouTube,mta mek dkmma iye idlma hina ynwa tamath hinawa nwthna baruwa ine,12
C0203,Loku wirakamak kyl hithe 😂,neutral,YouTube,loku wirakamak kyl hithe,4
C0204,Sakkilima wanachara sakkili balliyek laokawata karumetama ipaduna amana balliyek thamai,hate,YouTube,sakkilima wanachara sakkili balliyek laokawata karumetama ipaduna amana balliyek thamai,10
C0205,Oatta balu nale,hate,YouTube,oatta balu nale,3
C0206,Me oi tmuse gniyekd nttn pirimiyekd eunat dp ekenn gniyek vgene bn🙄🙄🙄🙄😒,neutral,YouTube,me oi tmuse gniyekd nttn pirimiyekd eunat dp ekenn gniyek vgene bn,12
C0207,Lankawa kiywanne jara ratak thawa manussayek kala bila sathutin innawata kamathi na mun e tharam kuhakayi,neutral,YouTube,lankawa kiywanne jara ratak thawa manussayek kala bila sathutin innawata kamathi na mun e tharam kuhakayi,16
C0208,amma potha paw kere ponnayo oyapan rata kanaun gena o ubepawla wenasakerana un gena ey piumeta salle ambakeranna bereda ?,hate,YouTube,amma potha paw kere ponnayo oyapan rata kanaun gena o ubepawla wenasakerana un gena ey piumeta salle ambakeranna bereda ?,20
C0209,eyage ekeyawen lassana pennala godageya genunta patha athanne wedak nethe ponnayo,hate,YouTube,eyage ekeyawen lassana pennala godageya genunta patha athanne wedak nethe ponnayo,11
C0210,Amma wagema tamayi lamayath pare minissunta gahana kalakanni mun hodayi harahatadala rendawadiwenna,hate,YouTube,amma wagema tamayi lamayath pare minissunta gahana kalakanni mun hodayi harahatadala rendawadiwenna,12
C0211,Thope helu weli aurudu me aurudde withre lbn aurudde owa be ponnyont kiyl withrk aurudu uthswyk dekkme hbe ayiyo po#nmyi dektm nthi unge ne😂😂amthk una sore,hate,YouTube,thope helu weli aurudu me aurudde withre lbn aurudde owa be ponnyont kiyl withrk aurudu uthswyk dekkme hbe ayiyo po#nmyi dektm nthi unge ne amthk una sore,27
C0212,Elaga athme kohe indida ne,neutral,YouTube,elaga athme kohe indida ne,5
C0213,"Aneee lassanai Piumi Oya ,Adarei duwa ,GOD dunna lassana rupayak ,JESU pihitai 🙏❤️🙏Putha Hoda daruwek ❤",neutral,YouTube,"anee lassanai piumi oya ,Adarei duwa ,GOD dunna lassana rupayak ,JESU pihitai putha hoda daruwek",15
C0215,Giyapu thana choramai iya 🤮,offensive,YouTube,giyapu thana choramai iya,4
C0216,Pari eta kolla tu nodakin ve..si ge puta,neutral,YouTube,pari eta kolla tu nodakin ve..si ge puta,8
C0217,Short life. No longer.,neutral,YouTube,short life. no longer.,4
C0218,Oya dan අඳින විදිහට lassani ❤❤❤❤,neutral,YouTube,oya dan අඳින විදිහට lassani,5
C0219,Kaba adina Kohoma unath nakiyonge ata urana make niyamata karanawa,offensive,YouTube,kaba adina kohoma unath nakiyonge ata urana make niyamata karanawa,10
C0220,Oyage watina kama daruwa hada gannaeka nathinam oya salli wadaknaha piyumi,neutral,YouTube,oyage watina kama daruwa hada gannaeka nathinam oya salli wadaknaha piyumi,11
C0221,BADU BANIS THAMI 😅😅😅,hate,YouTube,badu banis thami,3
C0223,Anunge dewal hoyanna epa cament karana aya. ❤❤❤❤,neutral,YouTube,anunge dewal hoyanna epa cament karana aya.,7
C0228,Ammoo balagena othanath kaata hari Alla gena gahai,neutral,YouTube,ammoo balagena othanath kaata hari alla gena gahai,8
C0229,Mamanam oyata harima kamathi oya puthata kochchara adareda oya oyata ona vidhiyata jiwath wena kenek .,neutral,YouTube,mamanam oyata harima kamathi oya puthata kochchara adareda oya oyata ona vidhiyata jiwath wena kenek .,16
C0230,Nakki visee thama adu neddthe,neutral,YouTube,nakki visee thama adu neddthe,5
C0231,Ammata pissu eke puthawa kohoma hadagannada paw e lamaya,offensive,YouTube,ammata pissu eke puthawa kohoma hadagannada paw e lamaya,9
C0233,Me gaanita pissu putha ekka හැසිරීම,offensive,YouTube,me gaanita pissu putha ekka හැසිරීම,6
C0234,දිගටම oya වගේ songs one🎉😂❤😅😊,neutral,YouTube,දිගටම oya වගේ songs one,5
C0236,Ado ube video man super hariiii ❤️,hate,YouTube,ado ube video man super harii,6
C0237,Original sinduvatath vada hoda,neutral,YouTube,original sinduvatath vada hoda,4
C0238,Adarei mage panaa..❤ niymaiii,neutral,YouTube,adarei mage panaa.. niymaii,4
C0241,E පාර rap ekk gawwada ❤❤😂,neutral,YouTube,e පාර rap ekk gawwada,5
C0242,Good song friend,hate,YouTube,good song friend,3
C0244,Ane ayiye 😂😂😂 kohenda appa me vachana😂😂 maru a❤❤😂,neutral,YouTube,ane ayiye kohenda appa me vachana maru a,8
C0245,mokA UNATH MOKADA HARI PARA MIKA UTANGAHANNA ONA NA APITH HIYAK VEMU MEYATa 76 ewasuwa 2k balamu,neutral,YouTube,moka unath mokada hari para mika utangahanna ona na apith hiyak vemu meyata 76 ewasuwa 2k balamu,17
C0246,Malliye man ජනාධිපති nam ubata සම්මානයක් denawa,neutral,YouTube,malliye man ජනාධිපති nam ubata සම්මානයක් denawa,7
C0247,Ratakapu ungen wadak ganna ekama kolla. Meka patta. Hoda hakiyawak. Well done. Keep it up. ❤,neutral,YouTube,ratakapu ungen wadak ganna ekama kolla. meka patta. hoda hakiyawak. well done. keep it up.,15
C0248,mu yakooooo. .... supiri😃😃😃😃,neutral,YouTube,mu yakoo. .. supiri,4
C0249,Adooo...eka patta ඈ....😂😂😂😂😂😂.,neutral,YouTube,Adoo..eka patta ඈ.. .,4
C0254,Bokkak bn uba lamai duk vidinawa un sapa ganna wa ehe,neutral,YouTube,bokkak bn uba lamai duk vidinawa un sapa ganna wa ehe,11
C0255,Ammo original ekata wada patta,neutral,YouTube,ammo original ekata wada patta,5
C0258,hema parakma eka wage💀💀,neutral,YouTube,hema parakma eka wage,4
C0259,Oyla use krna microphone eke brand ek mokdda🤔,neutral,YouTube,oyla use krna microphone eke brand ek mokdda,8
C0260,Original ekata wada hodaa bn,neutral,YouTube,original ekata wada hodaa bn,5
C0261,❤ bayiyo sapata doi,neutral,YouTube,bayiyo sapata doi,3
C0262,Arabi cumari sinduvathi hadana,neutral,YouTube,arabi cumari sinduvathi hadana,4
C0263,Uba nam supiri kirak,neutral,YouTube,uba nam supiri kirak,4
C0264,Mata penne Dan bawana thambi thrstha wadiyo kanyaviyo 21 hoyaganna nathi nisa mun dawasa gane kinina nisa kollo gahana gatta kadanna Patan aran wage palapan nikan munge mune hati amaruwen mun avidinneth,neutral,YouTube,mata penne dan bawana thambi thrstha wadiyo kanyaviyo 21 hoyaganna nathi nisa mun dawasa gane kinina nisa kollo gahana gatta kadanna patan aran wage palapan nikan munge mune hati amaruwen mun avidinneth,32
C0265,K.i bawana thanbi thrstha wadiyo midiya walin gahapu mada mathaka thiya ganilla thope h. Nwa kalaguna horunta mathaka thiya ganilla gal gahanna Anna epa thopi Viduru gewal wala idala.,hate,YouTube,K.i bawana thanbi thrstha wadiyo midiya walin gahapu mada mathaka thiya ganilla thope h. nwa kalaguna horunta mathaka thiya ganilla gal gahanna anna epa thopi viduru gewal wala idala.,29
C0267,Ane mlli me wage sindu hdnn patta athal 😂,neutral,YouTube,ane mlli me wage sindu hdnn patta athal,8
C0268,meke original song eke nama mokkd?? dn mthkth na nee.. kwru hri kiynwd?,neutral,YouTube,meke original song eke nama mokkd?? dn mthkth na nee.. kwru hri kiynwd?,13
C0269,Ai dan danee natty video s bro,neutral,YouTube,ai dan danee natty video s bro,7
C0270,Ko digatam onee kaleking awee nha,neutral,YouTube,ko digatam onee kaleking awee nha,6
C0271,Maru ban ohomaya😂😂😂❤❤🎉,neutral,YouTube,maru ban ohomaya,3
C0272,Mokak da me sinduwa,neutral,YouTube,mokak da me sinduwa,4
C0273,Me wage ewa thawath danna,neutral,YouTube,me wage ewa thawath danna,5
C0274,Maithree palai mahindai thama supiri😂😂😂😂😂😂😂,neutral,YouTube,maithree palai mahindai thama supiri,5
C0275,Alto ganan ussalada patta sinduwa,neutral,YouTube,alto ganan ussalada patta sinduwa,5
C0277,E parody song kiyanne mokkda 😮,neutral,YouTube,e parody song kiyanne mokkda,5
C0278,Mayitree ge puthekda oi 😂❤,neutral,YouTube,mayitree ge puthekda oi,4
C0279,Ammapa nedda bn 😂,neutral,YouTube,ammapa nedda bn,3
C0280,"Youtube eken henama porak kiyala hithan inna gonma gon ponnaya 😂😂😂 rate prashna hariyata therum ganna bari, gon part vitharak danna pakaya 🤡",hate,YouTube,"youtube eken henama porak kiyala hithan inna gonma gon ponnaya rate prashna hariyata therum ganna bari, gon part vitharak danna pakaya",21
C0281,Me baking eke real song ek mokkd,neutral,YouTube,me baking eke real song ek mokkd,7
C0282,අශේන් wada ganna eya ekata kamathi 🥲🤏,neutral,YouTube,අශේන් wada ganna eya ekata kamathi,6
C0283,Ashen mata oyage4n nambr Eka ona,neutral,YouTube,ashen mata oyage4n nambr eka ona,6
C0284,2.59 'dinel polpala' 😂,neutral,YouTube,2.59 'dinel polpala',3
C0285,baduvak samaga varuvak,neutral,YouTube,baduvak samaga varuvak,3
C0286,Kohomada baduwge kathawa😂,neutral,YouTube,kohomada baduwge kathawa,3
C0287,"If she came as a Buddhist the( ""kame Sumichcha chara ) will kills her😂",neutral,YouTube,"if she came as a buddhist the( ""kame sumichcha chara ) will kills her",14
C0288,Meke comment dakkama therenawa igenime hati,neutral,YouTube,meke comment dakkama therenawa igenime hati,6
C0289,Hindhu kiyala kiyanna epa yakoooo…lejjai apitath,neutral,YouTube,hindhu kiyala kiyanna epa yakoo…lejjai apitath,6
C0290,Miya zita..gahanna salliy nane apita...😢😢😢😢😢,neutral,YouTube,miya zita..gahanna salliy nane apita..,5
C0291,dinel pol pala,neutral,YouTube,dinel pol pala,3
C0292,Okita hamaniya balla,hate,YouTube,okita hamaniya balla,3
C0293,Muge ekanam madi wei😂😂😂😂,neutral,YouTube,muge ekanam madi wei,4
C0294,Matath asai ane porn star kenek venda ❤❤❤,neutral,YouTube,matath asai ane porn star kenek venda,7
C0295,I love the concepts of buddhism....😂😂😂,neutral,YouTube,i love the concepts of buddhism..,6
C0296,Ashen Aiye man 😊 ada oyawa henen dakka❤,neutral,YouTube,ashen aiye man ada oyawa henen dakka,7
C0297,Bs puthe oyata❤,neutral,YouTube,bs puthe oyata,3
C0298,Dan thamai hari parata watila thiyenne patu aramunu nathuwa digatama ohoma giyoth pawatmak thiyei,neutral,YouTube,dan thamai hari parata watila thiyenne patu aramunu nathuwa digatama ohoma giyoth pawatmak thiyei,14
C0299,Ane mata padame karanna asai mata lapetop akke arane denawada ❤❤❤ padame karanna,neutral,YouTube,ane mata padame karanna asai mata lapetop akke arane denawada padame karanna,12
C0300,Ane ayye mata gataberayak arandennakooo😢😢😢😢😢,neutral,YouTube,ane ayye mata gataberayak arandennakoo,5
C0301,Gon hujja pakya 😂,hate,YouTube,gon hujja pakya,3
C0302,School poth gannda udavkarannda,neutral,YouTube,school poth gannda udavkarannda,4
C0303,salli Ithuru kare nathnm mn kagahanawa 😂😂😂,neutral,YouTube,salli ithuru kare nathnm mn kagahanawa,6
C0304,kauda ban mokedda,neutral,YouTube,kauda ban mokedda,3
C0305,Lassanai joker kenek wage 😂,neutral,YouTube,lassanai joker kenek wage,4
C0306,NE ME BIKA....BAKA BAKA..THAMAI PISSU,offensive,YouTube,ne me BIKA..BAKA BAKA..THAMAI pissu,5
C0307,Gammk ashen aiye❤,neutral,YouTube,gammk ashen aiye,3
C0309,Patta moda 🐫wak,offensive,YouTube,patta moda wak,3
C0310,Ane ban Ashen…,neutral,YouTube,ane ban Ashen…,3
C0311,Kalu salli sudu karannamai balanne 😂,neutral,YouTube,kalu salli sudu karannamai balanne,5
C0312,"Arthike kada watila, _x000D_ rata bima watila, _x000D_ muu dena athal walinwath, _x000D_ ape bada pirila",neutral,YouTube,"arthike kada watila, _x00D_ rata bima watila, _x00D_ muu dena athal walinwath, _x00D_ ape bada pirila",16
C0313,Me wage ponnayek rata palanaya kara 😂😂😂,neutral,YouTube,me wage ponnayek rata palanaya kara,6
C0314,Meya minissu kana bona kamawala mila wadikare naha minissunwa badaginne thibbe naha,neutral,YouTube,meya minissu kana bona kamawala mila wadikare naha minissunwa badaginne thibbe naha,12
C0315,athal eke hitiye e dawas wala😊,neutral,YouTube,athal eke hitiye e dawas wala,6
C0316,Lajjai Hirikithai Gobbaya,neutral,YouTube,lajjai hirikithai gobbaya,3
C0317,Munta chade Deepu ewunta hena gahila,neutral,YouTube,munta chade deepu ewunta hena gahila,6
C0318,Muwa dakkama.aprasannai gobba janadiya,neutral,YouTube,muwa dakkama.aprasannai gobba janadiya,4
C0319,Buddhimath jokes monawa unath,neutral,YouTube,buddhimath jokes monawa unath,4
C0320,Anay muuu vagay pissu yakek munta chanday deepu hattata hena gahalath madie,offensive,YouTube,anay muu vagay pissu yakek munta chanday deepu hattata hena gahalath madie,12
C0321,Ithin ada rata mehema ithuruwela thiyana eka pudumayak neweida ??,neutral,YouTube,ithin ada rata mehema ithuruwela thiyana eka pudumayak neweida ??,10
C0322,ganja ghanawada kheda😂,neutral,YouTube,ganja ghanawada kheda,3
C0323,"69 lakes ga ga walalena hadana UN, muta chande dunna kiyala danagattama😂😂😂😂😂🤮🤮🤮🤮🤮🤮 JVP athuluwa🤮🤮🤮🤮🤮🤮🤮🤮🤮🤮🤮🤮",neutral,YouTube,"69 lakes ga ga walalena hadana UN, muta chande dunna kiyala danagattama jvp athuluwa",14
C0324,Oka thama ma rata 2015 edan Kawa okata hanama Hana kootiyake gahapeya ballla,neutral,YouTube,oka thama ma rata 2015 edan kawa okata hanama hana kootiyake gahapeya balla,13
C0325,Me manussayata kunuharupa kiyanna lanka anduwen awasara dilada thiyenna,neutral,YouTube,me manussayata kunuharupa kiyanna lanka anduwen awasara dilada thiyenna,9
C0326,14:37 pott pgy kendryk dklwt na 😂😂,neutral,YouTube,14:37 pott pgy kendryk dklwt na,6
C0327,Mewata g e a p p,neutral,YouTube,mewata g e a p p,6
C0328,Gon ponsiyo.. mewata hina yanawada ban,hate,YouTube,gon ponsiyo.. mewata hina yanawada ban,6
C0329,Okkotama wadaa awul ube editing. Belilla epa wenawa.,hate,YouTube,okkotama wadaa awul ube editing. belilla epa wenawa.,8
C0331,Mona nathath athth kiynv,neutral,YouTube,mona nathath athth kiynv,4
C0332,Amu gawayek podi eun balanawa kiyala mu danne ne,neutral,YouTube,amu gawayek podi eun balanawa kiyala mu danne ne,9
C0333,Danu yanu asahana karayek😢😢😢,neutral,YouTube,danu yanu asahana karayek,4
C0334,athma shakthiyak ne neve mekita lejjavak ne.aparade anith kenata kiyanna thibune ega bageta penna tharam asahanaykj ne kiyla,neutral,YouTube,athma shakthiyak ne neve mekita lejjavak ne.aparade anith kenata kiyanna thibune ega bageta penna tharam asahanaykj ne kiyla,18
C0335,piumuya heluvenma hitiyanam hodayne.anith kena piyimita vada lassanth ekka.,neutral,YouTube,piumuya heluvenma hitiyanam hodayne.anith kena piyimita vada lassanth ekka.,9
C0336,DANU KIYANA EKA AME PSYCHO LEDEK ZOMBIYEL,neutral,YouTube,danu kiyana eka ame psycho ledek zombiyel,7
C0337,Danu kiyanne wikurthi lingika asawekda koheda 😂,neutral,YouTube,danu kiyanne wikurthi lingika asawekda koheda,6
C0338,Lassana siri lankawak meka😂😂😂,neutral,YouTube,lassana siri lankawak meka,4
C0339,Mita wadiya hodai arapiyaw 💀,neutral,YouTube,mita wadiya hodai arapiyaw,4
C0341,Edit නම් අප්පිරියය්,neutral,YouTube,edit නම් අප්පිරියය්,3
C0342,Meya thamaii neda mahinda mahaththayage anawaki karu,neutral,YouTube,meya thamaii neda mahinda mahaththayage anawaki karu,7
C0343,Meke madin kali wadine..balanda epa wenawne..,neutral,YouTube,meke madin kali wadine..balanda epa wenawne..,6
C0344,4:39 me Genu kenage Nama kiyannako,neutral,YouTube,4:39 me genu kenage nama kiyannako,6
C0346,Edit nam tikak wedi,neutral,YouTube,edit nam tikak wedi,4
C0347,Editing wadi ballo nidahase blnda deepan,neutral,YouTube,editing wadi ballo nidahase blnda deepan,6
C0348,Piyumi kiyana kathava nam 100% true,neutral,YouTube,piyumi kiyana kathava nam 100% true,6
C0351,Ateth ekkama palagathathanm thama hoda😂😂,neutral,YouTube,ateth ekkama palagathathanm thama hoda,5
C0352,Ponna effects wadi bnn😂,neutral,YouTube,ponna effects wadi bnn,4
C0353,nodakin ponna thadiyek,neutral,YouTube,nodakin ponna thadiyek,3
C0354,Okkoma ekai ponna gotha awajathaka wesa hattha kiyanna oni dewalda thopi katha karanne,offensive,YouTube,okkoma ekai ponna gotha awajathaka wesa hattha kiyanna oni dewalda thopi katha karanne,13
C0356,"Chamuditha,oya great. Oya ළඟ kunuharupa ne. Api oyata❤❤❤❤❤❤. Dhanuge okkoma ජරාවාස",neutral,YouTube,"Chamuditha,oya great. oya ළඟ kunuharupa ne. api oyata . dhanuge okkoma ජරාවාස",12
C0357,Ane yako. Me wesiyo ලංකාවේ genuda?,neutral,YouTube,ane yako. me wesiyo ලංකාවේ genuda?,6
C0358,Me poddk editing adu krl dpn. Crim athal 😂,neutral,YouTube,me poddk editing adu krl dpn. crim athal,8
C0359,Thdiy thama hodtm krnne ahh mruu😂😂😂,neutral,YouTube,thdiy thama hodtm krnne ahh mruu,6
C0360,Ane me rata winasa karanna epa hutthiyo,neutral,YouTube,ane me rata winasa karanna epa hutthiyo,7
C0361,badu lineup ekak,neutral,YouTube,badu lineup ekak,3
C0362,Ara gon huththiga than dekak elite Balu than wage ellila,hate,YouTube,ara gon huththiga than dekak elite balu than wage ellila,10
C0363,Memes wediyi bokk,neutral,YouTube,memes wediyi bokk,3
C0364,Monawada hutto me interview da pako,neutral,YouTube,monawada hutto me interview da pako,6
C0365,Munta bena bena ubala okooma😂 baluwa neda 😂😂😂😂😂,hate,YouTube,munta bena bena ubala okooma baluwa neda,7
C0366,Me yakkunta hodatama pissu ane manda mun nisa kalawakak kiyana deyama nati karala niruwatha kiyanawa,offensive,YouTube,me yakkunta hodatama pissu ane manda mun nisa kalawakak kiyana deyama nati karala niruwatha kiyanawa,15
C0367,Ai ane mokada atthamai.me wesa ganu mokada atthatama heluwenna natanne nalu niliyan unama hamoma hadiyawak nati hattak dan kalawa kiyanne aga vikunana.job ekak wela,offensive,YouTube,ai ane mokada atthamai.me wesa ganu mokada atthatama heluwenna natanne nalu niliyan unama hamoma hadiyawak nati hattak dan kalawa kiyanne aga vikunana.job ekak wela,24
C0368,Maw kire wadath gunen anunai.🤣🤣🤣🤣,neutral,YouTube,maw kire wadath gunen anunai.,5
C0369,Mona huttkd ochchara vedio ek cut kara kara madin add dann ep pko,neutral,YouTube,mona huttkd ochchara vedio ek cut kara kara madin add dann ep pko,13
C0371,Me manussayata manasika rogayak nodakin,neutral,YouTube,me manussayata manasika rogayak nodakin,5
C0373,Piumita pare heluwen yannath puluwan ethi,neutral,YouTube,piumita pare heluwen yannath puluwan ethi,6
C0374,Vanachara😂set eka,neutral,YouTube,vanachara set eka,3
C0375,Nedakin urenita kalin unnu baduwa ekige Kiri nandale pennannamai avith thiyenne.me wage wesiyo interview karana ponna balloth innawa ne .thu vitharak,offensive,YouTube,nedakin urenita kalin unnu baduwa ekige kiri nandale pennannamai avith thiyenne.me wage wesiyo interview karana ponna balloth innawa ne .thu vitharak,21
C0377,toge gu mootiya onna oya tadiyta dipn knna,neutral,YouTube,toge gu mootiya onna oya tadiyta dipn knna,8
C0384,Balu Sinhayek Neda😅😅😅😅,hate,YouTube,balu sinhayek neda,3
C0385,Janathawa Balaya Dunne Okata Thamayi Dan Kendiri Ganna Epa Aye Rata Horunta Bara Denna,offensive,YouTube,janathawa balaya dunne okata thamayi dan kendiri ganna epa aye rata horunta bara denna,14
C0386,Aney manda mechchara gonnu ape rate innawa kiyala hithanakota duke behe,hate,YouTube,aney manda mechchara gonnu ape rate innawa kiyala hithanakota duke behe,11
C0388,Me tattaya kuda 😮,neutral,YouTube,me tattaya kuda,3
C0389,Gu kapan namalge,neutral,YouTube,gu kapan namalge,3
C0391,50s dahak newei Laksha dekahamarak withara genawoth hoda nedha ethakota apita deka ganna puluwan harak set ekama eka thanakin 😂,offensive,YouTube,50s dahak newei laksha dekahamarak withara genawoth hoda nedha ethakota apita deka ganna puluwan harak set ekama eka thanakin,19
C0392,Buru muna milinda😅 rajapassa gally bouser,offensive,YouTube,buru muna milinda rajapassa gally bouser,6
C0393,Pau neda ban,neutral,YouTube,pau neda ban,3
C0394,3rd clip was not funny. What is fun in making another person uncomfortable infront of everyone. Childish behavior ew.,neutral,YouTube,3rd clip was not funny. what is fun in making another person uncomfortable infront of everyone. childish behavior ew.,19
C0395,Kaapuwath hirawela ai ugurata awa Meka dakala😂,neutral,YouTube,kaapuwath hirawela ai ugurata awa meka dakala,7
C0396,Unta othana reunath lajja ne 😅,neutral,YouTube,unta othana reunath lajja ne,5
C0397,kawda bn meewa hadanne,neutral,YouTube,kawda bn meewa hadanne,4
C0398,Yurenii thamaa patta😂,neutral,YouTube,yurenii thamaa patta,3
C0401,Htto උබේ එඩිට් නම් මරු ❤,neutral,YouTube,htto උබේ එඩිට් නම් මරු,5
C0403,BTS lata mukuth kiyagena enna epa kakul handi dekama kadanawa,neutral,YouTube,bts lata mukuth kiyagena enna epa kakul handi dekama kadanawa,10
C0404,Gon balla to wage eun lankawata shapayak,hate,YouTube,gon balla to wage eun lankawata shapayak,7
C0407,Oka hadapu ekage athak payak thiyenam kaadiyan,neutral,YouTube,oka hadapu ekage athak payak thiyenam kaadiyan,7
C0408,Sri lankan pon##yekge hakiyawa 😂,neutral,YouTube,sri lankan pon##yekge hakiyawa,4
C0409,Hadapu ekata loke thiyena serawata hena tika gahanna ona 👿,neutral,YouTube,hadapu ekata loke thiyena serawata hena tika gahanna ona,9
C0410,I love you bts 💞💞💞😘😘😘😘😘😘😘😘😘😘😘😘😘😘😘😘😘,neutral,YouTube,i love you bts,4
C0411,Nodaakin musalaya .hena gahap,neutral,YouTube,nodaakin musalaya .hena gahap,4
C0414,Thamuselata hodak to wenna epa.irisiyakarayo.😡😡😡😡😡👿🤬,offensive,YouTube,thamuselata hodak to wenna epa.irisiyakarayo.,5
C0415,මටත් tipitip ඕනේ 😂😂😂😂,neutral,YouTube,මටත් tipitip ඕනේ,3
C0416,Ragala namak hadaganna amaruida bn 😂😂😂,neutral,YouTube,ragala namak hadaganna amaruida bn,5
C0417,Monawa unth ubalata thiyenne irisiyawa apita nam mewata hina yanne naha....armyla inne bts lawa araksha karanna😡😡😡BTS la samanallu nam hetters la hikanallu😂,offensive,YouTube,monawa unth ubalata thiyenne irisiyawa apita nam mewata hina yanne naha..armyla inne bts lawa araksha karanna bts la samanallu nam hetters la hikanallu,23
C0418,Maka hadhapu ekata henama gahapiy 😢😢😢😢,neutral,YouTube,maka hadhapu ekata henama gahapiy,5
C0420,Meewage vedios thawa one,neutral,YouTube,meewage vedios thawa one,4
C0421,Pathme thamai kiuwe,neutral,YouTube,pathme thamai kiuwe,3
C0422,Ukala ukala pathuru gahuwata passe thopi dan adurannewath nalu😂salli walata ubala yama rajjaruwoth ekka unath innawa kiyala ratama dannawa ban😂,neutral,YouTube,ukala ukala pathuru gahuwata passe thopi dan adurannewath nalu salli walata ubala yama rajjaruwoth ekka unath innawa kiyala ratama dannawa ban,21
C0423,Any pauany Anna harahata wadaganna,neutral,YouTube,any pauany anna harahata wadaganna,5
C0424,Mun. Serama Helu. Wesiyoo❤❤❤❤😂😂😂,neutral,YouTube,Mun. serama Helu. wesiyoo,4
C0425,Alipukee thadi thangedee,hate,YouTube,alipukee thadi thangedee,3
C0426,Heshani nevi weshani kiyanna thibbe.podi thadi ethinna.aliyekge bagaya ammo me surupiniyakda nodakin es andayo kiyai suruupi kiyala,neutral,YouTube,heshani nevi weshani kiyanna thibbe.podi thadi ethinna.aliyekge bagaya ammo me surupiniyakda nodakin es andayo kiyai suruupi kiyala,17
C0427,"Ada amu niruwatha wahagena buduamme ali than ali thattam belun ethulata obala wage.ane wesa ganikawa..,",offensive,YouTube,"ada amu niruwatha wahagena buduamme ali than ali thattam belun ethulata obala wage.ane wesa ganikawa..,",15
C0428,Heshani Gon baduva ada upasaka vage,hate,YouTube,heshani gon baduva ada upasaka vage,6
C0429,Okkoma badu tika polime anawa dakkamai😂😂,neutral,YouTube,okkoma badu tika polime anawa dakkamai,6
C0430,Kohend hutto nepal wlin hmbune padmewa 😂,neutral,YouTube,kohend hutto nepal wlin hmbune padmewa,6
C0431,Piumi thama 😂 dura idan adila wage enne.camarawa ළඟට එනකොට hina wenawa,neutral,YouTube,piumi thama dura idan adila wage enne.camarawa ළඟට එනකොට hina wenawa,11
C0432,srimalita ghnna athi u,neutral,YouTube,srimalita ghnna athi u,4
C0434,girl knk ohm gyanm ekt banii hadiywk naa kyl...kollek gyam hri shok normal,neutral,YouTube,girl knk ohm gyanm ekt banii hadiywk naa kyl..kollek gyam hri shok normal,13
C0435,Samahara police niladarin harima irsiyakarayo kollek bike ekak paddath waradi kollek Jim giyath waradi suddo heluwen yanawa ewa penne nha ape ekek oma giyama police pakayalata penne heluwen yanawa wage 😡😡😡😡,hate,YouTube,samahara police niladarin harima irsiyakarayo kollek bike ekak paddath waradi kollek jim giyath waradi suddo heluwen yanawa ewa penne nha ape ekek oma giyama police pakayalata penne heluwen yanawa wage,30
C0437,Nidahasa. වැදගත්_x000D_ _x000D_ Eyata. Strong. Agak. Thiyanawa_x000D_ Eka. Pennuwama. මොකද,neutral,YouTube,Nidahasa. වැදගත්_x00D_ _x00D_ Eyata. Strong. Agak. Thiyanawa_x00D_ Eka. Pennuwama. මොකද,10
C0438,Police karayanwa heliwen yawana one,neutral,YouTube,police karayanwa heliwen yawana one,5
C0439,Paris walata mokuth kiyanna epa 🔪,neutral,YouTube,paris walata mokuth kiyanna epa,5
C0440,Munnan salli tiyana pisso,neutral,YouTube,munnan salli tiyana pisso,4
C0441,Ado supuna.ubt un deyk bn.bidikota eda eda idala E kale😂❤,neutral,YouTube,ado supuna.ubt un deyk bn.bidikota eda eda idala e kale,10
C0442,Ehema deyak newei kiyala thiyenne,neutral,YouTube,ehema deyak newei kiyala thiyenne,5
C0443,No problem of that. Srilanka is not a Shariya low country,neutral,YouTube,no problem of that. srilanka is not a shariya low country,11
C0444,Yako tawa ekek jangiyak adan para pannat hodai kiyana patta mongallu meke inne thawa tika dinakin jangiyath nathuwa para maruwei,offensive,YouTube,yako tawa ekek jangiyak adan para pannat hodai kiyana patta mongallu meke inne thawa tika dinakin jangiyath nathuwa para maruwei,20
C0445,Kellanta. Ega. Pannanna. Wanna. Ethi🖕🖕🖕🖕🖕🖕🤮🤮🤮,offensive,YouTube,Kellanta. Ega. Pannanna. Wanna. ethi,5
C0446,Police Karaya uge uniform eka andagenada ammage badin eliyata awe ?,neutral,YouTube,police karaya uge uniform eka andagenada ammage badin eliyata awe ?,11
C0447,AULAK NAHA OHOMA THAMAI INNA ONI,neutral,YouTube,aulak naha ohoma thamai inna oni,6
C0448,Ganiyek giyanm balanna thibba police karaya karana wade😂😂,offensive,YouTube,ganiyek giyanm balanna thibba police karaya karana wade,8
C0449,Mona reddakd bn e,hate,YouTube,mona reddakd bn e,4
C0450,"Suddata puluwan. Apita bari, appage nithi",neutral,YouTube,"suddata puluwan. apita bari, appage nithi",6
C0451,Oka waraddakda bn😅,neutral,YouTube,oka waraddakda bn,3
C0452,Tama weddo wage lankawe ponnyo,neutral,YouTube,tama weddo wage lankawe ponnyo,5
C0454,"Palayan hire, anithbunuth ikmantama ewanakam",neutral,YouTube,"palayan hire, anithbunuth ikmantama ewanakam",5
C0455,Weradda katath podie,neutral,YouTube,weradda katath podie,3
C0456,Neeteya katath akai,neutral,YouTube,neeteya katath akai,3
C0457,Gal anguru guuu pachayawa athulata danawa😂😂😂😂😂,hate,YouTube,gal anguru guu pachayawa athulata danawa,6
C0458,This should be a very good lesson to present Parliament members & higher Officials.,hate,YouTube,this should be a very good lesson to present parliament members & higher Officials.,14
C0459,Podi apita behene oyala patata bahinn api ennm...,neutral,YouTube,podi apita behene oyala patata bahinn api ennm..,8
C0460,balamu gotabaya yawwa wage,neutral,YouTube,balamu gotabaya yawwa wage,4
C0461,TOPI RATE DIYUNU KALANAM_x000D_ JEPPO RATE PALAKYO WENAWADA ANDU PERALANA_x000D_ HADISSYAK. RATA WASIYATA NA_x000D_ BIYAKUT NA,neutral,YouTube,topi rate diyunu KALANAM_x00D_ jeppo rate palakyo wenawada andu PERALANA_x00D_ HADISSYAK. rata wasiyata NA_x00D_ biyakut na,16
C0462,Jaya wewa okoma ekathuweyallaa me kalakannii apatha jathiya minimaru anduwa ellawannaa,hate,YouTube,jaya wewa okoma ekathuweyallaa me kalakannii apatha jathiya minimaru anduwa ellawannaa,11
C0463,Pol duvata pol booruvo enava hoo thiyanava 5000k denava kasiya denava kudu denava _x000D_ Kohoma hari apita hora kanna veda hada gannaa ona,offensive,YouTube,pol duvata pol booruvo enava hoo thiyanava 500k denava kasiya denava kudu denava _x00D_ kohoma hari apita hora kanna veda hada gannaa ona,23
C0464,horungai get together 😂😂😂😂😂😂,offensive,YouTube,horungai get together,3
C0465,Ratavinasawena ida denna be apita.,neutral,YouTube,ratavinasawena ida denna be apita.,5
C0466,Aniwaren Jaya wewa,neutral,YouTube,aniwaren jaya wewa,3
C0467,Rata caapu wezaballo tka Dan redde rewila inne ahinsaka minissunge saraya uarabeepu wezaballanta puca Dena ewun tikak comments Dala mahapolawe minissu dannawa me Jada majara deshaplakayanta apahu minissu balaya denne Naha umbala ekathu wewi madaya skachcha tiya tiya hitapalla eka eka hireta yaddi madya skachcha tiyanna wenne sileta vitaraye munge monnwal walinma penawa tiyana asaranakama ahinsaka minissunge Badu mudal walin pawul pitin nadattu una wezaballo Dan pora talk denawa 🤣🤣🤣🤣🤣🤣🤣🤣,hate,YouTube,rata caapu wezaballo tka dan redde rewila inne ahinsaka minissunge saraya uarabeepu wezaballanta puca dena ewun tikak comments dala mahapolawe minissu dannawa me jada majara deshaplakayanta apahu minissu balaya denne naha umbala ekathu wewi madaya skachcha tiya tiya hitapalla eka eka hireta yaddi madya skachcha tiyanna wenne sileta vitaraye munge monnwal walinma penawa tiyana asaranakama ahinsaka minissunge badu mudal walin pawul pitin nadattu una wezaballo dan pora talk denawa,69
C0468,Janatawata nam kisima awulak na meka.horuntanam prashnayak kiyala penawa,offensive,YouTube,janatawata nam kisima awulak na meka.horuntanam prashnayak kiyala penawa,9
C0469,Horu eka mitata,offensive,YouTube,horu eka mitata,3
C0470,Mun serama patta horu ! Kela wenawa denagaththama ekathu wenawa .,offensive,YouTube,mun serama patta horu ! kela wenawa denagaththama ekathu wenawa .,11
C0471,Gp Home akadipathi Pacha Anura 😡,offensive,YouTube,gp home akadipathi pacha anura,5
C0472,Uba ponnayekda anunge huththawal adala monada ban bala poroththu wenne. Den daruwoth innawa untaaa ai ohomaa sinhalayage wedema.anunge huththawal hara awussa awussa nna eka,hate,YouTube,uba ponnayekda anunge huththawal adala monada ban bala poroththu wenne. den daruwoth innawa untaa ai ohomaa sinhalayage wedema.anunge huththawal hara awussa awussa nna eka,24
C0473,Anthima eka waradi....champakalhari ge husband thamai sasanthi marry kare..oya pennanne manjula dilrukshiwa😂😂😂😂,hate,YouTube,anthima eka waradi..champakalhari ge husband thamai sasanthi marry kare..oya pennanne manjula dilrukshiwa,12
C0474,Iraj kadala tiyenne nilminige family ekada?,neutral,YouTube,iraj kadala tiyenne nilminige family ekada?,6
C0476,Boru danna epa pako. Godak ewa boru. Tharanga dilsha seen eka boru,offensive,YouTube,boru danna epa pako. godak ewa boru. tharanga dilsha seen eka boru,12
C0477,Ammata hudu JONIYA,neutral,YouTube,ammata hudu joniya,3
C0478,Thani athinda appudi gahala thiyanne 😂😂😂,neutral,YouTube,thani athinda appudi gahala thiyanne,5
C0479,eethale yanna one Anith peththata ne,neutral,YouTube,eethale yanna one anith peththata ne,6
C0480,Sanage video aka nathda,neutral,YouTube,sanage video aka nathda,4
C0481,Sanath kalakaruwek kiyala danne adane,neutral,YouTube,sanath kalakaruwek kiyala danne adane,5
C0482,Kohomada me aya egollange paul kadala thiyenne??? Kelam kiyalada?,neutral,YouTube,kohomada me aya egollange paul kadala thiyenne?? kelam kiyalada?,9
C0483,Satke thonduwa dala dagnin bellevela satka ballo,neutral,YouTube,satke thonduwa dala dagnin bellevela satka ballo,7
C0484,Uba awagayatakayak namal,neutral,YouTube,uba awagayatakayak namal,3
C0485,Mevun aavoth avurudu 100 K vath yanava,neutral,YouTube,mevun aavoth avurudu 100 k vath yanava,7
C0486,Jayaweewa janadipathi thumani,neutral,YouTube,jayaweewa janadipathi thumani,3
C0487,Namalta dan monawada kiyannea,neutral,YouTube,namalta dan monawada kiyannea,4
C0488,Namal gal vela,neutral,YouTube,namal gal vela,3
C0489,Ratama kala horakama.karala kohenda ahulan thappulanava den within ahagaththane,offensive,YouTube,ratama kala horakama.karala kohenda ahulan thappulanava den within ahagaththane,9
C0490,Ane thopi andu karapu kale janatawata kelawapu kelavilla minussu dannawa paraya thopi tama me rata kawe hora hatta dan enawa upades denta umba gedara gihin owa kiyapan anika list eken parlimentu avith pora tork denta epa lajja nadda,hate,YouTube,ane thopi andu karapu kale janatawata kelawapu kelavilla minussu dannawa paraya thopi tama me rata kawe hora hatta dan enawa upades denta umba gedara gihin owa kiyapan anika list eken parlimentu avith pora tork denta epa lajja nadda,38
C0492,Namal ponna hutto topi haduwada,neutral,YouTube,namal ponna hutto topi haduwada,5
C0493,Janapathi thumani me patta horunte nawatha chande illanna bariwenna parli menthu panathak genna😊,offensive,YouTube,janapathi thumani me patta horunte nawatha chande illanna bariwenna parli menthu panathak genna,13
C0494,Thoge langa thiyena oya koti ganan deepiya,neutral,YouTube,thoge langa thiyena oya koti ganan deepiya,7
C0496,Namal athinarn theiyagaththa neda😂,neutral,YouTube,namal athinarn theiyagaththa neda,4
C0497,Ane namal pakyo ube ammata hamniya thopi rata kala hamaiya,hate,YouTube,ane namal pakyo ube ammata hamniya thopi rata kala hamaiya,10
C0498,Namalayata puka arela.waga😅,hate,YouTube,namalayata puka arela.waga,3
C0499,Niyamai malimawata jayawewa I janadipati thumata dewi pihitai,neutral,YouTube,niyamai malimawata jayawewa i janadipati thumata dewi pihitai,8
C0500,Namal...thaththaga... Kalaya_x000D_ Oya..upadas..Danna....Danna_x000D_ Thibuna...nada...Dan...valbaila_x000D_ Gahanna...Maya...rajayata_x000D_ ❤...k..d...janadi..pathithuma_x000D_ Horakamnathi...buddimath_x000D_ Nayakayak...rata..diyunu..karanava_x000D_ Saharhika I....mayalaga...Aya_x000D_ Balaninna...baha,offensive,YouTube,Namal..thaththaga.. Kalaya_x00D_ Oya..upadas..Danna..Danna_x00D_ Thibuna..nada..Dan..valbaila_x00D_ Gahanna..Maya..rajayata_x00D_ ..k..d..janadi..pathithuma_x00D_ Horakamnathi..buddimath_x00D_ Nayakayak..rata..diyunu..karanava_x00D_ saharhika I..mayalaga..Aya_x00D_ Balaninna..baha,11
C0501,Huththo ummba occhara arthika osthar nam thopi ratak bankoloth kale ai? Paraya boruwen deshapalanaya thota hariyanne na pakayo. Pahara balla.,hate,YouTube,huththo ummba occhara arthika osthar nam thopi ratak bankoloth kale ai? paraya boruwen deshapalanaya thota hariyanne na pakayo. pahara balla.,20
C0506,"NARIYA BAYAWELA, PUKE AMARUWAK, IN ENGLISH PAIN IN THE ASS, HA HA HA NARIYO👎🏿👎🏿",hate,YouTube,"nariya BAYAWELA, puke AMARUWAK, in english pain in the ASS, ha ha ha nariyo",14
C0507,Eka athakin matanan OCD thiyena eka hondaiy kiyela hithenewa meh wage deewal nowenna 🥲,neutral,YouTube,eka athakin matanan ocd thiyena eka hondaiy kiyela hithenewa meh wage deewal nowenna,13
C0508,Ahinsaka daruwek yako,neutral,YouTube,ahinsaka daruwek yako,3
C0509,Bus ekata yata wela atha paya ebarila knna bonna netiw badaginne merenna oni kalakanni,hate,YouTube,bus ekata yata wela atha paya ebarila knna bonna netiw badaginne merenna oni kalakanni,14
C0510,Owunta uparima daduwama ddanna,neutral,YouTube,owunta uparima daduwama ddanna,4
C0511,Mge 4n ekth ohom thma arn thibbe hen ghnw oy wgee unt,neutral,YouTube,mge 4n ekth ohom thma arn thibbe hen ghnw oy wgee unt,12
C0512,Ben 10 aye dennakoo❤,neutral,YouTube,ben 10 aye dennakoo,4
C0513,Moratuwa bus wala thamai mewa wedipura kerenne,neutral,YouTube,moratuwa bus wala thamai mewa wedipura kerenne,7
C0515,Aho deviyane mani thama maruhhh😂😂,neutral,YouTube,aho deviyane mani thama maruhh,5
C0516,Dansal walath natanawa .😅,neutral,YouTube,dansal walath natanawa .,4
C0518,Lankawe hediyawanam antimai mane akki oyanam maru ane,neutral,YouTube,lankawe hediyawanam antimai mane akki oyanam maru ane,8
C0519,Bada passata . Passa issarahata 😂,neutral,YouTube,bada passata . passa issarahata,5
C0520,Ane mnda bn ekita mongalda kohedo mane akka maruwatama kala namkige wada tika,neutral,YouTube,ane mnda bn ekita mongalda kohedo mane akka maruwatama kala namkige wada tika,13
C0522,Pissu hutti dansal kann gihinuth raganawa😂,offensive,YouTube,pissu hutti dansal kann gihinuth raganawa,6
C0523,Mani ape eki .menna riyal diss😢😂❤,neutral,YouTube,mani ape eki .menna riyal diss,6
C0526,You tube ekta awama gmnma meke original video ekai mekai dakkma 😂,hate,YouTube,you tube ekta awama gmnma meke original video ekai mekai dakkma,11
C0527,"Ai minissu oya lamayata baninne a lamayage kamaththane,",neutral,YouTube,"ai minissu oya lamayata baninne a lamayage kamaththane,",8
C0528,Ape amma ehemnm man ohoma krnm pare kiyla ne 😢😢dey duwann,neutral,YouTube,ape amma ehemnm man ohoma krnm pare kiyla ne dey duwann,11
C0529,Zany Smokio kale htto me dis walata🌚❤️‍🩹,neutral,YouTube,zany smokio kale htto me dis walata,7
C0530,Anit eka ekita ati passakut na passa daganna puduma dagalillak dagalanne.,neutral,YouTube,anit eka ekita ati passakut na passa daganna puduma dagalillak dagalanne.,11
C0531,Onnethi deyk ne ithin,neutral,YouTube,onnethi deyk ne ithin,4
C0532,😂😂😂😂😂😂adee niyamaii wadinnama dilaa😂😂😂😂😂😂😂😂😂,neutral,YouTube,adee niyamaii wadinnama dilaa,4
C0534,Gruhastha hinsanayata th monahari joke akk hadanna ...😂,neutral,YouTube,gruhastha hinsanayata th monahari joke akk hadanna ..,8
C0536,Labana aurudde wesak ekata eliyata bahina ekak na😂,offensive,YouTube,labana aurudde wesak ekata eliyata bahina ekak na,8
C0537,Adeeeee ape maniyaaaaa... kalu t ekak andanam mare maru machine maniyoo🤣😅😂 Uda yata pata maru karala ekama vidiyata karana ekath gamma thamai Mani manikaaa...😅,neutral,YouTube,adee ape maniyaa.. kalu t ekak andanam mare maru machine maniyoo uda yata pata maru karala ekama vidiyata karana ekath gamma thamai mani manikaa..,24
C0538,Dm rewila ethi 😂😂😂,neutral,YouTube,dm rewila ethi,3
C0539,Moratuvat patavamud ilaga poson ekat harii Thunii 6 ×6 🤣ලෑල්ලකට ගන්න පුලුවන්,neutral,YouTube,moratuvat patavamud ilaga poson ekat harii thunii 6 ×6 ලෑල්ලකට ගන්න පුලුවන්,12
C0540,Ekanam maruwatama karanawa manesha,neutral,YouTube,ekanam maruwatama karanawa manesha,4
C0541,Kauda ane dansala walata gihin natana eka 😂😂😂😂😂😂,neutral,YouTube,kauda ane dansala walata gihin natana eka,7
C0542,Adooo😂😂😂😂_x000D_ Yasayi arakita😂😂😂,neutral,YouTube,adoo _x00D_ yasayi arakita,4
C0543,Antemata wtuna aketa henhageya,neutral,YouTube,antemata wtuna aketa henhageya,4
C0544,Ape minisun me wage boru walata ekmaning rawatane ay,offensive,YouTube,ape minisun me wage boru walata ekmaning rawatane ay,9
C0545,Ara girlge oluwa naraka tenak wedunanam etanama iwarai,neutral,YouTube,ara girlge oluwa naraka tenak wedunanam etanama iwarai,8
C0547,me mokekda me😂😂,neutral,YouTube,me mokekda me,3
C0548,Dewiyan wahanse mewa balanna. Muta nisi daduwan denna,neutral,YouTube,dewiyan wahanse mewa balanna. muta nisi daduwan denna,8
C0549,Aman Amen daviyan wahanset sthuthi ❤❤❤❤❤❤❤❤❤,neutral,YouTube,aman amen daviyan wahanset sthuthi,5
C0550,Charlatan. This crook is copying from US mega churches. Eventually law will hound this fraudster. By the time thousands of gullible people will fall prey.,neutral,YouTube,Charlatan. this crook is copying from us mega churches. eventually law will hound this fraudster. by the time thousands of gullible people will fall prey.,25
C0551,Pako palayanko pilika wattuwata😂😂😂😂,neutral,YouTube,pako palayanko pilika wattuwata,4
C0552,Muta baryda dn na cancer hospital eke lamainwa suwa karanna pal hora,offensive,YouTube,muta baryda dn na cancer hospital eke lamainwa suwa karanna pal hora,12
C0555,the rise of the false prophet,neutral,YouTube,the rise of the false prophet,6
C0556,Minissu me tharam modadida mewata ahu wenna,offensive,YouTube,minissu me tharam modadida mewata ahu wenna,7
C0557,Mata awasthawak denna jesu thaththee mage puthawa suwa Kara Ganna,neutral,YouTube,mata awasthawak denna jesu thaththee mage puthawa suwa kara ganna,10
C0558,Karu ponna pakaya gas balla,hate,YouTube,karu ponna pakaya gas balla,5
C0559,Amen Amen Halluiya ❤❤❤❤❤❤❤❤❤❤,neutral,YouTube,amen amen halluiya,3
C0562,Btc is not gambling,neutral,YouTube,btc is not gambling,4
C0563,"Here is the simplest and most honest advice. _x000D_ If you're a man who is not good looking, that means people's heads do NOT turn when you walk down the street, no good looking woman on the internet or in real life is going to just give you sex for free. You have to pay for it with money. _x000D_ If you're a woman who is not good looking, that means people's heads do NOT turn when you walk down the street, no man whether he is good looking or not on the internet or in real life is going to pay for anything unless you give him sex or some other type of labour or resource._x000D_ That's just society. I am not saying it is right. I am just being real with you. The only time this is not true is if you have truly developed a good character. These people are rare and are often people who have practiced meditation and other mindfulness techniques for many years.",hate,YouTube,"here is the simplest and most honest advice. _x00D_ if you're a man who is not good looking, that means people's heads do not turn when you walk down the street, no good looking woman on the internet or in real life is going to just give you sex for free. you have to pay for it with money. _x00D_ if you're a woman who is not good looking, that means people's heads do not turn when you walk down the street, no man whether he is good looking or not on the internet or in real life is going to pay for anything unless you give him sex or some other type of labour or resource._x00D_ That's just society. i am not saying it is right. i am just being real with you. the only time this is not true is if you have truly developed a good character. these people are rare and are often people who have practiced meditation and other mindfulness techniques for many years.",169
C0566,Ada dakka ubawa madawaciya inawa 👍👍👍👍,neutral,YouTube,ada dakka ubawa madawaciya inawa,5
C0567,Suppa machan WhatsApp no eka oni,neutral,YouTube,suppa machan whatsapp no eka oni,6
C0568,Mokaada me saranga kiganne lankawe ekekda mal pinaya,neutral,YouTube,mokaada me saranga kiganne lankawe ekekda mal pinaya,8
C0569,Ampare newei maha oya 😂,neutral,YouTube,ampare newei maha oya,4
C0570,15:40 ekanam aththa 😢,neutral,YouTube,15:40 ekanam aththa,3
C0572,Anunge kunu kana gobba pakek,neutral,YouTube,anunge kunu kana gobba pakek,5
C0573,"7:04 Siraama oii,,iiiya😂",neutral,YouTube,"7:04 siraama oii,,iiya",3
C0574,Avadanaya pinisayi meyata avadanaya dennakattaiya😂😂,neutral,YouTube,avadanaya pinisayi meyata avadanaya dennakattaiya,5
C0576,Isslama.kollekt gala pennapan kiyan uta naki මිනිස්සුන්ට gannathuwe ponnya😂😂,offensive,YouTube,Isslama.kollekt gala pennapan kiyan uta naki මිනිස්සුන්ට gannathuwe ponnya,9
C0577,Monada bn muge blnna thiyenne😂😂,neutral,YouTube,monada bn muge blnna thiyenne,5
C0578,Ai bn uta baninne ubala.. danne Nathi Nisa ahuwe,neutral,YouTube,ai bn uta baninne ubala.. danne nathi nisa ahuwe,9
C0580,Ara vikunana kaale hitapu akek,neutral,YouTube,ara vikunana kaale hitapu akek,5
C0582,Jeewithan aniyathan_x000D_ Maranan niyathan,neutral,YouTube,jeewithan aniyathan_x00D_ maranan niyathan,4
C0583,Kiyada aiye oyage wayasa❤,neutral,YouTube,kiyada aiye oyage wayasa,4
C0585,Uoo yanne paaraka kello inne bus stand eke umbala kaatada yakoo boru karnne,offensive,YouTube,uoo yanne paaraka kello inne bus stand eke umbala kaatada yakoo boru karnne,13
C0586,Redda thamai_x000D_ Wena neththan hodai_x000D_ Okkomata kalin_x000D_ Agapatha_x000D_ Hadagaththoth_x000D_ Hoda Nedda_x000D_ 😨😨😨,hate,YouTube,redda thamai_x00D_ wena neththan hodai_x00D_ okkomata kalin_x00D_ Agapatha_x00D_ Hadagaththoth_x00D_ hoda Nedda_x00D_,11
C0587,Hati huththige puthage...Kahi kuurak wage pakadaya,hate,YouTube,hati huththige puthage..Kahi kuurak wage pakadaya,6
C0588,Bike eka uda panuwek ynwa wage idakin😂😂,neutral,YouTube,bike eka uda panuwek ynwa wage idakin,7
C0589,Waddek wenna athi akane bas tand gane bike padinne,neutral,YouTube,waddek wenna athi akane bas tand gane bike padinne,9
C0590,Thoge Ammata hukapan keriya,hate,YouTube,thoge ammata hukapan keriya,4
C0591,Mama hutha allala gaththu away wenna athi.gon baduwage putha,hate,YouTube,mama hutha allala gaththu away wenna athi.gon baduwage putha,9
C0592,Okun komat salli peretayo,neutral,YouTube,okun komat salli peretayo,4
C0593,Anunge gedara monawada thembenne kiyala balan netbuwa...oyalage gedara monawada karawenne kiyala hoyala beluwoth hodai neda....,offensive,YouTube,anunge gedara monawada thembenne kiyala balan netbuwa..oyalage gedara monawada karawenne kiyala hoyala beluwoth hodai neda..,15
C0594,Mehema post hadanne minissu nam wenna ba.thirisanek.,offensive,YouTube,mehema post hadanne minissu nam wenna ba.thirisanek.,7
C0595,Policeya ganna Lajjai Hirikithai,offensive,YouTube,policeya ganna lajjai hirikithai,4
C0596,Midiya karayo hithan inne un loku porawal kiyala,offensive,YouTube,midiya karayo hithan inne un loku porawal kiyala,8
C0597,Malima police ballo sirasa kotinwa rakinawa,offensive,YouTube,malima police ballo sirasa kotinwa rakinawa,6
C0598,Uba dekkama niginneth na ban,offensive,YouTube,uba dekkama niginneth na ban,5
C0600,Manasika ledak ati meyata.prathikara awashsai,offensive,YouTube,manasika ledak ati meyata.prathikara awashsai,5
C0601,Hadapu ammatat sapayak epadila enna lamayatat sapayak meyanam,offensive,YouTube,hadapu ammatat sapayak epadila enna lamayatat sapayak meyanam,8
C0602,Me mongal gani tika dawasak nathuwa hitiya aye innawa thu nodakin,offensive,YouTube,me mongal gani tika dawasak nathuwa hitiya aye innawa thu nodakin,11
C0604,Mekita molda bn,offensive,YouTube,mekita molda bn,3
C0605,Pissu magulak .labbbata pol kuru dekak gahala wage..nodakin,offensive,YouTube,pissu magulak .labbata pol kuru dekak gahala wage..nodakin,8
C0606,Mekinam maha sapayak,offensive,YouTube,mekinam maha sapayak,3
C0607,Pampers ekakut daganna,offensive,YouTube,pampers ekakut daganna,3
C0608,Eyaaaa guuuuu goda,offensive,YouTube,eyaa guu goda,3
C0611,Mekige fan eke thiyena kunu,offensive,YouTube,mekige fan eke thiyena kunu,5
C0612,Uba wage badu walata kauda bn adare karan ne balapan tawa tika dawasak idi okat ubat ekka,offensive,YouTube,uba wage badu walata kauda bn adare karan ne balapan tawa tika dawasak idi okat ubat ekka,17
C0613,Ane oka Akka wena kauda Anne uba wage musala ganiyek thamai anne,offensive,YouTube,ane oka akka wena kauda anne uba wage musala ganiyek thamai anne,12
C0614,Ubalage sex.ekak dapallnko itin oke alla alla mirikanne nethuwa,offensive,YouTube,ubalage sex.ekak dapallnko itin oke alla alla mirikanne nethuwa,9
C0615,Boruwt raganna epa ban dan nan uba karanne hena boruwak kiyala minissu dannawa,offensive,YouTube,boruwt raganna epa ban dan nan uba karanne hena boruwak kiyala minissu dannawa,13
C0618,Pissu wesiyek mek,hate,YouTube,pissu wesiyek mek,3
C0619,Me wage mongal amana wesiyonge kinbata nai miris kotala obanna oona.,hate,YouTube,me wage mongal amana wesiyonge kinbata nai miris kotala obanna oona.,11
C0620,Vise thota homben giyanam Akak thowa,hate,YouTube,vise thota homben giyanam akak thowa,6
C0621,Patta wesavi..too mariyanko oya waturae gilila..Balu hu.....I,hate,YouTube,patta wesavi..too mariyanko oya waturae gilila..Balu hu..I,7
C0623,Ma ha Wes a geniyak idaki,hate,YouTube,ma ha wes a geniyak idaki,6
C0624,nodakin vítharak wesa gani,hate,YouTube,nodakin vítharak wesa gani,4
C0625,Thope lamai hadenneth oya widiyata tama kalakanni gani,hate,YouTube,thope lamai hadenneth oya widiyata tama kalakanni gani,8
C0626,Awajathaka wasa balleyak make,hate,YouTube,awajathaka wasa balleyak make,4
C0627,Gon wesa ganii,hate,YouTube,gon wesa ganii,3
C0628,Sakkili wesi kamata garu karala kapan baduwa,hate,YouTube,sakkili wesi kamata garu karala kapan baduwa,7
C0629,hukana sadde enne uba kaddith,hate,YouTube,hukana sadde enne uba kaddith,5
C0630,Ai thota wena wedak nedda pakayo,hate,YouTube,ai thota wena wedak nedda pakayo,6
C0631,Eten topita pukaa amaruda akama janatawa akama anduwak tarum ganin,hate,YouTube,eten topita pukaa amaruda akama janatawa akama anduwak tarum ganin,10
C0632,ITIN HUTTOOOO TOTA PAANDAA,hate,YouTube,itin huttoo tota paandaa,4
C0633,bbalata wage pissu nhe thopiwage 5000 un nhe. eanne hadawatin annunge ewa houanne nethiwa mahinda ge gu lewakapan,hate,YouTube,bbalata wage pissu nhe thopiwage 500 un nhe. eanne hadawatin annunge ewa houanne nethiwa mahinda ge gu lewakapan,18
C0634,Ane pako .,hate,YouTube,ane pako .,3
C0635,mea ganatavath lebimagena sathutu weyalla Kalin Andu thibboth thopi polinvala merenne Moda hettha,hate,YouTube,mea ganatavath lebimagena sathutu weyalla kalin andu thibboth thopi polinvala merenne moda hettha,13
C0636,Mekalakanninta aye gedara innathbbariwei etharam jvp npp thiththai,hate,YouTube,mekalakanninta aye gedara innathbbariwei etharam jvp npp thiththai,8
C0638,pala pakaya yanna hora pakayalata puka thanna apa,hate,YouTube,pala pakaya yanna hora pakayalata puka thanna apa,8
C0639,Hon pakya my andouwe wardak nawei yko loke prssanyak yoddayak! Yko harma ganing nokyake nowee,hate,YouTube,hon pakya my andouwe wardak nawei yko loke prssanyak yoddayak! yko harma ganing nokyake nowee,15
C0640,Ubata hena gahanwa ganu jathiyta apahasa karanawata,offensive,YouTube,ubata hena gahanwa ganu jathiyta apahasa karanawata,7
C0641,Makita paratayaka vahila,offensive,YouTube,makita paratayaka vahila,3
C0642,Peretha pidennak denna wela,offensive,YouTube,peretha pidennak denna wela,4
C0643,Harak wal kanawa wagei,offensive,YouTube,harak wal kanawa wagei,4
C0644,Nodakin Kane hati ita passe awthi kiyanawa mekige awa hoyanawalu. Puse nambi,offensive,YouTube,nodakin kane hati ita passe awthi kiyanawa mekige awa hoyanawalu. puse nambi,12
C0645,Peretha Gani. Eeeyya atha Pura ga gena,offensive,YouTube,peretha Gani. eeyya atha pura ga gena,7
C0646,Nodakin jara goda,offensive,YouTube,nodakin jara goda,3
C0647,Kala Nathi unta kama labuna ma ohoma thamai,offensive,YouTube,kala nathi unta kama labuna ma ohoma thamai,8
C0648,Munge gonkan ratata pennan dagalana taramak apppiriyai topi wage ganu sapayak.,offensive,YouTube,munge gonkan ratata pennan dagalana taramak appiriyai topi wage ganu sapayak.,11
C0649,Gukano wage Yako kannawath danne nathi genu,offensive,YouTube,gukano wage yako kannawath danne nathi genu,7
C0650,Nodakin me gannu,offensive,YouTube,nodakin me gannu,3
C0651,Iyaa appiriyawee ba ganiyek kana widiha yako ganiyekda uba,offensive,YouTube,iyaa appiriyawee ba ganiyek kana widiha yako ganiyekda uba,9
C0652,Nodakin witharak. Kanna wath dan naa. Aye me minissu mehema,offensive,YouTube,nodakin witharak. kanna wath dan naa. aye me minissu mehema,10
C0653,Mun wagea un handa hamuduruwo kenaktawat enna naha,offensive,YouTube,mun wagea un handa hamuduruwo kenaktawat enna naha,8
C0655,Meki jereiteta kala nayi ganiyak wage,offensive,YouTube,meki jereiteta kala nayi ganiyak wage,6
C0656,Ade ub marila yai tikak kapan ban ub nisa fb eke apith sathuten marunoth apit dukai jok dhann gihinn thamuset mai marenn wenne mas 8 vthr,offensive,YouTube,ade ub marila yai tikak kapan ban ub nisa fb eke apith sathuten marunoth apit dukai jok dhann gihinn thamuset mai marenn wenne mas 8 vthr,26
C0657,Gu da kanne,offensive,YouTube,gu da kanne,3
C0658,uro jarawakannath ohomai appiriya,offensive,YouTube,uro jarawakannath ohomai appiriya,4
C0659,Pala kala kanniya,offensive,YouTube,pala kala kanniya,3
C0661,Pala huthyho bath buruwa,offensive,YouTube,pala huthyho bath buruwa,4
C0663,Nakinta therenne na owa. lamaiwath kiyala dipan Gon katha nokiya karana wedak karagana inna kiyal,offensive,YouTube,nakinta therenne na owa. lamaiwath kiyala dipan gon katha nokiya karana wedak karagana inna kiyal,15
C0664,Pala naki hipatu ....yanna,offensive,YouTube,pala naki hipatu ..yanna,4
C0665,"Moda,lokaya gena nodanna wedihitiyan sema andabaloyoda atha!!",offensive,YouTube,"Moda,lokaya gena nodanna wedihitiyan sema andabaloyoda atha!!",7
C0666,Munta dan thmi thrilled thiyanna,offensive,YouTube,munta dan thmi thrilled thiyanna,5
C0667,Dan puke anaruwa hoda athi ne obalane ban rata anurata stiker gahagena threewil diwwe dunnanam kapan,offensive,YouTube,dan puke anaruwa hoda athi ne obalane ban rata anurata stiker gahagena threewil diwwe dunnanam kapan,16
C0668,Kawadame hikanala moda pagek,offensive,YouTube,kawadame hikanala moda pagek,4
C0669,Thamath Anduwata Kade Yanawa Kiyanne Unta Mole Hiriwetila,offensive,YouTube,thamath anduwata kade yanawa kiyanne unta mole hiriwetila,8
C0670,Mun amu gawayo.lokaya gana kisidayak.danathi harake,offensive,YouTube,mun amu gawayo.lokaya gana kisidayak.danathi harake,6
C0671,Kauda bn me amu gawaya,offensive,YouTube,kauda bn me amu gawaya,5
C0672,Ane palayan nakiya,offensive,YouTube,ane palayan nakiya,3
C0673,Okage mole guda tinne agaharu loke inna akedda koheda,offensive,YouTube,okage mole guda tinne agaharu loke inna akedda koheda,9
C0675,Jeppo tharam hodatama kranwa,offensive,YouTube,jeppo tharam hodatama kranwa,4
C0676,Kakat ekai eddi kiyaba ewa na karaddi podi un maran kanaw,offensive,YouTube,kakat ekai eddi kiyaba ewa na karaddi podi un maran kanaw,11
C0677,Pala kalakanni balla,offensive,YouTube,pala kalakanni balla,3
C0679,Thopi thama me rata kawe,offensive,YouTube,thopi thama me rata kawe,5
C0680,2year wath jumpare andanna ballata,offensive,YouTube,2year wath jumpare andanna ballata,5
C0681,Muta aniwarayen daduwan dena utay,offensive,YouTube,muta aniwarayen daduwan dena utay,5
C0682,Card bored weraya,offensive,YouTube,card bored weraya,3
C0683,da sinha wes gath nariyata dan kydiri ganava. Una deyak.,offensive,YouTube,da sinha wes gath nariyata dan kydiri ganava. una deyak.,10
C0684,niyamai. hora thakkadi ganayat,offensive,YouTube,niyamai. hora thakkadi ganayat,4
C0685,Me hiredannama one sakkiliya,offensive,YouTube,me hiredannama one sakkiliya,4
C0686,yakoo kathawanam mahaa chandi wagee eth usawi enna kiyanakota me okkotama asaniipa wenawanee,offensive,YouTube,yakoo kathawanam mahaa chandi wagee eth usawi enna kiyanakota me okkotama asaniipa wenawanee,13
C0687,Ethulata gihin oya thiyaney amaruva suwakaraga henna hodey,offensive,YouTube,ethulata gihin oya thiyaney amaruva suwakaraga henna hodey,8
C0688,Thuk nodaking madavi,offensive,YouTube,thuk nodaking madavi,3
C0689,Kalekanni yako thopine kiuwe mase 6 rate gode danewa apite dende kiyela dan moko baila gahanne gon hatte,offensive,YouTube,kalekanni yako thopine kiuwe mase 6 rate gode danewa apite dende kiyela dan moko baila gahanne gon hatte,18
C0690,Sirasai parakiyanne dobi sirasa,offensive,YouTube,sirasai parakiyanne dobi sirasa,4
C0693,Munge Depola Wathkam Gana Hoyala Balanna,offensive,YouTube,munge depola wathkam gana hoyala balanna,6
C0694,Sakkili wada Mai karanne mu...balla...,offensive,YouTube,sakkili wada mai karanne mu..balla..,5
C0696,rajapassala banga wewa,offensive,YouTube,rajapassala banga wewa,3
C0697,Samanalayoi ganikawoi akata akathu wechcha samajayak,offensive,YouTube,samanalayoi ganikawoi akata akathu wechcha samajayak,6
C0698,Makan wanna thoga channel akath epa wannawa oka athi yako dan wana akak dapannako,offensive,YouTube,makan wanna thoga channel akath epa wannawa oka athi yako dan wana akak dapannako,14
C0699,Ubalata hena hathama wadiyan,offensive,YouTube,ubalata hena hathama wadiyan,4
C0701,"Facebook,Mata ehenam okava hamba unanam kana palanava..uurage",offensive,YouTube,"Facebook,Mata ehenam okava hamba unanam kana palanava..uurage",7
C0702,Yanaya balanna kauda asa unta redda vana vana samanllu,offensive,YouTube,yanaya balanna kauda asa unta redda vana vana samanllu,9
C0703,Hari loku kamak keruwa wagene.. Ara jara ganu denna raganne... Hama akatama redda ussana un.. Mun ganuda,offensive,YouTube,hari loku kamak keruwa wagene.. ara jara ganu denna raganne.. hama akatama redda ussana un.. mun ganuda,17
C0704,pissu ganiyek.mekiwa angodata yawanna thiyenne,offensive,YouTube,pissu ganiyek.mekiwa angodata yawanna thiyenne,5
C0705,Hama Anduwakma Kudugenna Anubaladenawa,offensive,YouTube,hama anduwakma kudugenna anubaladenawa,4
C0706,Ragapanawa niyamai ###bandula kudu mudalalila,offensive,YouTube,ragapanawa niyamai ##bandula kudu mudalalila,5
C0707,Venna ati namal kohomath kupadiya ganikawo ekka natapu ekane,offensive,YouTube,venna ati namal kohomath kupadiya ganikawo ekka natapu ekane,9
C0708,Thisara nam maha balu,offensive,YouTube,thisara nam maha balu,4
C0710,Naki pakaya munta nikan Kanna dunnath hoda ne kiyana harakek,hate,YouTube,naki pakaya munta nikan kanna dunnath hoda ne kiyana harakek,10
C0712,kriyathmaka kala uthui muge kata nisa sasane kaala vinasa karanna awa kalakanni heththa,hate,YouTube,kriyathmaka kala uthui muge kata nisa sasane kaala vinasa karanna awa kalakanni heththa,13
C0713,Mekaaaa hireee yannaa oni... Wesigee putha@,hate,YouTube,mekaa hiree yannaa oni.. wesigee putha@,6
C0714,Me rata vinasakarapu tirisan hamuduruwo. Budurjun matasamawenna. Mama satiya kiyanne.,hate,YouTube,me rata vinasakarapu tirisan hamuduruwo. budurjun matasamawenna. mama satiya kiyanne.,10
C0715,Maka. Inna. Okkaoma. Marakkalayona. Hamuduruvo. Wobalaga. Monada. Ga5htha,hate,YouTube,Maka. Inna. Okkaoma. Marakkalayona. Hamuduruvo. Wobalaga. Monada. Ga5htha,8
C0716,Dapalla parayawa athulata,hate,YouTube,dapalla parayawa athulata,3
C0717,Rata kapu musalyoooo,hate,YouTube,rata kapu musalyoo,3
C0718,Ko pakayo innawa kiuwa lamaya Boru kiyanna epa huththo kiyanna de kelin kiyapan,hate,YouTube,ko pakayo innawa kiuwa lamaya boru kiyanna epa huththo kiyanna de kelin kiyapan,13
C0719,hesitha pakayoooyako thota katha karanna danne nahatho maha loku pakayek,hate,YouTube,hesitha pakayooyako thota katha karanna danne nahatho maha loku pakayek,10
C0720,Moun kollonge pai asawe aka aka huththawal hadagena meke ragapanna hadanawa,hate,YouTube,moun kollonge pai asawe aka aka huththawal hadagena meke ragapanna hadanawa,11
C0721,UNP para ballo mage rata keewa... thopita henagahapiyaw!!!!,hate,YouTube,unp para ballo mage rata keewa.. thopita henagahapiyaw!!,8
C0722,Nodakin kata karannawat danne ne ponna ranila,hate,YouTube,nodakin kata karannawat danne ne ponna ranila,7
C0723,Islam allan thopi boomba gahala aurudu 4k na,hate,YouTube,islam allan thopi boomba gahala aurudu 4k na,8
C0724,Ammata hukavanava kristhiyani pakayalata min passe.loya pakayalathath kelinava huththige puthalata,hate,YouTube,ammata hukavanava kristhiyani pakayalata min passe.loya pakayalathath kelinava huththige puthalata,10
C0725,Ane gono thopi wage un parlimenthu awama hithagnna puluwn anduwa karana un gena,hate,YouTube,ane gono thopi wage un parlimenthu awama hithagnna puluwn anduwa karana un gena,13
C0726,MENNA MUSLIM MAS WADDHO Pahara balla,hate,YouTube,menna muslim mas waddho pahara balla,6
C0728,menna me gota paraya comments on karala,hate,YouTube,menna me gota paraya comments on karala,7
C0729,MARUNADEN OKUNWA PATI DAPU KARIWESIYO,hate,YouTube,marunaden okunwa pati dapu kariwesiyo,5
C0730,"Thopi Sinhalayagenma Kala beela , Sinhalayama marana wal thambi heththa henama gahapan.",hate,YouTube,"thopi sinhalayagenma kala beela , sinhalayama marana wal thambi heththa henama gahapan.",12
C0733,Adaws walm barii unanii mee keri thambi tikae dem hathae aka param ewaryk krnn,hate,YouTube,adaws walm barii unanii mee keri thambi tikae dem hathae aka param ewaryk krnn,14
C0734,Ane hukee huttiyak,hate,YouTube,ane hukee huttiyak,3
C0735,uber ammata hukanna hicci murgaya,hate,YouTube,uber ammata hukanna hicci murgaya,5
C0736,"ane uduburana ballo rate ganu thota gahanneape ganu nemi, Muslim ganu kalinma thota ballo thota mokadawenne balaganin",hate,YouTube,"ane uduburana ballo rate ganu thota gahanneape ganu nemi, muslim ganu kalinma thota ballo thota mokadawenne balaganin",17
C0737,Mu maha keri ponnaya,hate,YouTube,mu maha keri ponnaya,4
C0738,Kalakanni thopita dn wenasa sepada?,hate,YouTube,kalakanni thopita dn wenasa sepada?,5
C0739,Yko me ponnaya prashna ahana widiha,hate,YouTube,yko me ponnaya prashna ahana widiha,6
C0740,Badu wesi uba adanne ice nathi sick eke,hate,YouTube,badu wesi uba adanne ice nathi sick eke,8
C0743,Gon pakayek thonam ponnayo,hate,YouTube,gon pakayek thonam ponnayo,4
C0744,Ponna hutto umbata wena weda neddha huttho,hate,YouTube,ponna hutto umbata wena weda neddha huttho,7
C0745,me ponna aanduwa thawa awrudu 3 bayawenna EPA gematama set weyan,hate,YouTube,me ponna aanduwa thawa awrudu 3 bayawenna epa gematama set weyan,11
C0746,Mnan huththo athe gahuva,hate,YouTube,mnan huththo athe gahuva,4
C0747,karagena palauau topi wage un marennama one ballo,hate,YouTube,karagena palauau topi wage un marennama one ballo,8
C0748,Ma waga balliyo ballontema thamai,hate,YouTube,ma waga balliyo ballontema thamai,5
C0749,Ponna ranilo badurideen okata sambandai,hate,YouTube,ponna ranilo badurideen okata sambandai,5
C0750,Patta wesiyo ubata ammanam batu gediyak gahaganin samajeta pennanne nathuwa,hate,YouTube,patta wesiyo ubata ammanam batu gediyak gahaganin samajeta pennanne nathuwa,10
C0751,Wesa huththi...thopi wage vesiyo hadapu maha ekatath hena gahanawa...patta huththi,hate,YouTube,wesa huththi..thopi wage vesiyo hadapu maha ekatath hena gahanawa..patta huththi,10
C0752,Ana hutto saudiyata pala,hate,YouTube,ana hutto saudiyata pala,4
C0753,Ponnayoo 550 k innwa,hate,YouTube,ponnayoo 550 k innwa,4
C0754,GON RANJA HIRUNIKATA VITHARAK NEME PUKE ARALA THIYENNE,hate,YouTube,gon ranja hirunikata vitharak neme puke arala thiyenne,8
C0756,Comments daana godak kollo pirimi newe cheetha ...ponnayo,hate,YouTube,comments daana godak kollo pirimi newe cheetha ..ponnayo,8
C0757,WiFi iwarai piumi oya ikamnata nirodayana wennako puke hila loku hinda karagaththa weda thama,hate,YouTube,wifi iwarai piumi oya ikamnata nirodayana wennako puke hila loku hinda karagaththa weda thama,14
C0759,Lankawama guu kara gon huttiyo denna😡,hate,YouTube,lankawama guu kara gon huttiyo denna,6
C0760,Oya pakayawa mata dapalla Okawa puka arala maranawa,hate,YouTube,oya pakayawa mata dapalla okawa puka arala maranawa,8
C0761,ek kollekta lov karapan.kollo okkotam ekm thama tiyenne wesiii.,hate,YouTube,ek kollekta lov karapan.kollo okkotam ekm thama tiyenne wesii.,9
C0763,me wesinam ponna wesiyak,hate,YouTube,me wesinam ponna wesiyak,4
C0765,lankawe innema wesama hottiyo,hate,YouTube,lankawe innema wesama hottiyo,4
C0766,wesita hukagena hukagena yanawa belli,hate,YouTube,wesita hukagena hukagena yanawa belli,5
C0767,ponna weda karanna epa koto,hate,YouTube,ponna weda karanna epa koto,5
C0768,jepponta puke arinawa ponnayo,hate,YouTube,jepponta puke arinawa ponnayo,4
C0770,Pissak Kari ponnaya,hate,YouTube,pissak kari ponnaya,3
C0771,Kollo oya ponnaya ga number eka dipn .kari ponnyo hinda lamai nuth iwrai,hate,YouTube,kollo oya ponnaya ga number eka dipn .kari ponnyo hinda lamai nuth iwrai,13
C0772,Hora huthaga puthala,hate,YouTube,hora huthaga puthala,3
C0773,Menna maranawa nam balla. Muwa marala danna ona.sakkiliya,hate,YouTube,menna maranawa nam balla. muwa marala danna ona.sakkiliya,8
C0774,Ponna sagiya tho kata wahagena hitapia,hate,YouTube,ponna sagiya tho kata wahagena hitapia,6
C0775,Ratata kiyanne nathiva anmata huka huka hitapan vesi,hate,YouTube,ratata kiyanne nathiva anmata huka huka hitapan vesi,8
C0776,Ubala ekka horakam karanna nam jvp ___ ba.hirikithai kalakanni .hora _____ .ranila dan hodaida,hate,YouTube,ubala ekka horakam karanna nam jvp __ ba.hirikithai kalakanni .hora __ .ranila dan hodaida,14
C0777,Mona magula karath wedak na final eken 🇱🇰 kanawa indian kaaraya,offensive,YouTube,mona magula karath wedak na final eken kanawa indian kaaraya,10
C0778,8 pass ekk ohma hithn inna ekth awlk nh habai__ 🤦,offensive,YouTube,8 pass ekk ohma hithn inna ekth awlk nh habai__,10
C0779,Jeppo kohomath higa kala keta hollala minissu rawattala sallli hamba karan sepa widina kuhaka jathiyak,offensive,YouTube,jeppo kohomath higa kala keta hollala minissu rawattala salli hamba karan sepa widina kuhaka jathiyak,15
C0781,",meyata athimahath apakirthiyak athkara dun pannapu janadipathi 🙄",offensive,YouTube,",meyata athimahath apakirthiyak athkara dun pannapu janadipathi",7
C0782,Oya ganu seratama hapan oya polisiytta mada gahana karane owa udgosana nemeballiyo,offensive,YouTube,oya ganu seratama hapan oya polisiytta mada gahana karane owa udgosana nemeballiyo,12
C0783,Pissu ban mekita..boru sobane,offensive,YouTube,pissu ban mekita..boru sobane,4
C0784,Hen ghpn ubt,offensive,YouTube,hen ghpn ubt,3
C0785,Oya banna meeharaka anunge opadupa. Hoyanava. Athi,offensive,YouTube,oya banna meeharaka anunge opadupa. Hoyanava. athi,7
C0786,Ublata danna news ndda yako kabbnwa form krnne,offensive,YouTube,ublata danna news ndda yako kabbnwa form krnne,8
C0787,Thisara thamai lankawe cricket kaawe,offensive,YouTube,thisara thamai lankawe cricket kaawe,5
C0788,Thambi hma town ekama allan ynwa ape ewunta ganakwath na...,offensive,YouTube,thambi hma town ekama allan ynwa ape ewunta ganakwath na..,10
C0789,Rata winasha kale basillage kattiya,offensive,YouTube,rata winasha kale basillage kattiya,5
C0790,Lankawe un kapu beepu ewa ethanama rena unt a mewa hariyaida,offensive,YouTube,lankawe un kapu beepu ewa ethanama rena unt a mewa hariyaida,11
C0791,oya oya jiwithe widinawa newei akke widawanawa balanna ketha oyage huuu heluwen amma paw minissu eyatai baninne,offensive,YouTube,oya oya jiwithe widinawa newei akke widawanawa balanna ketha oyage huu heluwen amma paw minissu eyatai baninne,17
C0792,Oya ge than gediya maru,offensive,YouTube,oya ge than gediya maru,5
C0793,Yako gon athal denna epa..,offensive,YouTube,yako gon athal denna epa..,5
C0794,Anee ban anunge kunu wekunan nathiwa ubalata wena monawathma nathida hambakaran kanna,offensive,YouTube,anee ban anunge kunu wekunan nathiwa ubalata wena monawathma nathida hambakaran kanna,12
C0795,Jvp karayo kawadda aetta kuwe,offensive,YouTube,jvp karayo kawadda aetta kuwe,5
C0796,Okage katata henagahapa,offensive,YouTube,okage katata henagahapa,3
C0797,Ade mu thama marenne nane balapanko,offensive,YouTube,ade mu thama marenne nane balapanko,6
C0799,Pissek wage ke gahanba epa ban lahiru gen igena ganin interview karana vidiha,offensive,YouTube,pissek wage ke gahanba epa ban lahiru gen igena ganin interview karana vidiha,13
C0800,Bomba gahuwe mun thamai kalakanni,offensive,YouTube,bomba gahuwe mun thamai kalakanni,5
C0801,Kohomat okunta ne mataka.ape kollo netnm merila hetta,offensive,YouTube,kohomat okunta ne mataka.ape kollo netnm merila hetta,8
C0802,Caroline uba maha saapyk,offensive,YouTube,caroline uba maha saapyk,4
C0803,Eta dekan elanna ona muwa gothayawa sanath buruwa,offensive,YouTube,eta dekan elanna ona muwa gothayawa sanath buruwa,8
C0804,ratata wedak ethi .thamanta wedak ethi deyak balapalla bn,offensive,YouTube,ratata wedak ethi .thamanta wedak ethi deyak balapalla bn,9
C0805,Hama Anduwakama enne Kuddo...,offensive,YouTube,hama anduwakama enne Kuddo..,4
C0806,Mun serama elawala danna one,offensive,YouTube,mun serama elawala danna one,5
C0807,Rajapassala wadakaranna bari jathiyak,offensive,YouTube,rajapassala wadakaranna bari jathiyak,4
C0808,Ulama nodakin kalakanniya,offensive,YouTube,ulama nodakin kalakanniya,3
C0809,Idakin gaanu okkma ekai,offensive,YouTube,idakin gaanu okkma ekai,4
C0810,me kala kanniyawa marala danna karuth nedda yako,offensive,YouTube,me kala kanniyawa marala danna karuth nedda yako,8
C0811,Nodain thama me wage akeak hitiyama athi,offensive,YouTube,nodain thama me wage akeak hitiyama athi,7
C0812,kavatha vath appe rata goda yanne na ma kalakani hinda,offensive,YouTube,kavatha vath appe rata goda yanne na ma kalakani hinda,10
C0813,Gaman pilata hana gahapiya,offensive,YouTube,gaman pilata hana gahapiya,4
C0814,"Badu namal ow okkoma pawla pitin hire danna one, passe inna ewnwt danna one jonyla wge",offensive,YouTube,"badu namal ow okkoma pawla pitin hire danna one, passe inna ewnwt danna one jonyla wge",16
C0815,Apoi thuuu nodakin,offensive,YouTube,apoi thuu nodakin,3
C0816,Marama hurathalayak. Nodakin,offensive,YouTube,marama hurathalayak. nodakin,3
C0817,ane ganiye issellama hitapan inne koheda kiyala weradi tibunat ohomad hesirenne balapan ratawal wala minissu hina wena hati,offensive,YouTube,ane ganiye issellama hitapan inne koheda kiyala weradi tibunat ohomad hesirenne balapan ratawal wala minissu hina wena hati,18
C0818,Wikara genu passe gihin anthimata apayata yanna lasthi weyan,offensive,YouTube,wikara genu passe gihin anthimata apayata yanna lasthi weyan,9
C0819,Piyumi baduwagey saddey kohomadha,offensive,YouTube,piyumi baduwagey saddey kohomadha,4
C0821,haluwen innakota oita wadiya lassana athi nada akka.,offensive,YouTube,haluwen innakota oita wadiya lassana athi nada akka.,8
C0824,Itin apit pucd,offensive,YouTube,itin apit pucd,3
C0825,Oya thama mn dakapu hodama kena,neutral,YouTube,oya thama mn dakapu hodama kena,6
C0826,adambarai oya gena,neutral,YouTube,adambarai oya gena,3
C0827,api hambemuda dawasaka,neutral,YouTube,api hambemuda dawasaka,3
C0828,oya hoda yaluwek,neutral,YouTube,oya hoda yaluwek,3
C0829,oya gena apita sathutui,neutral,YouTube,oya gena apita sathutui,4
C0830,moonata hinwak genawata thanks,neutral,YouTube,moonata hinwak genawata thanks,4
C0832,dawasa hodai da,neutral,YouTube,dawasa hodai da,3
C0835,me jiwithe gena sathutui,neutral,YouTube,me jiwithe gena sathutui,4
C0836,Ou oya hari,neutral,YouTube,ou oya hari,3
C0837,apita puluwan katha krnna,neutral,YouTube,apita puluwan katha krnna,4
C0838,mn oya katha karana widihata kemathi,neutral,YouTube,mn oya katha karana widihata kemathi,6
C0839,api hithuwa oya dinai kiyala,neutral,YouTube,api hithuwa oya dinai kiyala,5
C0840,Ou oba hari mn me agamata kemathi,neutral,YouTube,ou oba hari mn me agamata kemathi,7
C0841,ikman suwaya parthana krwna yaluwa,neutral,YouTube,ikman suwaya parthana krwna yaluwa,5
C0843,Lakmathawaga virodara ranaviruwo apa hadawath wala semada redevi.theruwan saranae. 👍,neutral,Facebook,lakmathawaga virodara ranaviruwo apa hadawath wala semada redevi.theruwan saranae.,9
C0844,Hena gahapan yako 😡,hate,Facebook,hena gahapan yako,3
C0845,Ane noka idala merila palayau 😠,hate,Facebook,ane noka idala merila palayau,5
C0846,mavu sihikara mama me lagadit go_abayiyage,offensive,Facebook,mavu sihikara mama me lagadit go_abayiyage,6
C0849,"Hodatoma karapu ekek, hodata karala yanawa. Enakota Army guard denna venawada. Seat eka Dala diwwa ekek ❤️ 🌸",neutral,Facebook,"hodatoma karapu ekek, hodata karala yanawa. enakota army guard denna venawada. seat eka dala diwwa ekek",16
C0850,Aththatama kiyanna kisima deyak ne anith aya hemadema kiyala thiyanne.mona unath me geni aththama kiyannawa.thaman gon bduwak kiyala thamanma piliganna ekath hemotama karanna be,hate,Facebook,aththatama kiyanna kisima deyak ne anith aya hemadema kiyala thiyanne.mona unath me geni aththama kiyannawa.thaman gon bduwak kiyala thamanma piliganna ekath hemotama karanna be,24
C0852,Mawenuwan kate karapu hodame katewe 😊,neutral,Facebook,mawenuwan kate karapu hodame katewe,5
C0853,Okata hena hathama gahala wilpattu kapapu nisa gahak watila mariya,offensive,Facebook,okata hena hathama gahala wilpattu kapapu nisa gahak watila mariya,10
C0854,Lejja Nedda Oiii Watalappan Illanneee ❤️,neutral,Facebook,lejja nedda oii watalappan illannee,5
C0855,Huththa palenna diva danna puluvannnn,hate,Facebook,huththa palenna diva danna puluvann,5
C0856,Hoda welwta http page eke nama dakke,neutral,Facebook,hoda welwta http page eke nama dakke,7
C0857,Mokada dapu dawas wala vitharane unlimited __,neutral,Facebook,mokada dapu dawas wala vitharane unlimited __,7
C0858,Lassna ahinsaka ghniyekwa dala Mee miniha Ara udakkiywa badagena Dan ee lamyage video Dada innwa kochara pw da,offensive,Facebook,lassna ahinsaka ghniyekwa dala mee miniha ara udakkiywa badagena dan ee lamyage video dada innwa kochara pw da,18
C0859,Onna ounge thama belli kapanna onee,hate,Facebook,onna ounge thama belli kapanna onee,6
C0860,Ape sinhalayatath ona asath sali wage sinhalaya wenuwen katha karana un. Depaththata wanena parayo newey. 🤬,hate,Facebook,ape sinhalayatath ona asath sali wage sinhalaya wenuwen katha karana un. depaththata wanena parayo newey.,15
C0861,Europe wala inna suddiyo best munta wada.. 😊,neutral,Facebook,europe wala inna suddiyo best munta wada..,7
C0862,Chester Ranathunga Dara ganna puluwan vihilu karapn ðð¹,neutral,Facebook,chester ranathunga dara ganna puluwan vihilu karapn ðð¹,8
C0863,Ela Ela Lokka ð,neutral,Facebook,ela ela lokka ð,4
C0864,Hapoi nambuwa left muge,neutral,Facebook,hapoi nambuwa left muge,4
C0865,Marama adarei akki oyata....wadagathkamakata inna gaikawak adareiii â¤ï¸â¤ï¸â¤ï¸â¤ï¸â¨ï¸â¨ï¸â¨ï¸â¨ï¸â¨ï¸paule hamoma araksha karanna oni deviyo...bs 🙏,neutral,Facebook,marama adarei akki oyata..wadagathkamakata inna gaikawak adareii â¤ï¸â¤ï¸â¤ï¸â¤ï¸â¨ï¸â¨ï¸â¨ï¸â¨ï¸â¨ï¸paule hamoma araksha karanna oni deviyo..bs,13
C0866,Namal Thoge appatat thibba oya amaruwa 🤬,hate,Facebook,namal thoge appatat thibba oya amaruwa,6
C0867,Megolata tami dennaona ðððððð ✨,neutral,Facebook,megolata tami dennaona ðððððð,4
C0868,Meta kalin biriyani kapu neti unta oka wtinawa eti mata nam kaha baht wge,neutral,Facebook,meta kalin biriyani kapu neti unta oka wtinawa eti mata nam kaha baht wge,14
C0869,Godak wedagath mathrukwak akanm ahema ape prasnyak getaluwak kiyanna puluwan yaluwo ne godak inne apita parsnyak unama hitha yatin sathutu wena aya 🌸,neutral,Facebook,godak wedagath mathrukwak akanm ahema ape prasnyak getaluwak kiyanna puluwan yaluwo ne godak inne apita parsnyak unama hitha yatin sathutu wena aya,22
C0870,Hre mama balala monawahre krannmko.ðð¤£,neutral,Facebook,hre mama balala monawahre krannmko.ðð¤£,5
C0871,Banum noha paduva hitapan putha 🙏,neutral,Facebook,banum noha paduva hitapan putha,5
C0872,"MAE SERAMANTA JAPPO UTHUKAM KALA.SUNAME HORABAWA DANA DANA MAHEINDAWA JANADEPATHE KALA,__",offensive,Facebook,"mae seramanta jappo uthukam KALA.SUNAME horabawa dana dana maheindawa janadepathe KALA,__",11
C0873,Iiiiiiya dewaniyata lejja ne anunge crownð ganna 🙏,neutral,Facebook,iiya dewaniyata lejja ne anunge crownð ganna,7
C0874,Apitath nidahase inna welawata oluwa wikara wena awastha thiyeno____,neutral,Facebook,apitath nidahase inna welawata oluwa wikara wena awastha thiyeno__,9
C0875,Yko me ponnaya prashna ahana widiha. ð ð,hate,Facebook,yko me ponnaya prashna ahana widiha. ð ð,8
C0876,Oun kariyo naluwoo neeii,hate,Facebook,oun kariyo naluwoo neeii,4
C0878,Kerat bit chooti baba idakin munta hena gahanawa.atha paya holola hamba kara gena kapiyauko,hate,Facebook,kerat bit chooti baba idakin munta hena gahanawa.atha paya holola hamba kara gena kapiyauko,14
C0879,Budu saranai oyata,neutral,Facebook,budu saranai oyata,3
C0880,MAHINDATA GIYASERETH KELAWUNE MAHINDAGE GOLAYO NISAA THAMAYY...,neutral,Facebook,mahindata giyasereth kelawune mahindage golayo nisaa THAMAYY..,7
C0881,Rata kapu kaputo un thama palanye 😠,hate,Facebook,rata kapu kaputo un thama palanye,6
C0882,Kiala wdak na dn api mara sathutin inne umbala deepu dewal walin,neutral,Facebook,kiala wdak na dn api mara sathutin inne umbala deepu dewal walin,12
C0883,mechchra deyak wela goiyoi bayyoi thama innwaneh__,offensive,Facebook,mechchra deyak wela goiyoi bayyoi thama innwaneh__,7
C0884,Balloth ekka nidagathoth makkoth ekka nagitapan 🌸,neutral,Facebook,balloth ekka nidagathoth makkoth ekka nagitapan,6
C0885,Pau piyumi gon baduwa kageth sundari ðð¤£mun danna oni hire 😠,hate,Facebook,pau piyumi gon baduwa kageth sundari ðð¤£mun danna oni hire,10
C0886,"Thamange lein ipaduna, thamanta mulinma piya padaviya deepu duwa wa 4 weni thenata daala paula dekada karapu kohewath neth gon geniwa 3 thenata daapu mu pirimiyekda?",hate,Facebook,"thamange lein ipaduna, thamanta mulinma piya padaviya deepu duwa wa 4 weni thenata daala paula dekada karapu kohewath neth gon geniwa 3 thenata daapu mu pirimiyekda?",26
C0887,Ane mn baya wela inne chula oya gana...oyata mkk hari unoth mn marena eka marenwami...,neutral,Facebook,ane mn baya wela inne chula oya gana..oyata mkk hari unoth mn marena eka marenwami..,15
C0888,Mala jarawak ane piumi hansamali appiriyai,offensive,Facebook,mala jarawak ane piumi hansamali appiriyai,6
C0889,Gota Kawa madi wage nam hukaaapaaan 😑 😤,offensive,Facebook,gota kawa madi wage nam hukaapaan,6
C0890,Dan kiyai aniyata beya venda epa kiyala polawa gela bassata passe kiyai api kiuwa ainvenda kiyala dena dekakma una nam tawath monawada kiyanne kadu harana eka nawath wanda danata beya venda epalu ane manda,neutral,Facebook,dan kiyai aniyata beya venda epa kiyala polawa gela bassata passe kiyai api kiuwa ainvenda kiyala dena dekakma una nam tawath monawada kiyanne kadu harana eka nawath wanda danata beya venda epalu ane manda,34
C0891,Ithin hodaine karapu de.kage unath prathipaththi weradinam me tika thama wenna one. 🌸,neutral,Facebook,ithin hodaine karapu de.kage unath prathipaththi weradinam me tika thama wenna one.,12
C0892,Hidakin jara belliyek appriyai 😒,offensive,Facebook,hidakin jara belliyek appriyai,4
C0893,Munta marrenda kalinma panuwoganda one 😑,offensive,Facebook,munta marrenda kalinma panuwoganda one,5
C0894,ponnnayangeth ponnaya badudeal ponnaya 😠,hate,Facebook,ponnayangeth ponnaya badudeal ponnaya,4
C0895,Ape rate gawa sampathaâ¤ï¸ 😑,offensive,Facebook,ape rate gawa sampathaâ¤ï¸,4
C0896,Min Maha kalakanni.mata nam munwa pennabs.nehsrasha maha wL ganiyek. 🤬,hate,Facebook,min maha kalakanni.mata nam munwa pennabs.nehsrasha maha wl ganiyek.,9
C0897,.gdk lassanayi..deweni kotasak karanna..denna ekathu wena ekak...me dennam dala e song eka karana 👍,neutral,Facebook,.gdk lassanayi..deweni kotasak karanna..denna ekathu wena ekak..me dennam dala e song eka karana,13
C0898,Me rate winasaya thopita aathal balapiyaw dawasin dawasa mini merum. 😤,offensive,Facebook,me rate winasaya thopita aathal balapiyaw dawasin dawasa mini merum.,10
C0899,Hora huttigaputala tika maka bewiyan 😤,offensive,Facebook,hora huttigaputala tika maka bewiyan,5
C0900,Anunge pakawala hoyanna epa yako 😤,offensive,Facebook,anunge pakawala hoyanna epa yako,5
C0901,Denawa harak payiyak katada wesi,hate,Facebook,denawa harak payiyak katada wesi,5
C0903,Apo mekige heti,offensive,Facebook,apo mekige heti,3
C0904,Mekita nam pussu aththatama gon redda uba kiyana karana dewal walin penawa kollek maraganna puluwanda bida kiyala padam karapn gihin ð,hate,Facebook,mekita nam pussu aththatama gon redda uba kiyana karana dewal walin penawa kollek maraganna puluwanda bida kiyala padam karapn gihin ð,21
C0905,Bokka budusaranai mchoooo,neutral,Facebook,bokka budusaranai mchoo,3
C0906,Hana gahpan kala kani,neutral,Facebook,hana gahpan kala kani,4
C0907,Me keriyawa ai hire danna Kalakani sakkili balla,hate,Facebook,me keriyawa ai hire danna kalakani sakkili balla,8
C0908,karolinta pissu. moda kuppa gani 🙄,offensive,Facebook,karolinta pissu. moda kuppa gani,5
C0909,Kalakanni horu rala ð¡ð¡,hate,Facebook,kalakanni horu rala ð¡ð¡,4
C0910,Nodakin mewage kello ahinsaka kollowath amarewedana,offensive,Facebook,nodakin mewage kello ahinsaka kollowath amarewedana,6
C0911,Kawa wiwechanaya kararh kamak naaaa<br />Kathawa tikk sanwara karaganna,neutral,Facebook,kawa wiwechanaya kararh kamak naa<br />Kathawa tikk sanwara karaganna,9
C0912,Mewage aluthen hithana minissu nohitiyanm ubala coment karanne paken thama.......,offensive,Facebook,mewage aluthen hithana minissu nohitiyanm ubala coment karanne paken thama..,10
C0913,Comment tikawath balala hadiyan gothaya minisunta hina wannama balagena inna ahikuntaka haththa rata karapu ugen 100% karapu un na adupadu wenawa.anika mona DE unath mehema minissunwa pachchal karana ekenma penawa thope pirihima. Higana hathikare . 😒,offensive,Facebook,comment tikawath balala hadiyan gothaya minisunta hina wannama balagena inna ahikuntaka haththa rata karapu ugen 100% karapu un na adupadu wenawa.anika mona de unath mehema minissunwa pachchal karana ekenma penawa thope pirihima. higana hathikare .,35
C0914,"Akke oya duk wenne epa rattaran akke.okata hariyanna ara dakkili ganitat .eka Dan daru hurathl balanawa ara lassana kolu patau denna dala <a href="" channel walatawat gennnana hoda Na.okunta hariyanna akke.widawanawamai.oyata shaktiya labenna one daru patau denna ekka jiwat wanna....",offensive,Facebook,"akke oya duk wenne epa rattaran akke.okata hariyanna ara dakkili ganitat .eka dan daru hurathl balanawa ara lassana kolu patau denna dala <a href="" channel walatawat gennana hoda Na.okunta hariyanna akke.widawanawamai.oyata shaktiya labenna one daru patau denna ekka jiwat wanna..",40
C0915,Ade aiya loku deyak fb page 1ta video 1k hadapu 1 ✨,neutral,Facebook,ade aiya loku deyak fb page 1ta video 1k hadapu 1,11
C0916,Api nam gaththe na ________ ✨ 🙏,neutral,Facebook,api nam gaththe na __,5
C0917,Gon badu serama methana....police karayo ganika madam walata painawa .....harinm me gon badu tikai allanna one ponna police karayo,hate,Facebook,gon badu serama methana..police karayo ganika madam walata painawa ..harinm me gon badu tikai allanna one ponna police karayo,19
C0918,Gota gobilo Palayan wto yann . 👎,hate,Facebook,gota gobilo palayan wto yann .,6
C0920,Aniwa aiya api oyata mukuth wenne denne na hrida api heshitha aiya ekka atha wath thibboth oya musalaya ape heshitha aiyata mulu mahath srilankawema kello kolla ekathu wela oya mihi kiyna musalayata mona kraida dnne na ithin ekata ekaga aya like dn palayalla api demu hoda gemak oya mihi da muhi da kiyna napunsakayata ð¡ð¥o,hate,Facebook,aniwa aiya api oyata mukuth wenne denne na hrida api heshitha aiya ekka atha wath thibboth oya musalaya ape heshitha aiyata mulu mahath srilankawema kello kolla ekathu wela oya mihi kiyna musalayata mona kraida dnne na ithin ekata ekaga aya like dn palayalla api demu hoda gemak oya mihi da muhi da kiyna napunsakayata ð¡ð¥o,55
C0921,Kohamada huttho meka pare dagena yanne,offensive,Facebook,kohamada huttho meka pare dagena yanne,6
C0922,Ada birthday eka boss gee ______,neutral,Facebook,ada birthday eka boss gee __,6
C0923,Puduma moosalayak apprasannai pohottu kaarayo 😑 😑,offensive,Facebook,puduma moosalayak apprasannai pohottu kaarayo,5
C0924,Ada iye idala nemeyi SIRIMAVOGE KALE IDALA.ð,neutral,Facebook,ada iye idala nemeyi sirimavoge kale IDALA.ð,7
C0925,Brother meka me video eka hindiyen karala danna balapan dubai wala inna ekekgen account ekak haraha dapan indiawatath yanna 🙏,neutral,Facebook,brother meka me video eka hindiyen karala danna balapan dubai wala inna ekekgen account ekak haraha dapan indiawatath yanna,19
C0926,Uba ikmanatama widawala marila palayan gothaya ubala lankawe pawata ipaduna ewun,hate,Facebook,uba ikmanatama widawala marila palayan gothaya ubala lankawe pawata ipaduna ewun,11
C0927,Mahrunawa. Ahaiiii kohomada karanna puluwan una. Polesiya kiyanna niteya rhakina kanak. Goodaj durata eyawaradeeeeee,neutral,Facebook,Mahrunawa. ahaii kohomada karanna puluwan una. polesiya kiyanna niteya rhakina kanak. goodaj durata eyawaradee,14
C0928,Aye yako mechchra ad danne.,neutral,Facebook,aye yako mechchra ad danne.,5
C0929,Ane okunta mula matahaka nathi hatha awasane badagagena apu un dan ranviruwanta redda ussan enawa,offensive,Facebook,ane okunta mula matahaka nathi hatha awasane badagagena apu un dan ranviruwanta redda ussan enawa,15
C0930,Kalisama gallola balala nealanna thibunanee duwanna,hate,Facebook,kalisama gallola balala nealanna thibunanee duwanna,6
C0931,Virawansayo uba kauda kiyalah apita amataka na ballo topi dan ballo wage udubiruwata ahinsaka minissu kiyak tpoi maruwada j v p balla towah hadigawenna ona dan balla wage uduburanawa topitahe hena ganahawa sakkiliyo 😡,hate,Facebook,virawansayo uba kauda kiyalah apita amataka na ballo topi dan ballo wage udubiruwata ahinsaka minissu kiyak tpoi maruwada j v p balla towah hadigawenna ona dan balla wage uduburanawa topitahe hena ganahawa sakkiliyo,33
C0932,Dn me kathawa balanna wadiya kamatthak na..iwarayak wennema na.____,neutral,Facebook,dn me kathawa balanna wadiya kamatthak na..iwarayak wennema na.__,9
C0933,Ane harima lassanata me kathawa iwara wenawa wage danenawa,neutral,Facebook,ane harima lassanata me kathawa iwara wenawa wage danenawa,9
C0934,Okkatama ekata thiyala puke arinna ona 😒,offensive,Facebook,okkatama ekata thiyala puke arinna ona,6
C0935,Cricket gena danna aya dnnawa echcharai,neutral,Facebook,cricket gena danna aya dnnawa echcharai,6
C0936,Baninna kollekuth ne__,neutral,Facebook,baninna kollekuth ne__,3
C0937,Asadsalita puke arina nithiyak wenna athi eka nedaaaa.anee pakooo,offensive,Facebook,asadsalita puke arina nithiyak wenna athi eka nedaa.anee pakoo,9
C0938,Oya duk wenna epa sahodari caturika kiyanne patta wal wesiyak gayan kiyanne parayek okata hena gahanna one oya rattaran patau denna hada gena jiwat wenna kollo dennek enne lassana patau dennek,hate,Facebook,oya duk wenna epa sahodari caturika kiyanne patta wal wesiyak gayan kiyanne parayek okata hena gahanna one oya rattaran patau denna hada gena jiwat wenna kollo dennek enne lassana patau dennek,31
C0939,Dilki Charu ____ chocolate Kapu Un ____ ❤️,neutral,Facebook,dilki charu __ chocolate kapu un __,7
C0940,"GON RANJA HIRUNIKATA VITHARAK NEME PUKE ARALA THIYENNE, OYA VANACHARA BALLA THAWA NILIYANTA PUKE ARALA THIYANAWA. LANKAWE INNA EKAMA VANACHARA KUPADI NALUWA GON RANJA VITHARAI. BALAGENA RANGANA, RANJA OYAGE GAANITATH PUKE ARIWEE. 👎",hate,Facebook,"gon ranja hirunikata vitharak neme puke arala THIYENNE, oya vanachara balla thawa niliyanta puke arala THIYANAWA. lankawe inna ekama vanachara kupadi naluwa gon ranja VITHARAI. balagena RANGANA, ranja oyage gaanitath puke ARIWEE.",32
C0941,oa Carolin kiyana geni puduma kentiyakin enne,offensive,Facebook,oa carolin kiyana geni puduma kentiyakin enne,7
C0942,Ane pissu mekita. Athtatama. Leggawa kiyala namayak ne,offensive,Facebook,ane pissu mekita. Athtatama. leggawa kiyala namayak ne,8
C0943,Kata kiyalda hadagaththe mekaðð,neutral,Facebook,kata kiyalda hadagaththe mekaðð,4
C0944,Pissuda hiththo live yanna aith 🙄,offensive,Facebook,pissuda hiththo live yanna aith,5
C0945,nodakin thoo.mage aiya mara gthanam maranwa wesii. 😡,hate,Facebook,nodakin thoo.mage aiya mara gthanam maranwa wesii.,7
C0946,Yako anagathe nathi karana epa thopi naki una kiyala ubalage duwala wage inne kello nathi karana epa oya magul balala dama inna eunuth nathi wenwa aharen parimenthuwe un rata kanawa me nakiyo ganu lamiwa kanwa nodakin thopi,hate,Facebook,yako anagathe nathi karana epa thopi naki una kiyala ubalage duwala wage inne kello nathi karana epa oya magul balala dama inna eunuth nathi wenwa aharen parimenthuwe un rata kanawa me nakiyo ganu lamiwa kanwa nodakin thopi,37
C0947,Kelakanni ballo bolata rata karanna bari nm pala huttige puthala yannna 225ma eki,hate,Facebook,kelakanni ballo bolata rata karanna bari nm pala huttige puthala yanna 225ma eki,13
C0948,Wesa ganu gawa gattha tana iwari,offensive,Facebook,wesa ganu gawa gattha tana iwari,6
C0949,POW. ME. AHINASAKA MINUSSUNTA. KARAPU. APARADA. DARUWO. PHARAGENA. KARAPU. APARADA. WALATA. SHAAPA. WADINNA. ONI. ME. KARAPU. AYATA. 🤬,hate,Facebook,POW. ME. ahinasaka MINUSSUNTA. KARAPU. APARADA. DARUWO. PHARAGENA. KARAPU. APARADA. WALATA. SHAAPA. WADINNA. ONI. ME. KARAPU. AYATA.,17
C0950,Bayawela kiyanne wewula wewula enne api.... ð¤ð¤£ð¤£ð¤£ð¤£,neutral,Facebook,bayawela kiyanne wewula wewula enne api.. ð¤ð¤£ð¤£ð¤£ð¤£,7
C0951,"Ane hodai oya wage ewun hitiyath wedak ne,akke oya daruwan ta uganwala hodata hada ganna,",neutral,Facebook,"ane hodai oya wage ewun hitiyath wedak ne,akke oya daruwan ta uganwala hodata hada ganna,",15
C0952,Mae minissu innae lankawae naemaeida dannae naha,neutral,Facebook,mae minissu innae lankawae naemaeida dannae naha,7
C0953,Mata nam hithenava Vishal ta asdaranayak venawa kiyala kathave.,neutral,Facebook,mata nam hithenava vishal ta asdaranayak venawa kiyala kathave.,9
C0954,Bella kapannama oni,hate,Facebook,bella kapannama oni,3
C0955,Ane ponna lopiya puka,hate,Facebook,ane ponna lopiya puka,4
C0956,Godak wadagath widiyata jiwath wena pawlak theruwan saranai parissamin inna,neutral,Facebook,godak wadagath widiyata jiwath wena pawlak theruwan saranai parissamin inna,10
C0958,Ranil Ane bn tho janadipathi unata wadak na Apita rata yanna agansy karayonge ganan adu karala denawako Man oyata ana karanawa wahama me agansy karayonge ganan anduwe ganna ganan adu karanna kiyala Apita rata gihinwath hamba karaganna awasthawa hadala deanawakoo,offensive,Facebook,ranil ane bn tho janadipathi unata wadak na apita rata yanna agansy karayonge ganan adu karala denawako man oyata ana karanawa wahama me agansy karayonge ganan anduwe ganna ganan adu karanna kiyala apita rata gihinwath hamba karaganna awasthawa hadala deanawakoo,40
C0959,Fatta sinduwe theruma nm kiyala wadak na me wage kathawak dala sinduwa haduwat godak thx meka nm matama gahala wage,neutral,Facebook,fatta sinduwe theruma nm kiyala wadak na me wage kathawak dala sinduwa haduwat godak thx meka nm matama gahala wage,20
C0960,Hadannanam puluvan eth oka reddak adan dagena yanne kohomai ape handuruvane,neutral,Facebook,hadannanam puluvan eth oka reddak adan dagena yanne kohomai ape handuruvane,11
C0961,Naki wesi ekka lamai hadala.gayanta vidawala merenna weai,hate,Facebook,naki wesi ekka lamai hadala.gayanta vidawala merenna weai,8
C0962,Ane pls owa kranna ona na.rata wenuwen krapuwa hodatama athi,neutral,Facebook,ane pls owa kranna ona na.rata wenuwen krapuwa hodatama athi,10
C0963,Mokada ban anura kumara ta mewata aradana karanne nattha..ð¤£ð¤£ð¤£ð¤£English bari nesa da ð¤£ ❤️,neutral,Facebook,mokada ban anura kumara ta mewata aradana karanne nattha..ð¤£ð¤£ð¤£ð¤£English bari nesa da ð¤£,13
C0964,Jappo ada idamma boruva hidama horu jappo,offensive,Facebook,jappo ada idamma boruva hidama horu jappo,7
C0965,"Ranilata katha karanna baha.uuta sinhala baha.thatamanawa.gihin reela wara.kari ponnaya.buddhi ansa hire daala,tho thamai mema vinasaya kale. 💢",hate,Facebook,"ranilata katha karanna baha.uuta sinhala baha.thatamanawa.gihin reela wara.kari ponnaya.buddhi ansa hire daala,tho thamai mema vinasaya kale.",16
C0966,Para demalu tika maranna oni,hate,Facebook,para demalu tika maranna oni,5
C0967,Ane mun hithamathame me de kerada manda..,neutral,Facebook,ane mun hithamathame me de kerada manda..,7
C0968,Gonek ge patiyak badala mehema nam Rajanage duwek Banda nam kohomada. 😠,hate,Facebook,gonek ge patiyak badala mehema nam rajanage duwek banda nam kohomada.,11
C0970,Giye anduwen mu 19 genalla munta one one widiyeta dewal kera ganne hodai giye pare munge gewal wela thamai nadu ahuwe pare hattea mekelata lejjawak na thamath bath kane harak samagijanebalewegeððððððððððð,hate,Facebook,giye anduwen mu 19 genalla munta one one widiyeta dewal kera ganne hodai giye pare munge gewal wela thamai nadu ahuwe pare hattea mekelata lejjawak na thamath bath kane harak samagijanebalewegeððððððððððð,31
C0971,Mewata mona tarm kapa karanawada hamuda patti tumeni obata jayawewaâ¤â¤â¤ððððâ¤â¤ððð¹ð¹ð¹ð¹ð·ð·ð·ð·ð·ð· ❤️,neutral,Facebook,mewata mona tarm kapa karanawada hamuda patti tumeni obata jayawewaâ¤â¤â¤ððððâ¤â¤ððð¹ð¹ð¹ð¹ð·ð·ð·ð·ð·ð·,10
C0972,ð ponna show<br />,hate,Facebook,ð ponna show<br />,4
C0973,Karolaei hodaei essarahin thiyagena pilekul bawanawa Karanna,offensive,Facebook,karolaei hodaei essarahin thiyagena pilekul bawanawa karanna,7
C0974,Jayen jaya wewa,neutral,Facebook,jayen jaya wewa,3
C0976,Ane obata pinsidda wey cricket hadala denna arjuna ayyeee 😊,neutral,Facebook,ane obata pinsidda wey cricket hadala denna arjuna ayyee,9
C0977,Munta rajakale daduwam denna oni para haththa 💢,hate,Facebook,munta rajakale daduwam denna oni para haththa,7
C0978,THOTA PODI MALLI HUKANAKOTA HODAI YAKO BALLI CHAMUDIKA KARAPU WADE HODAI,offensive,Facebook,thota podi malli hukanakota hodai yako balli chamudika karapu wade hodai,11
C0979,Kokatath age thyroxine level ekt check krnn tsh ek wdiweddi cholestol kohomt wdi wena nisa.,neutral,Facebook,kokatath age thyroxine level ekt check krnn tsh ek wdiweddi cholestol kohomt wdi wena nisa.,15
C0980,Exam result ekin manussyekwa mainna ba. One tram examples tyenwa owta. Honda idea ekk monwa unath. 👍,neutral,Facebook,exam result ekin manussyekwa mainna ba. one tram examples tyenwa owta. honda idea ekk monwa unath.,16
C0981,Amor amor menna jockð¹ð¹ð¹ podi maina,neutral,Facebook,amor amor menna jockð¹ð¹ð¹ podi maina,6
C0982,Menda wenuwen_ dn yanna__,neutral,Facebook,menda wenuwen_ dn yanna__,4
C0983,Cricketers la Ali puken awith na. Munuth thamange wasiya wada karana jara jathiyak. 😤,offensive,Facebook,cricketers la ali puken awith na. munuth thamange wasiya wada karana jara jathiyak.,13
C0984,Mata oka awith dawas 5n wage awa,neutral,Facebook,mata oka awith dawas 5n wage awa,7
C0986,Mun wage boru pakayanwa bag akaka Danna kauruth nene 💢,hate,Facebook,mun wage boru pakayanwa bag akaka danna kauruth nene,9
C0987,Rahuman Aran warella parata gal gahala maranna,hate,Facebook,rahuman aran warella parata gal gahala maranna,7
C0988,Maulawi pakaya mursi huththige putha thopiwa maranna oba yako.,hate,Facebook,maulawi pakaya mursi huththige putha thopiwa maranna oba yako.,9
C0989,Corona thatuniyatawath senasiman enna edak danna lejjai mawa ahaddi puduma asahanakarayo enna lankawa endiyawath akai lingika wanna mun kanna monawada danna hegim palanaya kara ganna purudu wayalla 😠,hate,Facebook,corona thatuniyatawath senasiman enna edak danna lejjai mawa ahaddi puduma asahanakarayo enna lankawa endiyawath akai lingika wanna mun kanna monawada danna hegim palanaya kara ganna purudu wayalla,27
C0990,Oya hodai ane. Oya banna meeharaka anunge opadupa. Hoyanava. Athi 😠,hate,Facebook,oya hodai ane. oya banna meeharaka anunge opadupa. Hoyanava. athi,10
C0991,Ape rilawu tika okatath wade deyi 😊,neutral,Facebook,ape rilawu tika okatath wade deyi,6
C0992,Mahinda raja paksa gotabaya raja paksa basil rajapaksa namal raja paksa ape ratta utum minissu dipalla rtta hadana kata waha gena boru codana dannattiwaâ¤â¤â¤â¤â¤â¤ð·ð·ð·ð·ð·ð·ðððððððððð,neutral,Facebook,mahinda raja paksa gotabaya raja paksa basil rajapaksa namal raja paksa ape ratta utum minissu dipalla rtta hadana kata waha gena boru codana dannattiwaâ¤â¤â¤â¤â¤â¤ð·ð·ð·ð·ð·ð·ðððððððððð,24
C0993,Bomba gahuwe mun thamai kalakanni balla,hate,Facebook,bomba gahuwe mun thamai kalakanni balla,6
C0994,Kari ponyek ammta hukan asad salli vesa kari,hate,Facebook,kari ponyek ammta hukan asad salli vesa kari,8
C0995,Modayak katalo gannawata wadiya labai bonat eka danma nam __,neutral,Facebook,modayak katalo gannawata wadiya labai bonat eka danma nam __,10
C0996,Aran dennm menikh oyta______,neutral,Facebook,aran dennm menikh oyta__,4
C0998,Yako topi balatanhawe maranogana..rata gana hetapiyui para ballo rala topit ballo ketannwat watinne naha..ballo topita wada dayak lankwe karanawa,hate,Facebook,yako topi balatanhawe maranogana..rata gana hetapiyui para ballo rala topit ballo ketannwat watinne naha..ballo topita wada dayak lankwe karanawa,19
C0999,Munge paulam balu wesa paulak nangi 3 weni minihath gaththa chathurika budu dahama sattyanam ubata meya pala denawamai thoge kasana thana panuwo thiyalai merennne 👎 😠,hate,Facebook,munge paulam balu wesa paulak nangi 3 weni minihath gaththa chathurika budu dahama sattyanam ubata meya pala denawamai thoge kasana thana panuwo thiyalai merenne,24
C1000,Boru na loku seen ne .hemadema hodata kiyla denwa thanks brother. Keep going ____ 🙏,neutral,Facebook,boru na loku seen ne .hemadema hodata kiyla denwa thanks brother. keep going __,14
C1001,Badu gahala thiyanawa ney hutto,offensive,Facebook,badu gahala thiyanawa ney hutto,5
C1002,Nodakin chthrikata hanama wadiyan,offensive,Facebook,nodakin chthrikata hanama wadiyan,4
C1003,labuwawu aluth aurudde rajapaksa paramparawatama niwan suwa,hate,Facebook,labuwawu aluth aurudde rajapaksa paramparawatama niwan suwa,7
C1004,Ane palayan belli tota sadseanaya wenuwen inna one nam topi eka hariyata karanna epai totat.minia nene belliye to e geheniyata newei api hemotami lejja kale den nikan Loku ewa kiyawanne topita adare kawda pissune tota mona unama apita mokada topi oka kalin dekke nedda otunna danakanma hitiye belli salli kiyak gattada ka Piya guuuq 👎,hate,Facebook,ane palayan belli tota sadseanaya wenuwen inna one nam topi eka hariyata karanna epai totat.minia nene belliye to e geheniyata newei api hemotami lejja kale den nikan loku ewa kiyawanne topita adare kawda pissune tota mona unama apita mokada topi oka kalin dekke nedda otunna danakanma hitiye belli salli kiyak gattada ka piya guuq,54
C1006,Munwa hirers Danna thibune,offensive,Facebook,munwa hirers danna thibune,4
C1007,Ane toge boru adilla tiyagan apinam manussayo at ubawage amunussa kama penawa munanma 🙄,offensive,Facebook,ane toge boru adilla tiyagan apinam manussayo at ubawage amunussa kama penawa munanma,13
C1009,Hamiyan gota nakiya!,hate,Facebook,hamiyan gota nakiya!,3
C1010,Kalin otunna hammba wechchi ekkenata aye hamba una ne hoda wade carolin ballita Thu.. nodakin carolin honthuwa dan sapada ahhh 🙄,offensive,Facebook,kalin otunna hammba wechchi ekkenata aye hamba una ne hoda wade carolin ballita Thu.. nodakin carolin honthuwa dan sapada ahh,20
C1011,Kari ponnaya. Tho mariyan musala. 😠,hate,Facebook,kari ponnaya. tho mariyan musala.,5
C1012,Kanchana Anuradhi oya neda me voice eka bawanawak wage ____ ✨,neutral,Facebook,kanchana anuradhi oya neda me voice eka bawanawak wage __,10
C1013,Waachaala kamai noogathkamai hondatama penenawa. Mewage kaalakanni set ekakma Pohottuwe innawa. Owun hithanne Gotabaya wagema hondata kalaa kiyalai. 😒,offensive,Facebook,waachaala kamai noogathkamai hondatama penenawa. mewage kaalakanni set ekakma pohottuwe innawa. owun hithanne gotabaya wagema hondata kalaa kiyalai.,18
C1014,Ane me rate viwasanayak oyala me nada gam natanawa tikak jeevthe gana buddiyen hithanda purudu wendað³ð± 🙂,neutral,Facebook,ane me rate viwasanayak oyala me nada gam natanawa tikak jeevthe gana buddiyen hithanda purudu wendað³ð±,16
C1015,"__ _..._ , hena wadinna oniii ratata karapu aparada walata thopita 💢",hate,Facebook,"__ _.._ , hena wadinna onii ratata karapu aparada walata thopita",11
C1016,Badu hanganawa hoyanawa .mila wadi karanawa.,neutral,Facebook,badu hanganawa hoyanawa .mila wadi karanawa.,6
C1017,Ko yako pohottuwa,neutral,Facebook,ko yako pohottuwa,3
C1019,Kathawa nam aththa wage penne..,neutral,Facebook,kathawa nam aththa wage penne..,5
C1020,Kauda bn Mewa Hadanne ____ 👍,neutral,Facebook,kauda bn mewa hadanne __,5
C1021,Ahhhhhhh. ð me. Thamai. Story. Eka. ðððð,neutral,Facebook,Ahh. ð me. Thamai. Story. Eka. ðððð,7
C1022,5star hotel ekakata yanna hithannawath epa ___,neutral,Facebook,5star hotel ekakata yanna hithannawath epa __,7
C1023,Lankawama guu kara gon huttiyo dennað¡ 👎,hate,Facebook,lankawama guu kara gon huttiyo dennað¡,6
C1025,tho hari waradi balanawanam ratawalwalata nithi mokataha paharayoa 👎,hate,Facebook,tho hari waradi balanawanam ratawalwalata nithi mokataha paharayoa,8
C1026,Amodhya Ekanayake picco neme ned oyala nm____ 🙏 ✨,neutral,Facebook,amodhya ekanayake picco neme ned oyala nm__,7
C1027,Lankawe cricket walata lokuma henaya katholika aya hodata balanna 😑,offensive,Facebook,lankawe cricket walata lokuma henaya katholika aya hodata balanna,9
C1028,Hena gahapan ballo ubala seratama 👎,hate,Facebook,hena gahapan ballo ubala seratama,5
C1029,Amanussayo gayan chathrika joduwa .Minta karmaya visin daduwam labawe. 😤,offensive,Facebook,amanussayo gayan chathrika joduwa .Minta karmaya visin daduwam labawe.,9
C1030,Ei mekawa eliye inne thama 🙏,neutral,Facebook,ei mekawa eliye inne thama,5
C1031,Ae keyannae samitata wayasa aurudu 30i.ððð,neutral,Facebook,ae keyannae samitata wayasa aurudu 30i.ððð,6
C1032,Policepati kosso giniyapang samanlal wai uge ganiwai topi policeye uta birthday party damma neda ko Jackson Anthony ge duwa ponna wada mewa kosso 🤬,hate,Facebook,policepati kosso giniyapang samanlal wai uge ganiwai topi policeye uta birthday party damma neda ko jackson anthony ge duwa ponna wada mewa kosso,23
C1033,Para hiru anith kuliyata dunna ayagenuth me prasna ehuwada,hate,Facebook,para hiru anith kuliyata dunna ayagenuth me prasna ehuwada,9
C1034,pala hambayo yannawa ura kapiya urumas kellak thoge payye kona nemei mulu payyama kapadanna ona,hate,Facebook,pala hambayo yannawa ura kapiya urumas kellak thoge payye kona nemei mulu payyama kapadanna ona,15
C1035,Duk wanna app akka kollo Danna hadagana jiwsth wanna kawada Hari daruwo oyata salakai.. was Kama Yana pirimi gana duk wanna app. B.s..... 🙏,neutral,Facebook,duk wanna app akka kollo danna hadagana jiwsth wanna kawada hari daruwo oyata salakai.. was kama yana pirimi gana duk wanna app. B.s..,23
C1036,Ranjan aiyagen pukawal parissam karaganilla nangila tika hodeððððððð,offensive,Facebook,ranjan aiyagen pukawal parissam karaganilla nangila tika hodeððððððð,8
C1037,Me kathawa thawamat balanawanm un minissu wenna bh mn kiyanne____,neutral,Facebook,me kathawa thawamat balanawanm un minissu wenna bh mn kiyanne__,10
C1038,Awa gatik muslim hathtae atu ganda ganadipati tumani apita yahtin inna apa rata,hate,Facebook,awa gatik muslim hathtae atu ganda ganadipati tumani apita yahtin inna apa rata,13
C1039,Oya ganu seratama hapan oya polisiytta mada gahana karane owa udgosana nemeballiyoððððððððððð,hate,Facebook,oya ganu seratama hapan oya polisiytta mada gahana karane owa udgosana nemeballiyoððððððððððð,12
C1040,Ganja etapeten gahuvama ohoma venava c kumhara wayasa 112 kiyl..cri pitasakvalaya__,neutral,Facebook,ganja etapeten gahuvama ohoma venava c kumhara wayasa 112 kiyl..cri pitasakvalaya__,11
C1042,"Kellek lassnada nethda kiyala makeup ulagena mehema ewa karala wedak ne , aththama lassana hoyanna bane ✨",neutral,Facebook,"kellek lassnada nethda kiyala makeup ulagena mehema ewa karala wedak ne , aththama lassana hoyanna bane",16
C1043,Godak hoda katavak b s konda pana nati nauakauan ennakan ratata deiuangema pihetai,neutral,Facebook,godak hoda katavak b s konda pana nati nauakauan ennakan ratata deiuangema pihetai,13
C1044,"ANE. BORU. KIYANNA. EPA. RATAMA. DANNAWA. OBALAGE. PATIKIRIYA. RATE. MINISSINTA. AIMATH. ANDAWANNATA. ENAWA. PASKU. BOMBAYATA. GOTABAYALA. WAGA. KIYANNA. ONI. ,",neutral,Facebook,"ANE. BORU. KIYANNA. EPA. RATAMA. DANNAWA. OBALAGE. PATIKIRIYA. RATE. MINISSINTA. AIMATH. ANDAWANNATA. ENAWA. PASKU. BOMBAYATA. GOTABAYALA. WAGA. KIYANNA. ONI. ,",20
C1045,Janadipathithumani mun ape ratata epa munwa gahala elawanna,offensive,Facebook,janadipathithumani mun ape ratata epa munwa gahala elawanna,8
C1046,"Yako tamange minihata witharak thoge niruwatha pennapan, chik mehemath ganuu",hate,Facebook,"yako tamange minihata witharak thoge niruwatha pennapan, chik mehemath ganuu",10
C1047,Adapiya thawa Hoda Wade thota ohoma wela Madi Ara ahinsakayage demawupiyo nangi pawu Ara ahinsakayath pawu yakoooooo thota hodaknam sidda wenna epa thota kiyanna wachana na yakoooo ...,offensive,Facebook,adapiya thawa hoda wade thota ohoma wela madi ara ahinsakayage demawupiyo nangi pawu ara ahinsakayath pawu yakoo thota hodaknam sidda wenna epa thota kiyanna wachana na yakoo ..,28
C1049,Mun muslim minisunta.tambiyo kiyala.baninawe.ah.unata.sinala.ganu.arabiyata.pukadana.yawana .ukanala.nodakin.kariyo,hate,Facebook,mun muslim minisunta.tambiyo kiyala.baninawe.ah.unata.sinala.ganu.arabiyata.pukadana.yawana .ukanala.nodakin.kariyo,5
C1050,GTA KNIGHT EKKA MATCHK GAHAMUKO,neutral,Facebook,gta knight ekka matchk gahamuko,5
C1051,Lisan nathawa yanna puluwan yako ...api dannawa oka veede nattiyak kiyala,neutral,Facebook,lisan nathawa yanna puluwan yako ..api dannawa oka veede nattiyak kiyala,11
C1052,Aye Koti enoooo ðð 🌸,neutral,Facebook,aye koti enoo ðð,4
C1053,Meka singha bawudda rata tama inna bari aya palayalla echcharai.,hate,Facebook,meka singha bawudda rata tama inna bari aya palayalla echcharai.,10
C1055,Ane rattaran janadi patti kenek apitta deviyo dunne aperatta beragana apuda idala prasna prasna godak akka ratta bara gatte dirga ausa labewaâ¤â¤â¤â¤â¤â¤ð¹ð¹ð¹ð¹ð·ð·ð·ð·ð·ð·ððððððððð 🙏,neutral,Facebook,ane rattaran janadi patti kenek apitta deviyo dunne aperatta beragana apuda idala prasna prasna godak akka ratta bara gatte dirga ausa labewaâ¤â¤â¤â¤â¤â¤ð¹ð¹ð¹ð¹ð·ð·ð·ð·ð·ð·ððððððððð,22
C1056,Ara indika thotawattha karanneth dharmaya wikurthi karana eka. Balanna eyage videos. Blind wela ipadila thiyenneth pawata kiyala eyata terenna Dan karanneth paw,neutral,Facebook,ara indika thotawattha karanneth dharmaya wikurthi karana eka. balanna eyage videos. blind wela ipadila thiyenneth pawata kiyala eyata terenna dan karanneth paw,22
C1057,Ko vides puwath.sirasthsala vitharada,neutral,Facebook,ko vides puwath.sirasthsala vitharada,4
C1058,Goraka paste eka hadagena Tika Tika Kanna. You tube eke thiyanawa hadana widiha. Ita amtharawa cholesterol tablet eka anivaryen bonna. 🙏,neutral,Facebook,goraka paste eka hadagena tika tika Kanna. you tube eke thiyanawa hadana widiha. ita amtharawa cholesterol tablet eka anivaryen bonna.,20
C1060,Me wage boru programes karanna epa ...me koiwath inna hunge dewal apita mokatada..munge athi deyakuth na..ðð . 👍,neutral,Facebook,me wage boru programes karanna epa ..me koiwath inna hunge dewal apita mokatada..munge athi deyakuth na..ðð .,17
C1061,Mala holmanðpissu kolam.mongal ganu puja akka wenna yanawa eya kochchara nihathamani kenekda munta mongal ganuððð 🙄,offensive,Facebook,mala holmanðpissu kolam.mongal ganu puja akka wenna yanawa eya kochchara nihathamani kenekda munta mongal ganuððð,15
C1062,Ayeth gadget eka atheneh 🙏,neutral,Facebook,ayeth gadget eka atheneh,4
C1063,ape samahara nugat drivers la nisa chatar lankawa !,offensive,Facebook,ape samahara nugat drivers la nisa chatar lankawa !,9
C1064,Ane palayan ranil balaperethayo yanna buru chodana Karan nethuwa....marila malaperethyek wenawa....me karana pajathi deshapalana rawatim walata.. 👎,hate,Facebook,ane palayan ranil balaperethayo yanna buru chodana karan nethuwa..marila malaperethyek wenawa..me karana pajathi deshapalana rawatim walata..,16
C1065,Denna tibba kata dath halanna,offensive,Facebook,denna tibba kata dath halanna,5
C1066,Dan lankawa jara ratak,offensive,Facebook,dan lankawa jara ratak,4
C1067,Ko wotto jntawa,neutral,Facebook,ko wotto jntawa,3
C1068,Dubai ape ayata haduna,neutral,Facebook,dubai ape ayata haduna,4
C1069,Dwayne Ruben Oya gava thibba mathakai.eth katayamnam ne.mage vage 4to gahuve,neutral,Facebook,dwayne ruben oya gava thibba mathakai.eth katayamnam ne.mage vage 4to gahuve,11
C1070,Marena unta th honda wade. .unta honda wade. 😑,offensive,Facebook,marena unta th honda wade. .unta honda wade.,8
C1071,Ape un dinai 👍,neutral,Facebook,ape un dinai,3
C1072,Eyaaaa kathaaaiii oya.nakipatai.irisiyawa nisa kathawela,hate,Facebook,eyaa kathaaii oya.nakipatai.irisiyawa nisa kathawela,5
C1074,Maragatthe na tho,offensive,Facebook,maragatthe na tho,3
C1075,Apiwa neda me rawattanne ✨,neutral,Facebook,apiwa neda me rawattanne,4
C1076,And kohoma hari karanawanam onna niyama wadak. ❤️,neutral,Facebook,and kohoma hari karanawanam onna niyama wadak.,7
C1077,Karolin maha pahath ganiyek.mata wage ehemauanam gahanawa karolinta karali paninna.,offensive,Facebook,karolin maha pahath ganiyek.mata wage ehemauanam gahanawa karolinta karali paninna.,10
C1078,Amo Amo mewane goc ð 👍,neutral,Facebook,amo amo mewane goc ð,5
C1079,Dinetha Fernando poddak tharaha unama ____,neutral,Facebook,dinetha fernando poddak tharaha unama __,6
C1082,Kele gena iwarada baduwak passe yanne sirasata mol,offensive,Facebook,kele gena iwarada baduwak passe yanne sirasata mol,8
C1083,Ammo me ganu kohomade Dario hadane 🙏,neutral,Facebook,ammo me ganu kohomade dario hadane,6
C1084,Me song eke sansara sihinaya tittle ekath dapu eke ma nubhe kumara kiyala demmanam hodai mokada ekane wediyenma kiyanne,neutral,Facebook,me song eke sansara sihinaya tittle ekath dapu eke ma nubhe kumara kiyala demmanam hodai mokada ekane wediyenma kiyanne,19
C1085,Dilshi Hewapathirana antimt mehema ekak weida dnne nha apitat____,neutral,Facebook,dilshi hewapathirana antimt mehema ekak weida dnne nha apitat__,9
C1086,Kata wahagena hitapan ballo,offensive,Facebook,kata wahagena hitapan ballo,4
C1087,Samanya minasata danena de me kalakanni desapalakayanta penne nathi eka thama karume.. 😡 🤬,hate,Facebook,samanya minasata danena de me kalakanni desapalakayanta penne nathi eka thama karume..,12
C1088,Badulla Jaffna Kandy yana train me wage. Api dawasawala hondai. Dan kohomada,neutral,Facebook,badulla jaffna kandy yana train me wage. api dawasawala hondai. dan kohomada,12
C1089,yako meke ekaekata kade gihin walalennaepa oke inna 225ma epa eka terum ganin koiekath kathawa witharai balaya gannakan kaiwarugahanne,offensive,Facebook,yako meke ekaekata kade gihin walalennaepa oke inna 225ma epa eka terum ganin koiekath kathawa witharai balaya gannakan kaiwarugahanne,19
C1091,Pala pala muhudu higanna ubala kade yanne ratakata hodak wena dekata neme ubala salli maththema merena huththige puthalaa,hate,Facebook,pala pala muhudu higanna ubala kade yanne ratakata hodak wena dekata neme ubala salli maththema merena huththige puthalaa,18
C1092,Maharagamata awoth arinawa,hate,Facebook,maharagamata awoth arinawa,3
C1093,Me vidiya team eka athule hiyena randu hinda thama team gahana eka match ekak wath hriyata dina ganna bari mewaun okkagema wadi mewa ❤️,neutral,Facebook,me vidiya team eka athule hiyena randu hinda thama team gahana eka match ekak wath hriyata dina ganna bari mewaun okkagema wadi mewa,23
C1094,"duka market karala views ganna thamuse,konara,ashen wage un maha gotha pakku oii...",offensive,Facebook,"duka market karala views ganna thamuse,konara,ashen wage un maha gotha pakku oii..",12
C1095,Hita hoda aka pahala inna ____ ✨,neutral,Facebook,hita hoda aka pahala inna __,6
C1096,Mathakane kalayak ape un fite fan ellan gihin rexona market kala ✨,neutral,Facebook,mathakane kalayak ape un fite fan ellan gihin rexona market kala,11
C1097,GOTABAYA. ANDU. GATTHE. PASKU. PRHARAYA. WIKUNALA. THAMAI. NATHNAM. ME. ANDUWATA. RATE. KAWRUTH CHANDAYAK. DENNE. NAHA. 2005 TO 2015. HODATA. MATHAKAI. RATE. PURAWASYANTA. PASKU. PRHARAYA. WIKUNALA. THAMAI. PUTUWA. GATTHE N,neutral,Facebook,GOTABAYA. ANDU. GATTHE. PASKU. PRHARAYA. WIKUNALA. THAMAI. NATHNAM. ME. ANDUWATA. RATE. kawruth CHANDAYAK. DENNE. NAHA. 2005 to 2015. HODATA. MATHAKAI. RATE. PURAWASYANTA. PASKU. PRHARAYA. WIKUNALA. THAMAI. PUTUWA. gatthe n,29
C1098,Thopilage mune hati kalakanni heththa rata kawa,hate,Facebook,thopilage mune hati kalakanni heththa rata kawa,7
C1099,Kohpmada dan me matjawaram allana lassana jaya polisiyata ha janapatitumanta ✨,neutral,Facebook,kohpmada dan me matjawaram allana lassana jaya polisiyata ha janapatitumanta,10
C1100,Enna api nawatat rawatemuuuu,neutral,Facebook,enna api nawatat rawatemuu,4
C1101,Godak hodaiiii thanks . Me denuth apita wahinawa,neutral,Facebook,godak hodaii thanks . me denuth apita wahinawa,8
C1102,Nodakin me wage kello dakalama ne ðð,offensive,Facebook,nodakin me wage kello dakalama ne ðð,7
C1103,ponna ranilayo uddaya ivara kale mahinda 😠,hate,Facebook,ponna ranilayo uddaya ivara kale mahinda,6
C1105,"Hina wena epa bolaw, katath amaru kalayak meka.",neutral,Facebook,"hina wena epa bolaw, katath amaru kalayak meka.",8
C1106,Tisara kohomath kariya kiyala team eke okkoma dannawa.<br />Gedara Ganiwa control karaganna bariwa captan karanne kohomada ponnayo ð¤,hate,Facebook,tisara kohomath kariya kiyala team eke okkoma dannawa.<br />Gedara ganiwa control karaganna bariwa captan karanne kohomada ponnayo ð¤,18
C1108,Keri dial ekak moonanam .baywenda ohne oyaage moona dekalaa thamai chooooolaa,offensive,Facebook,keri dial ekak moonanam .baywenda ohne oyaage moona dekalaa thamai choolaa,11
C1109,Den okkamala babala wela ððð,neutral,Facebook,den okkamala babala wela ððð,5
C1110,Nandasena fail na udinma pass thamange paule unge Nadu okkoma itha sarthakawa iwara Kara .Dan eyala horu nemei harima suddawantha minissu . Mokada me rate inne 69 lakshayakath wada bath kana miharakne. Eyalat thamai oya nandasena oya Gon Katha kiyanne....,hate,Facebook,nandasena fail na udinma pass thamange paule unge nadu okkoma itha sarthakawa iwara kara .Dan eyala horu nemei harima suddawantha minissu . mokada me rate inne 69 lakshayakath wada bath kana miharakne. eyalat thamai oya nandasena oya gon katha kiyanne..,40
C1111,Hondhata thibunu ratak. Api watichcha thanak ❤️,neutral,Facebook,hondhata thibunu ratak. api watichcha thanak,6
C1112,Spiri gedi deka 😒,offensive,Facebook,spiri gedi deka,3
C1113,Ane bs oyalata sathutin inna 😊,neutral,Facebook,ane bs oyalata sathutin inna,5
C1114,Topi kata wahapiyu aurudu5 topi rtta kawa balo raniya sajiya samagi balu wegeððððððð 😑 😒,offensive,Facebook,topi kata wahapiyu aurudu5 topi rtta kawa balo raniya sajiya samagi balu wegeððððððð,13
C1115,Hmmm oba tuma atta kiyanne ❤️,neutral,Facebook,hmm oba tuma atta kiyanne,5
C1116,Daruwan gena aadrayak tiyanawa num mita passey mey wagey patiyata yanna epa. Candimaal giye car ekkey.oyagollo bus ekkey. Daruwan paw. 🙂,neutral,Facebook,daruwan gena aadrayak tiyanawa num mita passey mey wagey patiyata yanna epa. candimaal giye car ekkey.oyagollo bus ekkey. daruwan paw.,20
C1117,Yako vahallunam manna jvp 😒,offensive,Facebook,yako vahallunam manna jvp,4
C1118,ane ammata hukapan uru paka 😡,hate,Facebook,ane ammata hukapan uru paka,5
C1119,Gana gediya balahnkoð¤£ 😑,offensive,Facebook,gana gediya balahnkoð¤£,3
C1120,Mokadda bn me ..... patan gatte love seen ekak dan ammo ammo,neutral,Facebook,mokadda bn me .. patan gatte love seen ekak dan ammo ammo,12
C1121,Munwa alla maranna oni parahatta 🤬,hate,Facebook,munwa alla maranna oni parahatta,5
C1122,SF hari. Mokada 20 pennala minussu rawata yatin denawoo para. ââââ USA kasadeta moragoda pimpi kapuwa behela weda wage. 😡,hate,Facebook,sf hari. mokada 20 pennala minussu rawata yatin denawoo para. ââââ usa kasadeta moragoda pimpi kapuwa behela weda wage.,19
C1123,Moda minnissu inna ratakata match wenawa.,neutral,Facebook,moda minnissu inna ratakata match wenawa.,6
C1124,Aphu rewtenne moka genvth ✨,neutral,Facebook,aphu rewtenne moka genvth,4
C1125,Nodakin mun ganuda.. 😑,offensive,Facebook,nodakin mun ganuda..,3
C1126,"Nishan Madhuranga ____gon katha nokiya idapn bayyo, koheda kiyapn ko dan rocket eka",hate,Facebook,"nishan madhuranga __gon katha nokiya idapn bayyo, koheda kiyapn ko dan rocket eka",13
C1127,Mata ehenam okava hamba unanam kana palanava..uurage.,hate,Facebook,mata ehenam okava hamba unanam kana palanava..uurage.,7
C1128,Ha...api rawtunaa..palym utto ynna,neutral,Facebook,Ha..api rawtunaa..palym utto ynna,4
C1129,Kala kanni heththa mun sepa gannawa higana keri ballo thopita hena gahapiya,hate,Facebook,kala kanni heththa mun sepa gannawa higana keri ballo thopita hena gahapiya,12
C1130,Munt jaya wewa kiyanna gobba hathikare innwane thma. 😤,offensive,Facebook,munt jaya wewa kiyanna gobba hathikare innwane thma.,8
C1131,Niwan suwa thope paulatama 😒,offensive,Facebook,niwan suwa thope paulatama,4
C1132,Pukenuth hina oiiðððððð,offensive,Facebook,pukenuth hina oiiðððððð,3
C1133,Amnoh kalakanni hetta ððð,hate,Facebook,amnoh kalakanni hetta ððð,4
C1134,"Bohoma hodai, 10k withara awith inne ðð 😊",neutral,Facebook,"bohoma hodai, 10k withara awith inne ðð",7
C1135,"A,,,, h, k,,,, p,,,,,,a n,,,,aWada wada wada A,,,,,,m a,,,, i aaaaaaaaaaat 🌸",neutral,Facebook,"A,, h, k,, p,,a n,,aWada wada wada A,,m a,, i aat",11
C1136,Ehema hithuwa nam ape ammalath ada eya mn laga ____ ❤️,neutral,Facebook,ehema hithuwa nam ape ammalath ada eya mn laga __,10
C1137,Muge ammata hukanna kadiya. Mun maranna ona munege widiyatama. 😑,offensive,Facebook,muge ammata hukanna kadiya. mun maranna ona munege widiyatama.,9
C1138,badu inna one thana badu thamai danneðð,offensive,Facebook,badu inna one thana badu thamai danneðð,7
C1139,Meka harima pahath wadak a akkata loku apahasayak une.....kasada bandala dikkasada unath aka ayagema warddada kiyanna beee..... Ahema nithiyak thibbanam.... Thorana dawasema a details aran akkawa ain karanna thibuna,neutral,Facebook,meka harima pahath wadak a akkata loku apahasayak une..kasada bandala dikkasada unath aka ayagema warddada kiyanna bee.. ahema nithiyak thibbanam.. thorana dawasema a details aran akkawa ain karanna thibuna,29
C1140,kunu godawal awussanne nathuwa thamange wedak balaganin ponnaya,hate,Facebook,kunu godawal awussanne nathuwa thamange wedak balaganin ponnaya,8
C1141,Mask ekak daaganin gaaniye,neutral,Facebook,mask ekak daaganin gaaniye,4
C1142,Dan puthala ammala wage un kasada badiv..kollane wahanayak gnna onnam naki kallak allagena ekige amaruwa arala maruweyan ..badata daruwekut dilama maru weyan dan 47t lamai wadanda ba,hate,Facebook,dan puthala ammala wage un kasada badiv..kollane wahanayak gnna onnam naki kallak allagena ekige amaruwa arala maruweyan ..badata daruwekut dilama maru weyan dan 47t lamai wadanda ba,27
C1143,Kada haththa oka sammatha karoth parata hari bahina un like krpalla,hate,Facebook,kada haththa oka sammatha karoth parata hari bahina un like krpalla,11
C1144,Mithurukamata eha giya badimak eka.danno dani __,neutral,Facebook,mithurukamata eha giya badimak eka.danno dani __,7
C1145,ubath NGO jeppekda______,offensive,Facebook,ubath ngo jeppekda__,3
C1146,Mokadda wela thiyenne sihinata karadaragakda 🙏,neutral,Facebook,mokadda wela thiyenne sihinata karadaragakda,5
C1147,Ane Manda mata duka okige lamaya gena,neutral,Facebook,ane manda mata duka okige lamaya gena,7
C1148,Ane nangi oya duk wenna epa.....oyata raja kollo dennek inne....giya minissu apahu enawa.....daruwo denna ekka sathutin jeewath wenna..,neutral,Facebook,ane nangi oya duk wenna epa..oyata raja kollo dennek inne..giya minissu apahu enawa..daruwo denna ekka sathutin jeewath wenna..,18
C1149,______ gattata ____ na mahattayo aka rata dapala ______ _____ nowaina 73k. Gapuo gahilla sallamda hora kala kala ______ karala jvp ______ gatta akada ___ ana gono 🤬,hate,Facebook,__ gattata __ na mahattayo aka rata dapala __ __ nowaina 73k. gapuo gahilla sallamda hora kala kala __ karala jvp __ gatta akada __ ana gono,27
C1150,Mun gennanne mktada bn thuuu nodakin,offensive,Facebook,mun gennanne mktada bn thuu nodakin,6
C1152,Mun nam patta wesiyo tikak .ai mewata wiruddawa piyawarak ganna bari .mun ganu sanhayhiyatama lajjawak .mulu ratatama pililayak 😠,hate,Facebook,mun nam patta wesiyo tikak .ai mewata wiruddawa piyawarak ganna bari .mun ganu sanhayhiyatama lajjawak .mulu ratatama pililayak,18
C1153,Ethakota deranata sirasata redda ussalað,offensive,Facebook,ethakota deranata sirasata redda ussalað,5
C1154,Balegena wedak nane den bale tiyene obalage gawa karapu katiyata daduwam denna bala bala ine natuwa daduwam karanna nikan kiya kiya innenatuw Lankawe inne ððððððððð newe minisun,neutral,Facebook,balegena wedak nane den bale tiyene obalage gawa karapu katiyata daduwam denna bala bala ine natuwa daduwam karanna nikan kiya kiya innenatuw lankawe inne ððððððððð newe minisun,27
C1155,Duvanna api denne hari yaaaaaa ✨,neutral,Facebook,duvanna api denne hari yaa,5
C1156,Budu saranai ððð,neutral,Facebook,budu saranai ððð,3
C1157,Ane boru danna epa 😊,neutral,Facebook,ane boru danna epa,4
C1158,Jvp Gon pakayo lalkanthaya Awurudu ganak inne rajaye nila niwaseka utath geyak Aran dipiyaw .,hate,Facebook,jvp gon pakayo lalkanthaya awurudu ganak inne rajaye nila niwaseka utath geyak aran dipiyaw .,15
C1159,mn hitanne minihage pana nh.ekane ochchara tada wenne,offensive,Facebook,mn hitanne minihage pana nh.ekane ochchara tada wenne,8
C1160,Ubalata lajja nadda ban Athmayak nathi kalakanni,hate,Facebook,ubalata lajja nadda ban athmayak nathi kalakanni,7
C1161,Emuletar eka bluestack 4 da,neutral,Facebook,emuletar eka bluestack 4 da,5
C1162,Kari ponnaya ammata huka wanava dana ganin sinhalayo aussa ganna epa ayeee,hate,Facebook,kari ponnaya ammata huka wanava dana ganin sinhalayo aussa ganna epa ayee,12
C1163,Hati balapan ko besiege puthage rajapaksha pawlama marala dala me rate sapaya nathi karannanm,offensive,Facebook,hati balapan ko besiege puthage rajapaksha pawlama marala dala me rate sapaya nathi karannanm,14
C1164,Thank you Thushara<br />Me pakaya genu ki denekta HUKALA ATHIDA,hate,Facebook,thank you Thushara<br />Me pakaya genu ki denekta hukala athida,10
C1166,Aapu mtawat twa beri una yako__,neutral,Facebook,aapu mtawat twa beri una yako__,6
C1167,Unge ammat....... Kiyanne monawada wena kiyanta deyak ne... Ape un weda penwai issarahata 😑,offensive,Facebook,unge ammat.. kiyanne monawada wena kiyanta deyak ne.. ape un weda penwai issarahata,13
C1168,Mahindalage wahallu unlike karala wesa baduwak oka,offensive,Facebook,mahindalage wahallu unlike karala wesa baduwak oka,7
C1169,Ade mokkda bn rp ❤️,neutral,Facebook,ade mokkda bn rp,4
C1170,Makige mona lassenekda,offensive,Facebook,makige mona lassenekda,3
C1171,Patta wesiyooo.munwa gena mewa balana avunta gal gahnna oni,hate,Facebook,patta wesiyoo.munwa gena mewa balana avunta gal gahnna oni,9
C1172,Oka ngo dolar walata yata wechcha kalanni lolla,offensive,Facebook,oka ngo dolar walata yata wechcha kalanni lolla,8
C1173,Adina aduma hariyata andanam kisi aulak nane owage than walata addiwath adu tharame piliwela adumak adan anna oni fashion kiyala adan anawa owage awa,neutral,Facebook,adina aduma hariyata andanam kisi aulak nane owage than walata addiwath adu tharame piliwela adumak adan anna oni fashion kiyala adan anawa owage awa,24
C1174,"Divorce una kila a gahanith gahaniyak neda, Amma kenek neda? Mokadda warada miniha nathi nisada? Khomath kellek newei ne. Kello godaka ganiyek unna Nam waradi kiyamu. Divorce unath nathath gahaniyak neda?",neutral,Facebook,"divorce una kila a gahanith gahaniyak neda, amma kenek neda? mokadda warada miniha nathi nisada? khomath kellek newei ne. kello godaka ganiyek unna nam waradi kiyamu. divorce unath nathath gahaniyak neda?",31
C1175,Gammanpilata Gotha weema mokak hari awulak wage,neutral,Facebook,gammanpilata gotha weema mokak hari awulak wage,7
C1176,Boleth ekkama hose gala ahasata ekathu wei kiyala hithuwe,neutral,Facebook,boleth ekkama hose gala ahasata ekathu wei kiyala hithuwe,9
C1177,", lajja nathi kama mahamudalikamatath wadi ✨",neutral,Facebook,", lajja nathi kama mahamudalikamatath wadi",6
C1178,Unp eke ponna sinhala heththa... mujibar gena kiyaddi ke gahanawa... sabawa kal damma... pake anduwa.. 💢,hate,Facebook,unp eke ponna sinhala heththa.. mujibar gena kiyaddi ke gahanawa.. sabawa kal damma.. pake anduwa..,15
C1179,Nodakin dakinnawath kamthi na,offensive,Facebook,nodakin dakinnawath kamthi na,4
C1180,ponnayo raja wela.... ewith inna okkoma wesiyone.... thane eliye dagen... puka dila modeling karala prasidda unama un hari genu kiyala hithan inne.... keri badu.... owa dekkama negala thiyena paiyath bahinawa 👎 💢,hate,Facebook,ponnayo raja wela.. ewith inna okkoma wesiyone.. thane eliye dagen.. puka dila modeling karala prasidda unama un hari genu kiyala hithan inne.. keri badu.. owa dekkama negala thiyena paiyath bahinawa,30
C1181,Igenagatta nati moda hark innakam ape rata hadanna bha mokada unne me rajaya genave,neutral,Facebook,igenagatta nati moda hark innakam ape rata hadanna bha mokada unne me rajaya genave,14
C1182,Haa obala kawadada 19janayata kisideyak kale kariyoo balako ain karana hati nodaki rajitayo too makabavila pala,hate,Facebook,haa obala kawadada 19janayata kisideyak kale kariyoo balako ain karana hati nodaki rajitayo too makabavila pala,16
C1183,Data aka kawada ððððððOK. ....... 🌸,neutral,Facebook,data aka kawada ððððððOK. ..,5
C1184,Dan kohomat awaranaya wadi ape janadi patti tumage ussahaya jayawewaâ¤â¤ð¹ð¹ð·ð·ð·ð·ðððððððð,neutral,Facebook,dan kohomat awaranaya wadi ape janadi patti tumage ussahaya jayawewaâ¤â¤ð¹ð¹ð·ð·ð·ð·ðððððððð,10
C1185,Anagathe henen thamai à¶¢à¶±à·à¶°à·à¶´à¶­à· 🌸,neutral,Facebook,anagathe henen thamai à¶¢à¶±à·à¶°à·à¶´à¶­à·,4
C1186,Asarana une ahinsaka minissunge salli mankolla kapunisa ____,neutral,Facebook,asarana une ahinsaka minissunge salli mankolla kapunisa __,8
C1187,"Ubthd wdee,, asarn kollkut mrgn,, ohom wel mdii ubt,, wnchr blliii,,,ð¡ð¡ ohom welaama madii ubt,, ib hind pul pitin wida wannee,,, ð¤¨ð¤¨matann hrii sthutuii ubt una de gana,,,, patta,,, liik krpu unt tx ,, ptta wdee bllit kree 🙄",offensive,Facebook,"ubthd wdee,, asarn kollkut mrgn,, ohom wel mdii ubt,, wnchr bllii,,ð¡ð¡ ohom welaama madii ubt,, ib hind pul pitin wida wannee,, ð¤¨ð¤¨matann hrii sthutuii ubt una de gana,, patta,, liik krpu unt tx ,, ptta wdee bllit kree",38
C1188,Gmmc thm ð,neutral,Facebook,gmmc thm ð,3
C1189,Minehekut ennawalu ð,neutral,Facebook,minehekut ennawalu ð,3
C1190,Me boy wagema train kaduna welawe udaw karapu minissu thawa ati..,neutral,Facebook,me boy wagema train kaduna welawe udaw karapu minissu thawa ati..,11
C1191,Nodakin lankawe inna hodama wesiyo taka 👎 👎,hate,Facebook,nodakin lankawe inna hodama wesiyo taka,6
C1192,Kohoma unath hoda das loba nethuwa dala thiyenawa 🙂,neutral,Facebook,kohoma unath hoda das loba nethuwa dala thiyenawa,8
C1193,Hamuduruwane obawahanse parlimethuwe ennama ona 🙏,neutral,Facebook,hamuduruwane obawahanse parlimethuwe ennama ona,5
C1194,Apita uu kotiya unaata unta eeyaka weerayek.....ð¤,neutral,Facebook,apita uu kotiya unaata unta eeyaka weerayek..ð¤,7
C1195,Aiyi sihina ayama kiruli akka akatanam api kamathi baha,neutral,Facebook,aiyi sihina ayama kiruli akka akatanam api kamathi baha,9
C1197,Samithage duwa Amma wagema niyama gonð baduwak,hate,Facebook,samithage duwa amma wagema niyama gonð baduwak,7
C1199,Ethkota malinga illapu eka sl vs Nz match eke eka me siyawase neweida,neutral,Facebook,ethkota malinga illapu eka sl vs nz match eke eka me siyawase neweida,13
C1200,Oya serama hambayo maranna oonea urro ( pig) damala,hate,Facebook,oya serama hambayo maranna oonea urro ( pig) damala,9
C1202,Ma wasi namalge baddak kiyela okkommela dannewa 😤,offensive,Facebook,ma wasi namalge baddak kiyela okkommela dannewa,7
C1204,Honda Wadak.me video eken kiyanna hadapu de terum ganna beri moda minissu eka eka katha kiyai.ganan ganna epa.e ape minissunge hati. 👍,neutral,Facebook,honda Wadak.me video eken kiyanna hadapu de terum ganna beri moda minissu eka eka katha kiyai.ganan ganna epa.e ape minissunge hati.,21
C1205,Karoline ge kirula galavana eka thama hodama,offensive,Facebook,karoline ge kirula galavana eka thama hodama,7
C1206,Indiawata api cricket walin uththara denna ona cup eka aragena,neutral,Facebook,indiawata api cricket walin uththara denna ona cup eka aragena,10
C1207,Matath me wedin ekata awanm baduwak gahanda thibani... 😤,offensive,Facebook,matath me wedin ekata awanm baduwak gahanda thibani..,8
C1209,Lankawe nama thawath kathakala mulu lokayak issaraha. 🙏,neutral,Facebook,lankawe nama thawath kathakala mulu lokayak issaraha.,7
C1210,Meeta pasu lankawe chandayak awashshma natha. Mewage vihilu mona ratakawath nathuwa athi.,neutral,Facebook,meeta pasu lankawe chandayak awashshma natha. mewage vihilu mona ratakawath nathuwa athi.,12
C1211,Ane ithin hakooo..,neutral,Facebook,ane ithin hakoo..,3
C1212,à¶ à¶´à·à¶­à· pohottuwe à¶­à¶¸à· .den nam onne munwa.aye nam munta denne.mun hambakaran rata kanna apu awn.kalakanni heththa.,hate,Facebook,à¶ à¶´à·à¶­à· pohottuwe à¶­à¶¸à· .den nam onne munwa.aye nam munta denne.mun hambakaran rata kanna apu awn.kalakanni heththa.,17
C1213,Marenakota mun mewa aran yanawa wage hariyata.________ 😊,neutral,Facebook,marenakota mun mewa aran yanawa wage hariyata.__,7
C1214,Gena widesha winimaya publish karapanko. Paw chichi.,neutral,Facebook,gena widesha winimaya publish karapanko. paw chichi.,7
C1215,Meds mulane asuchi kana baiyanta Oka ganak ne .rahai unta .thopita wage un nisa ratata Ada kelwela thiyenne,hate,Facebook,meds mulane asuchi kana baiyanta oka ganak ne .rahai unta .thopita wage un nisa ratata ada kelwela thiyenne,18
C1216,rajapaksala kali wela yana dawasak enkm api bln inne,offensive,Facebook,rajapaksala kali wela yana dawasak enkm api bln inne,9
C1217,mun badina unta harak paiyyak welala puke arinta one.yako mun ganu wage inna pirimi yako 💢,hate,Facebook,mun badina unta harak paiyyak welala puke arinta one.yako mun ganu wage inna pirimi yako,15
C1218,"Uba amu gawaya,__ Gampahatath lajjai,mee haraka______,giyapu school ekatath lajjai, ________ 😡",hate,Facebook,"uba amu gawaya,__ gampahatath lajjai,mee haraka__,giyapu school ekatath lajjai, __",10
C1219,Kisima sadachaara sampannakmk nha.. ð harima dukai.. anthimata une ethana hitapu hemoma amaruwen hadagaththu prathiroopaya vinasha wela giya eka vitharai 🙂,neutral,Facebook,kisima sadachaara sampannakmk nha.. ð harima dukai.. anthimata une ethana hitapu hemoma amaruwen hadagaththu prathiroopaya vinasha wela giya eka vitharai,20
C1220,Eakanm patta suewar eaken gaththe,neutral,Facebook,eakanm patta suewar eaken gaththe,5
C1221,Merila yanna ona kalakanni pansal gane gihilla.,hate,Facebook,merila yanna ona kalakanni pansal gane gihilla.,7
C1222,ARA gajendaran party eke ayata neethiya kriyathmaka kalauthuda nathida?,neutral,Facebook,ara gajendaran party eke ayata neethiya kriyathmaka kalauthuda nathida?,9
C1223,Me gon kariya views ganna aith repeat ð krnawa e video eka...news walin denagaththa pako api uba kyanna one na 🤬,hate,Facebook,me gon kariya views ganna aith repeat ð krnawa e video eka..news walin denagaththa pako api uba kyanna one na,20
C1224,Ou ou apeta derawaganda bare rajapaksala kelawapu kelaweellla 🙄,offensive,Facebook,ou ou apeta derawaganda bare rajapaksala kelawapu kelaweella,8
C1225,Namalla chichila eda Idalath janatawagen kapu higanno thamaaaa,offensive,Facebook,namalla chichila eda idalath janatawagen kapu higanno thamaa,8
C1226,Ane wesa balli thoge gedi kapala thel Danna ona.thota witharada gedi thiyenne.thoge owa hamadama pennagena innakota epa wela.thopiwage awun haduwata wada hodai eladenak haduwanam kiri bonna thibuna.,hate,Facebook,ane wesa balli thoge gedi kapala thel danna ona.thota witharada gedi thiyenne.thoge owa hamadama pennagena innakota epa wela.thopiwage awun haduwata wada hodai eladenak haduwanam kiri bonna thibuna.,27
C1227,Chamuditha ai kaagahanne? Himin Katha karamu.,neutral,Facebook,chamuditha ai kaagahanne? himin katha karamu.,6
C1228,Muge kanata denta thibbe,offensive,Facebook,muge kanata denta thibbe,4
C1229,Lankawe post wale thiyenne quality tamai me ________,neutral,Facebook,lankawe post wale thiyenne quality tamai me __,8
C1231,Munta hikennama Gahanna Ona. Munthamai Dan hadena lamai narak karanne 😒 😤,offensive,Facebook,munta hikennama gahanna Ona. munthamai dan hadena lamai narak karanne,10
C1232,Kunu karavala kooriyek obanakenek innavanam me naaki hampada anti ta help ekak deepalla macho....,hate,Facebook,kunu karavala kooriyek obanakenek innavanam me naaki hampada anti ta help ekak deepalla macho..,14
C1233,Daruwawath digeta ganna beri ne me genita namm 😑,offensive,Facebook,daruwawath digeta ganna beri ne me genita namm,8
C1234,Ahmada ala ala,neutral,Facebook,ahmada ala ala,3
C1235,Anushika Sewwandi __ kewa nethaa ____ 👍,neutral,Facebook,anushika sewwandi __ kewa nethaa __,6
C1236,Aiyo 69 laksa chandeðªðªðª,neutral,Facebook,aiyo 69 laksa chandeðªðªðª,4
C1238,KAPUTA HITIYATAH WADA HODATA WAJABANAWA.AHINSAKA DUPPATH MINISSU HITIYATAH WADA WALA PLLATA GIYA.KALAKANNI RATA KALA EWARA NA.,hate,Facebook,kaputa hitiyatah wada hodata WAJABANAWA.AHINSAKA duppath minissu hitiyatah wada wala pllata GIYA.KALAKANNI rata kala ewara NA.,16
C1239,Me game eka play krn kwd inne..,neutral,Facebook,me game eka play krn kwd inne..,7
C1241,filty kiyanne mokekda guu punchekne.mekath u wagema ui ara wili lajja nathi kaalakanni ganui ekathuwela karapu marketing ekak.amana wadak ithing .tharuuna paramparawai podi eunwai wanasanna hondai.hiiiiiiiiiiiiii thiyaganin kotte yata laksha dahaya.,hate,Facebook,filty kiyanne mokekda guu punchekne.mekath u wagema ui ara wili lajja nathi kaalakanni ganui ekathuwela karapu marketing ekak.amana wadak ithing .tharuuna paramparawai podi eunwai wanasanna hondai.hii thiyaganin kotte yata laksha dahaya.,31
C1242,Nalu niliyo okkoma wanachara heththa. Unn dakina dakina ekath eka yanawa. 😠 💢,hate,Facebook,nalu niliyo okkoma wanachara heththa. unn dakina dakina ekath eka yanawa.,11
C1245,5star hotel ekakata yanna,neutral,Facebook,5star hotel ekakata yanna,4
C1246,"Plyn cri gothya ynna, Gota gon pagaya __ 😠",hate,Facebook,"plyn cri gothya ynna, gota gon pagaya __",8
C1247,Mona pakaya hada kauwada danne Na.ath me rata nidahas kara gaththa me wage minihek gen athal ganna apa,hate,Facebook,mona pakaya hada kauwada danne Na.ath me rata nidahas kara gaththa me wage minihek gen athal ganna apa,18
C1248,Ammoo upasaka mhtty,neutral,Facebook,ammoo upasaka mhtty,3
C1249,Course eka supiri .sir hodata kiyala denava hamadema __highly recommmended __,neutral,Facebook,course eka supiri .sir hodata kiyala denava hamadema __highly recommended __,11
C1251,Magea account eka password amathakai ekata monada karanda puluwan,neutral,Facebook,magea account eka password amathakai ekata monada karanda puluwan,9
C1252,Ane pala balli ynna mat nam penna baha gon baduwa,hate,Facebook,ane pala balli ynna mat nam penna baha gon baduwa,10
C1253,Bane karanna... Ape Amma mawa Kanna hadanawane ______ ❤️,neutral,Facebook,bane karanna.. ape amma mawa kanna hadanawane __,8
C1254,Ane janadi patti tumeni udau karana pau ð·ð·ð·ð¤â¤â¤â¤â¤â¤ððððð,neutral,Facebook,ane janadi patti tumeni udau karana pau ð·ð·ð·ð¤â¤â¤â¤â¤â¤ððððð,8
C1255,Eka hoda wadak munwa kohomath ves wasa karandama baha ne,neutral,Facebook,eka hoda wadak munwa kohomath ves wasa karandama baha ne,10
C1256,Mona unat indieawa kanwa srilnkawa gahanawa gama,neutral,Facebook,mona unat indieawa kanwa srilnkawa gahanawa gama,7
C1257,Anth wadi okkoma athugala danna one occara kalayak hema jathiyakma eka muthuwa hitiya den tamai me payayo rata kanne,offensive,Facebook,anth wadi okkoma athugala danna one occara kalayak hema jathiyakma eka muthuwa hitiya den tamai me payayo rata kanne,19
C1258,Daisporawe un thamaai ape rata kanne,offensive,Facebook,daisporawe un thamaai ape rata kanne,6
C1260,sakkili geniyek bn. 😤,offensive,Facebook,sakkili geniyek bn.,3
C1261,ganu gedaratiyala kreeket gahapalla. ganu tamai ubalawa kanne 😤,offensive,Facebook,ganu gedaratiyala kreeket gahapalla. ganu tamai ubalawa kanne,8
C1262,Ayyo me interview karana manussaya ka gahana eka harima ear irritating. 😊,neutral,Facebook,ayyo me interview karana manussaya ka gahana eka harima ear irritating.,11
C1263,Fatta film ekak neda,neutral,Facebook,fatta film ekak neda,4
C1264,Arjuna hitiyanan balanna thibba,neutral,Facebook,arjuna hitiyanan balanna thibba,4
C1265,Caroline pissu huththi,hate,Facebook,caroline pissu huththi,3
C1266,Owa ta army eken dala arawage pissu natana unge kana paluwa nam nikan ma hadeyi 😑 🙄,offensive,Facebook,owa ta army eken dala arawage pissu natana unge kana paluwa nam nikan ma hadeyi,15
C1267,Ithin ara ranil kiyana lokuma pissai fb eke hitiya 100%niweradi leader knk balaporoththu wechchi pattama gon adminla tikai nisa thama me 🤬,hate,Facebook,ithin ara ranil kiyana lokuma pissai fb eke hitiya 100%niweradi leader knk balaporoththu wechchi pattama gon adminla tikai nisa thama me,21
C1268,Lankawe hodama gone badu tikai e mada inna buruwo tikai,hate,Facebook,lankawe hodama gone badu tikai e mada inna buruwo tikai,10
C1269,Ma sakkili danuth kagahanava kaudayako arakagahana sakkili rsttata mavavipatakvala munta bomba gahanna kanaknadda 😒 😑,offensive,Facebook,ma sakkili danuth kagahanava kaudayako arakagahana sakkili rsttata mavavipatakvala munta bomba gahanna kanaknadda,13
C1270,Kari tambi kohomada mage rate idam vikunanna 😠,hate,Facebook,kari tambi kohomada mage rate idam vikunanna,7
C1271,Meki maha magulakne,offensive,Facebook,meki maha magulakne,3
C1272,Kerolin oya iwarai,offensive,Facebook,kerolin oya iwarai,3
C1273,Apo ape gedara eka apu ekawa kala tama nawatinne____,neutral,Facebook,apo ape gedara eka apu ekawa kala tama nawatinne__,9
C1275,me harak topi punnakkuda kanne ratema Salli un laga tiyanne horakala ratama kapu un topi harak kapiyau tana kola,hate,Facebook,me harak topi punnakkuda kanne ratema salli un laga tiyanne horakala ratama kapu un topi harak kapiyau tana kola,19
C1276,Aththatama mehema adare athi wenna puluwanda?,neutral,Facebook,aththatama mehema adare athi wenna puluwanda?,6
C1277,"Neethiya ballata, neethiye adhipathya ballonta. 👎",hate,Facebook,"neethiya ballata, neethiye adhipathya ballonta.",5
C1278,Munta tamai ara diwa eliyata ena lede hedenne ekai oya dagalanneðð,offensive,Facebook,munta tamai ara diwa eliyata ena lede hedenne ekai oya dagalanneðð,11
C1279,"Ane me gayan kiynne kochchara naraka <a href="" minihata hodakma wenta apa 😒",offensive,Facebook,"ane me gayan kiynne kochchara naraka <a href="" minihata hodakma wenta apa",12
C1280,Hora yakku indian karayo,offensive,Facebook,hora yakku indian karayo,4
C1281,19 hodai rajitha ponnayata horakan karanna 🤬,hate,Facebook,19 hodai rajitha ponnayata horakan karanna,6
C1282,Balu desha paaluvanta saamayen pirunu rataka inna kota saban gevunu gedavillu vage thamayi . Kaalakanni,offensive,Facebook,balu desha paaluvanta saamayen pirunu rataka inna kota saban gevunu gedavillu vage thamayi . kaalakanni,15
C1283,Cathurikata haena gahanawa gayan hodata hotallwalTa ghin gilinawa blla,offensive,Facebook,cathurikata haena gahanawa gayan hodata hotallwalta ghin gilinawa blla,9
C1284,Lankawa minisau bohma danaka karla tiyana kudu bisns 👍,neutral,Facebook,lankawa minisau bohma danaka karla tiyana kudu bisns,8
C1285,Pake deshapalane and pake news.topi okkama iwarai wadi klayak na 👎,hate,Facebook,pake deshapalane and pake news.topi okkama iwarai wadi klayak na,10
C1286,namalui ballo dennekui tv balana awasthawak____,offensive,Facebook,namalui ballo dennekui tv balana awasthawak__,6
C1287,Mekata hrad dapu kattiya gana harima pilikul. 😊,neutral,Facebook,mekata hrad dapu kattiya gana harima pilikul.,7
C1289,Monna Hutthakda oi me.,offensive,Facebook,monna hutthakda oi me.,4
C1290,Hoo hoo bijja athda thota pakaya,hate,Facebook,hoo hoo bijja athda thota pakaya,6
C1291,Harima gunayahapath ballek__,neutral,Facebook,harima gunayahapath ballek__,3
C1292,Issra maara asawen miss karanne nathuwa balapu kathawak. Dan nm me wage clip ekak dakkiddith ____,neutral,Facebook,issra maara asawen miss karanne nathuwa balapu kathawak. dan nm me wage clip ekak dakkiddith __,16
C1293,Jeppo katin batala hitawanawa kohomat 😤,offensive,Facebook,jeppo katin batala hitawanawa kohomat,5
C1294,Para india ballo,hate,Facebook,para india ballo,3
C1295,Ado sira ban,neutral,Facebook,ado sira ban,3
C1296,Ithin apita pupadað,neutral,Facebook,ithin apita pupadað,3
C1297,"MUN OKKOTAMA DAN AMATHAKA WELAA UN WINDA DUKA, AND UNGE PAWUL WALA UN BILLATA GIYA HATI.... PARISSAMIN RANAWIRUWANI.... SIHALUNI,<br>UMBALA BEEDA BINNA UNOTH WENA DEE THEERUM GANNA ❤️",neutral,Facebook,"mun okkotama dan amathaka welaa un winda DUKA, and unge pawul wala un billata giya HATI.. parissamin RANAWIRUWANI.. SIHALUNI,<br>UMBALA beeda binna unoth wena dee theerum ganna",26
C1298,Janadi patti tumata jayawewaâ¤â¤â¤â¤â¤â¤â¤â¤â¤â¤ð·ð·ð·ð·ð·ð·ð·ð·ððððððððð,neutral,Facebook,janadi patti tumata jayawewaâ¤â¤â¤â¤â¤â¤â¤â¤â¤â¤ð·ð·ð·ð·ð·ð·ð·ð·ððððððððð,4
C1299,"Kattiyatama aduwak nathiwa kiri bonna puluwan,,ðð¤£ðð¤£ð¤£ð¤£ð¤£",offensive,Facebook,"kattiyatama aduwak nathiwa kiri bonna puluwan,,ðð¤£ðð¤£ð¤£ð¤£ð¤£",6
C1300,Mone wesa kamaak da aa 😑,offensive,Facebook,mone wesa kamaak da aa,5
C1301,Gothaya kiyanne uge mathayata viruddawa katha karannath epa kiyala muuta chande deepu ewon uuta viruddawa katha karanne kiyala uuta penne nadda dn uuta apiwa penne samagi balawege wage anee,neutral,Facebook,gothaya kiyanne uge mathayata viruddawa katha karannath epa kiyala muuta chande deepu ewon uuta viruddawa katha karanne kiyala uuta penne nadda dn uuta apiwa penne samagi balawege wage anee,29
C1302,Apppo ððð ðª chora,neutral,Facebook,appo ððð ðª chora,4
C1303,Rata balataðyano <br />Balloðrata palanaya karanna ð¨,hate,Facebook,rata balataðyano <br />Balloðrata palanaya karanna ð¨,7
C1304,Me app eka download katakana.use karana vidiya kiyala denna puluwanda,neutral,Facebook,me app eka download katakana.use karana vidiya kiyala denna puluwanda,10
C1305,Meh gani ta maduruwo maranna baa. Haha! Surname nan galapenawa. Wal ma thamai. Minissu kiyak ekka idala thiyanawada meh ganii. Chik jaraaaaað¤¢ð¤¢ð¤¢ð¤¢,offensive,Facebook,meh gani ta maduruwo maranna baa. Haha! surname nan galapenawa. wal ma thamai. minissu kiyak ekka idala thiyanawada meh ganii. chik jaraað¤¢ð¤¢ð¤¢ð¤¢,22
C1306,Toge kauta kawata madi peretaya topi uda paninna epa hutto nidagana inna sinhaya awadi wenawa hutto ponnaya to pala ape ratim peretaya,hate,Facebook,toge kauta kawata madi peretaya topi uda paninna epa hutto nidagana inna sinhaya awadi wenawa hutto ponnaya to pala ape ratim peretaya,22
C1307,Kalla kanni katanakyaa 😑 😒,offensive,Facebook,kalla kanni katanakyaa,3
C1308,Galle tath poddak awa.__________ 🙏,neutral,Facebook,galle tath poddak awa.__,4
C1309,Hesitha malli niyamai bayenna epa ponnayek gananganna epa,hate,Facebook,hesitha malli niyamai bayenna epa ponnayek gananganna epa,8
C1310,Hena gahano anduwata 💢,hate,Facebook,hena gahano anduwata,3
C1311,Ganu lamayekda pirimi lamayekda dekatama nedda,neutral,Facebook,ganu lamayekda pirimi lamayekda dekatama nedda,6
C1312,Ane me ganaya kiyana katawa yako rajaya aehema karanna taram moda na me gotabaya rajayai buruwanee,offensive,Facebook,ane me ganaya kiyana katawa yako rajaya aehema karanna taram moda na me gotabaya rajayai buruwanee,16
C1314,Ikmanata badinna ethakota okkoma hari __ ❤️,neutral,Facebook,ikmanata badinna ethakota okkoma hari __,6
C1315,Mehema rule ekak thiyanwanam kohomada pushpika mechchara durak awe,neutral,Facebook,mehema rule ekak thiyanwanam kohomada pushpika mechchara durak awe,9
C1316,Buru super dannama waradi,neutral,Facebook,buru super dannama waradi,4
C1317,mutanam hena gahanawa yako.,hate,Facebook,mutanam hena gahanawa yako.,4
C1318,galagoda aththÃ¨da hora geni kiyak innawada.podi hamuduwanta puke ariye ki denakutada.upasaka ammalawa dusana karanda puluwanda buddagama,hate,Facebook,galagoda aththÃ¨da hora geni kiyak innawada.podi hamuduwanta puke ariye ki denakutada.upasaka ammalawa dusana karanda puluwanda buddagama,16
C1319,Inna barie karannada hadanna mattoooooo,neutral,Facebook,inna barie karannada hadanna mattoo,5
C1321,Kyk dunnada meka hdagnna.... 🙏 ❤️,neutral,Facebook,kyk dunnada meka hdagnna..,4
C1322,Dan raganna patan Aran padugita dawas wala koheda hitiye 😊 🌸,neutral,Facebook,dan raganna patan aran padugita dawas wala koheda hitiye,9
C1323,Me patta boru kiyana ponni oya dewal karapu ponni kiyanna aethi api dekkane hiru nalikawe maddaya thibunu spikaraya galawa pole gahapu heti patta ponni 😤,offensive,Facebook,me patta boru kiyana ponni oya dewal karapu ponni kiyanna aethi api dekkane hiru nalikawe maddaya thibunu spikaraya galawa pole gahapu heti patta ponni,24
C1324,"mekita mehema vela madi, baageta adan natanavata...... :)",offensive,Facebook,"mekita mehema vela madi, baageta adan natanavata.. :)",8
C1325,Thisara to ballek 🙄,offensive,Facebook,thisara to ballek,3
C1326,Pissu hedanawa toge pake pag eka unp ekaka kiyala dannawanam oka balannewat ne den fb eka adan netuwa ammage thurulata wela adapan samanalayooo,offensive,Facebook,pissu hedanawa toge pake pag eka unp ekaka kiyala dannawanam oka balannewat ne den fb eka adan netuwa ammage thurulata wela adapan samanalayoo,23
C1327,lajja nathi ganiyek oya gahanu wechcha apitath lajjawak balanna aththatama oya oya adina widiya oyata banapu kena hariyatMa hari oya wesa ganiyek,offensive,Facebook,lajja nathi ganiyek oya gahanu wechcha apitath lajjawak balanna aththatama oya oya adina widiya oyata banapu kena hariyatma hari oya wesa ganiyek,22
C1328,Keliawanam elapiya duwata ponnyo nakihama adinne nathiwa,hate,Facebook,keliawanam elapiya duwata ponnyo nakihama adinne nathiwa,7
C1329,Gota muta shot eka dunne nattham therumak na,offensive,Facebook,gota muta shot eka dunne nattham therumak na,8
C1330,Kothanada bn waliyak yanne,neutral,Facebook,kothanada bn waliyak yanne,4
C1331,yakko rilla rannil ponnayo nimal werawanssala kiyanne shatika atta mee jannatwa marrila duken asarRana wella innawellawaka mun parali menttu inha weve magul nattanawa munwa ghla panbana jannatawa idiriyata ennai dan onne 💢 😠,hate,Facebook,yakko rilla rannil ponnayo nimal werawanssala kiyanne shatika atta mee jannatwa marrila duken asarrana wella innawellawaka mun parali menttu inha weve magul nattanawa munwa ghla panbana jannatawa idiriyata ennai dan onne,31
C1332,Api cricket velata pissu vatila inna arjuna ankal,neutral,Facebook,api cricket velata pissu vatila inna arjuna ankal,8
C1333,Lassanai puthey budu saranai oya dennatama,neutral,Facebook,lassanai puthey budu saranai oya dennatama,6
C1334,2023 ganith na 👍,neutral,Facebook,2023 ganith na,3
C1335,Lokaya dunu wena kale meyala apassata yanna hadanne.. Seegiri situwam ugayata nawata yannna epa. Pls 🙂,neutral,Facebook,lokaya dunu wena kale meyala apassata yanna hadanne.. seegiri situwam ugayata nawata yanna epa. pls,15
C1336,Bella neme bun oluwa neththeð,neutral,Facebook,bella neme bun oluwa neththeð,5
C1337,Ahinsaka tharunayanwa rata yawannathuwa lankawe thiyagena lankawa diyunu karanna puluwan weda piliwelak hadana eka yawwana katayuthu amathige wagakeema. ❤️,neutral,Facebook,ahinsaka tharunayanwa rata yawannathuwa lankawe thiyagena lankawa diyunu karanna puluwan weda piliwelak hadana eka yawwana katayuthu amathige wagakeema.,18
C1338,Kalakanni ð¡ð¡ð¡ð ð¤¬,hate,Facebook,kalakanni ð¡ð¡ð¡ð ð¤¬,3
C1339,Mara minisu ketiyak marane dn thawath minihek Mona hithakinda bn thawa ekek marane. ❤️ 🌸,neutral,Facebook,mara minisu ketiyak marane dn thawath minihek mona hithakinda bn thawa ekek marane.,13
C1340,Ape asarana lankawata monawada me wenna yanne deviyaneð³ð³ð³ð³ð³ 🙏,neutral,Facebook,ape asarana lankawata monawada me wenna yanne deviyaneð³ð³ð³ð³ð³,8
C1342,Man campus out ath mewa balnwa a tarm akarshniyi apitath ganna dewal tiyenwa,neutral,Facebook,man campus out ath mewa balnwa a tarm akarshniyi apitath ganna dewal tiyenwa,13
C1343,Asha and praba mulin dunne punchi Rome,neutral,Facebook,asha and praba mulin dunne punchi rome,7
C1344,Kimbak eduwoth ape untath amma thaththawath penne ne 😑,offensive,Facebook,kimbak eduwoth ape untath amma thaththawath penne ne,8
C1345,Adum nathuwa video akka karana akka. 😤,offensive,Facebook,adum nathuwa video akka karana akka.,6
C1346,Umba kohoma pimbenna haduwath umbala dan awalangu kasi ban.... thopi pawul pitin aoagatha wenna one me ratata karapu aparadeta 💢,hate,Facebook,umba kohoma pimbenna haduwath umbala dan awalangu kasi ban.. thopi pawul pitin aoagatha wenna one me ratata karapu aparadeta,19
C1347,Nodakin naki magula ð¤®ð¤®ð¤® 👎 😠,hate,Facebook,nodakin naki magula ð¤ ð¤ ð¤,6
C1348,Pukenut huna una un koo,offensive,Facebook,pukenut huna una un koo,5
C1349,Kasada bandata passe lamai hambawenna innewa kiyanna eka pudumayak newine good luck,neutral,Facebook,kasada bandata passe lamai hambawenna innewa kiyanna eka pudumayak newine good luck,12
C1350,Loke ithihase thibunu wahana lankawa kiyana kauthukagare ihala milata vikunanawa loke anik rata wala eka padiyakin supiri wandi ganda puluwan,neutral,Facebook,loke ithihase thibunu wahana lankawa kiyana kauthukagare ihala milata vikunanawa loke anik rata wala eka padiyakin supiri wandi ganda puluwan,20
C1351,Itin yako korona tiyanawa danny nadda pati danny oka samaruwy nattan candimal marynawada oya salli akatu karala depiyaw asarana minisunta kanna hal kilowa jara hatta danwat aga wahynna adala pin karapiyawsariry aliya dagana natanny natuwa 😑,offensive,Facebook,itin yako korona tiyanawa danny nadda pati danny oka samaruwy nattan candimal marynawada oya salli akatu karala depiyaw asarana minisunta kanna hal kilowa jara hatta danwat aga wahynna adala pin karapiyawsariry aliya dagana natanny natuwa,35
C1352,"Mu government aka gu kana mi harakak, 👎",hate,Facebook,"mu government aka gu kana mi harakak,",7
C1353,Jara wadak une 👍,neutral,Facebook,jara wadak une,3
C1354,Aiyooo mahinda attatama lajjai.. Oba tumawa nati kala golayo tika...,neutral,Facebook,aiyoo mahinda attatama lajjai.. oba tumawa nati kala golayo tika..,10
C1355,"Nikam pissu wesiyan waii.. Ponnayanwaii form kara kara inna epa bn. Kanna bonna natiwa kocchara nam minissu duk widinawa da... Ahinska ammala tattala, mee guu wesiyan wa nikm form karanwa redda. ð ð ð",hate,Facebook,"nikam pissu wesiyan waii.. ponnayanwaii form kara kara inna epa bn. kanna bonna natiwa kocchara nam minissu duk widinawa da.. ahinska ammala tattala, mee guu wesiyan wa nikm form karanwa redda. ð ð ð",34
C1356,Mona ponnayod bn me....adukolayo,hate,Facebook,mona ponnayod bn me..adukolayo,4
C1357,Aulak ne anthima match eka gahala demmama iwarai oi para ballonta 💢,hate,Facebook,aulak ne anthima match eka gahala demmama iwarai oi para ballonta,11
C1358,Mokadda hlo ee kathaawa 🙂,neutral,Facebook,mokadda hlo ee kathaawa,4
C1359,Thuu nadakinð©ð©ð©ð©ð©ð©ð©,offensive,Facebook,thuu nadakinð ð ð ð ð ð ð,8
C1360,Anay pala ballanta rata deelaa Deelaa Dan bana kelinawaa 👎,hate,Facebook,anay pala ballanta rata deelaa deelaa dan bana kelinawaa,9
C1361,Mahaththayata keyala puka ara ganin. 😤,offensive,Facebook,mahaththayata keyala puka ara ganin.,5
C1362,hamba demalu. okun eda welalennama arinna thibune.maha sakkilima jathiya.ape ranaviruvo awsan manushiya meheyum karala okun bera gatta ekata dena kalaguna salakeema thama oya.,offensive,Facebook,hamba demalu. okun eda welalennama arinna thibune.maha sakkilima jathiya.ape ranaviruvo awsan manushiya meheyum karala okun bera gatta ekata dena kalaguna salakeema thama oya.,23
C1363,Samitha ekige puthath ekkath budiynwa athi bn aru maha ponnyek,offensive,Facebook,samitha ekige puthath ekkath budiynwa athi bn aru maha ponnyek,10
C1364,Ane mun wage sakkili ponnayo tika tama ponniyak wina taram deyak nehe 👎,hate,Facebook,ane mun wage sakkili ponnayo tika tama ponniyak wina taram deyak nehe,12
C1366,Ape hama paalakayama pakshema bayai kelin wada Karanna.Aththatama lajjai boru kiyala baleta enawa.,neutral,Facebook,ape hama paalakayama pakshema bayai kelin wada Karanna.Aththatama lajjai boru kiyala baleta enawa.,13
C1367,kauda dislike karapu ponnayoo.indian legends lada,hate,Facebook,kauda dislike karapu ponnayoo.indian legends lada,6
C1368,Ammo rasa kalra kalra blnne,neutral,Facebook,ammo rasa kalra kalra blnne,5
C1369,unlike karala thiyenne gon kuhaka haththa,hate,Facebook,unlike karala thiyenne gon kuhaka haththa,6
C1370,Munwa kochchara redda asse dagena kiri pewwat Koti kotimai kalakanni 🤬,hate,Facebook,munwa kochchara redda asse dagena kiri pewwat koti kotimai kalakanni,10
C1371,"ME. APARADA. KARAWAPU. UNTA. AMU. AMUWE. HENA. GHANNA. ONI. MUNTA. SHAAAAPA. WADINNA ONI. DARUWANTA. DARUWANGE. DARUWANTA. POWEL. PITIN. SJAAAAPA. WADINNA. ONI. , POW. KARAYO. THRISANNU. WAGE. MANUSSINWA. MARA. DAMMATA. ð´ð´ð´ð´ð´ð´",hate,Facebook,"ME. APARADA. KARAWAPU. UNTA. AMU. AMUWE. HENA. GHANNA. ONI. MUNTA. SHAAPA. wadinna ONI. DARUWANTA. DARUWANGE. DARUWANTA. POWEL. PITIN. SJAAPA. WADINNA. ONI. , POW. KARAYO. THRISANNU. WAGE. MANUSSINWA. MARA. DAMMATA. ð´ð´ð´ð´ð´ð´",30
C1372,Ane manda minissu hadana apita ba ath thamunta galapana vidiyata jiwath una Nam kauruth baninne na ne,neutral,Facebook,ane manda minissu hadana apita ba ath thamunta galapana vidiyata jiwath una nam kauruth baninne na ne,17
C1373,Api me loke kothanada inne kiyala hithenawa neda ?,neutral,Facebook,api me loke kothanada inne kiyala hithenawa neda ?,9
C1375,"Meyata adare krna aya bayawenna epaððsadaranya gana katha krnne pissud mnda..achchara deyk krl meya nikn mkth kre na wg inne, stage eke hasirenu widihen peenw sadarnya wenuwen nagi sitina knk kiylð",neutral,Facebook,"meyata adare krna aya bayawenna epaððsadaranya gana katha krnne pissud mnda..achchara deyk krl meya nikn mkth kre na wg inne, stage eke hasirenu widihen peenw sadarnya wenuwen nagi sitina knk kiylð",31
C1376,Ai thama YouTube ekata uploaded karannaththe,neutral,Facebook,ai thama youtube ekata uploaded karannaththe,6
C1378,Jasinta kiyana eki lankikayek nevey ehenm apitha mona adamabarayakda mona reddak danavada danneððððð,offensive,Facebook,jasinta kiyana eki lankikayek nevey ehenm apitha mona adamabarayakda mona reddak danavada danneððððð,13
C1379,Baduwak bandagatthama oka wenawa kiyala amuthuwen ugannanna oneda bn,offensive,Facebook,baduwak bandagatthama oka wenawa kiyala amuthuwen ugannanna oneda bn,9
C1380,Apita kagenwat adala nane ban api diyunu unanam athi ara ratin me ratin meka kiwa araka kiwa kiyala apita vitarane ban me serama,neutral,Facebook,apita kagenwat adala nane ban api diyunu unanam athi ara ratin me ratin meka kiwa araka kiwa kiyala apita vitarane ban me serama,23
C1381,Gon huththak. Meki budu dahama genawath sinhala sanskruthiya genawath danna wesiyak nemei. Me wage kunu vidio danna epa ban,hate,Facebook,gon huththak. meki budu dahama genawath sinhala sanskruthiya genawath danna wesiyak nemei. me wage kunu vidio danna epa ban,19
C1382,Mention krlama dmmanam thama watinne__ 🙂,neutral,Facebook,mention krlama dmmanam thama watinne__,5
C1383,Ana tota waga apeta adena ona bale.apet ganu tama aunata apeta tota waga hluwan ena baa.ape adum adenat relax aka ena tama.thuu nodken ma ganeta yanna apayak naa.ð¡ð¡ð¡ð¡ 😒,offensive,Facebook,ana tota waga apeta adena ona bale.apet ganu tama aunata apeta tota waga hluwan ena baa.ape adum adenat relax aka ena tama.thuu nodken ma ganeta yanna apayak naa.ð¡ð¡ð¡ð¡,28
C1384,Mun wage jathiyak para despaluwo 💢,hate,Facebook,mun wage jathiyak para despaluwo,5
C1385,"Ane palayan kuhaka gani ...irisiyawa koitharamda kiyala munen penawa...ganiyekta apahasa kala thoi Carolin para.ballitai prasiddiye...asuchi, kunubiththarai gahanna ona kuhaka ponna balliyo 😠",hate,Facebook,"ane palayan kuhaka gani ..irisiyawa koitharamda kiyala munen penawa..ganiyekta apahasa kala thoi carolin para.ballitai prasiddiye..asuchi, kunubiththarai gahanna ona kuhaka ponna balliyo",21
C1386,Anagathe appachchi wagema daksayek wei mage puthe oyath,neutral,Facebook,anagathe appachchi wagema daksayek wei mage puthe oyath,8
C1387,Gu keeli genath gada gassanawa,offensive,Facebook,gu keeli genath gada gassanawa,5
C1388,Meya container driver kenak apitath badu aran awith mata hamba una,neutral,Facebook,meya container driver kenak apitath badu aran awith mata hamba una,11
C1389,Ela kiri kollek ban uba.oyahuththige ponnayonta ohoma karalath madi,hate,Facebook,ela kiri kollek ban uba.oyahuththige ponnayonta ohoma karalath madi,9
C1391,Hora kaputa athulu rajapaksha Hora ballo makabavilama palayan. Henama gahapan 💢,hate,Facebook,hora kaputa athulu rajapaksha hora ballo makabavilama palayan. henama gahapan,10
C1392,74 gaha ganin puke..mulu ratama kala kala..ahinsaka minissunge jiwitha ekka sellam karana para desha paluwo maka bawila pala 🤬,hate,Facebook,74 gaha ganin puke..mulu ratama kala kala..ahinsaka minissunge jiwitha ekka sellam karana para desha paluwo maka bawila pala,18
C1393,Sadaranayak krna one nam chande elapan ganiye . Lokaya esra thawath ganiyekwa laja nokra. Munwa thorna ewunta ghna one. Melo rahak nathi ewunwa genawataðððð,offensive,Facebook,sadaranayak krna one nam chande elapan ganiye . lokaya esra thawath ganiyekwa laja nokra. munwa thorna ewunta ghna one. melo rahak nathi ewunwa genawataðððð,24
C1394,hambuna _olar _ika_at kelinnada baluve gota seeye,offensive,Facebook,hambuna _olar _ika_at kelinnada baluve gota seeye,7
C1395,Bella nathuwa newe. Oluwa nathuwa. Si karayata lamai 3k innawa. Waradi karapu 3k innawa. Si ge wiwahaka biridath waradi. Samahara gahanu husband gana hithan naha lingikawa. Akata mul thana diyayuthumai. Sahara hoda pirimi iwasagena idala marila yanawa. Sathuta thiyenne athana<br /> Tikak hithala balanna,neutral,Facebook,bella nathuwa newe. oluwa nathuwa. si karayata lamai 3k innawa. waradi karapu 3k innawa. si ge wiwahaka biridath waradi. samahara gahanu husband gana hithan naha lingikawa. akata mul thana diyayuthumai. sahara hoda pirimi iwasagena idala marila yanawa. sathuta thiyenne athana<br /> tikak hithala balanna,44
C1396,Kurunegala nagaradi pati ko?,neutral,Facebook,kurunegala nagaradi pati ko?,4
C1397,Kalakanne boru pebena gare j v p pafpo______ 😤 😤,offensive,Facebook,kalakanne boru pebena gare j v p pafpo__,8
C1398,Mewata neetiyak nedda,neutral,Facebook,mewata neetiyak nedda,3
C1399,Thiyapan ko okun okatama 😤,offensive,Facebook,thiyapan ko okun okatama,4
C1400,Loke issaraha oka gelawenawata wada den wecha eka hodai,neutral,Facebook,loke issaraha oka gelawenawata wada den wecha eka hodai,9
C1401,Viduli bila wadikarapu thope amma thaththa kunuwela mariyan mariyan mariyan papatharayo,hate,Facebook,viduli bila wadikarapu thope amma thaththa kunuwela mariyan mariyan mariyan papatharayo,11
C1402,Mewa kala dai dawasata dekata kohaka gon hathikarayakne rate inne,hate,Facebook,mewa kala dai dawasata dekata kohaka gon hathikarayakne rate inne,10
C1403,Ube amma pawwwwwee 👎,hate,Facebook,ube amma pawwee,3
C1404,"Mun okkoma elawanna oni kalakanni heththa, ,,lankawama kapaiyaw",hate,Facebook,"mun okkoma elawanna oni kalakanni heththa, ,,lankawama kapaiyaw",8
C1405,Meyala tamai hondatama kale,neutral,Facebook,meyala tamai hondatama kale,4
C1406,Thpi denatama henaama gahanawa mewa danawata,offensive,Facebook,thpi denatama henaama gahanawa mewa danawata,6
C1408,Hodaa wadeeeee..... moko kiyannee gahanawaiii gemak ayee....kimba palanna onee aralama 🤬,hate,Facebook,hodaa wadee.. moko kiyannee gahanawaii gemak ayee..kimba palanna onee aralama,10
C1410,Kawinga oyatath pissu mongal unwa genwanawa okita pissu kohomath 😤,offensive,Facebook,kawinga oyatath pissu mongal unwa genwanawa okita pissu kohomath,9
C1411,uber ammata whokanna hicci murgaya ð¡,offensive,Facebook,uber ammata whokanna hicci murgaya ð¡,6
C1412,Miris tikak putuwa thiyanna thibuna,neutral,Facebook,miris tikak putuwa thiyanna thibuna,5
C1413,Gamage Hewa gu kapan oyta wada hoday 🌸,neutral,Facebook,gamage hewa gu kapan oyta wada hoday,7
C1414,"Dinen,Dina Diyunuwewa me Karana Pinbalen. Udaukala Siyaludenata Bohomapin.ððâ¤ð¹ð¹ð¹ð¹ð¹ð¹ð¹ð¹",neutral,Facebook,"Dinen,Dina diyunuwewa me karana Pinbalen. udaukala siyaludenata Bohomapin.ððâ¤ð¹ð¹ð¹ð¹ð¹ð¹ð¹ð¹",8
C1415,me enni lankawe enna superima ponnayoi superima wesaviyo thopita ohoma wela madi sadacharayak nathi awajathaka haththa ratata gilapina wedihata wadakarapan,hate,Facebook,me enni lankawe enna superima ponnayoi superima wesaviyo thopita ohoma wela madi sadacharayak nathi awajathaka haththa ratata gilapina wedihata wadakarapan,20
C1416,Okatath kapu vede kale ara jangi adina ranganada? 😤,offensive,Facebook,okatath kapu vede kale ara jangi adina ranganada?,8
C1417,Usme ganne tiyene aitiye nati une yahapalene nisa paliye ape daruwan husme ganne eke sadateme nati keruwa bomba gahala laja nati kame me sakkili unp hatikerete tawe katat kerenewa 😑,offensive,Facebook,usme ganne tiyene aitiye nati une yahapalene nisa paliye ape daruwan husme ganne eke sadateme nati keruwa bomba gahala laja nati kame me sakkili unp hatikerete tawe katat kerenewa,29
C1418,Ane Oya wage vedio kara kara market wenna epa. <br />Owa news walin denagaththama ethi ne. <br /><br />E Minissu den merila ewarai ne. E jeevitha wala karume ewa hoda hoda made danna epa.<br /><br />Ewage video hadanna gathta karana kalaya pavichchi karala samajayata wedak ethi deyak karanna please <br /><br />T,neutral,Facebook,ane oya wage vedio kara kara market wenna epa. <br />Owa news walin denagaththama ethi ne. <br /><br />E minissu den merila ewarai ne. e jeevitha wala karume ewa hoda hoda made danna epa.<br /><br />Ewage video hadanna gathta karana kalaya pavichchi karala samajayata wedak ethi deyak karanna please <br /><br />T,52
C1419,Bala malu kawanam vidawapan balalo kiwwalu. 🙂 🙂,neutral,Facebook,bala malu kawanam vidawapan balalo kiwwalu.,6
C1420,Ara kaha paata adala inna ekith boruwata adanne kari wesiyo,hate,Facebook,ara kaha paata adala inna ekith boruwata adanne kari wesiyo,10
C1421,hoda wede gon baduwa lamayawa balagena gedrata wela inne nethuwa yannawa fun ganna dn huka thami ð¡ 😠,hate,Facebook,hoda wede gon baduwa lamayawa balagena gedrata wela inne nethuwa yannawa fun ganna dn huka thami ð¡,17
C1422,Kala kanni haththa ekath kawa asawen balan hitiye dn nam balanna wath kamathina ð­ 😤,offensive,Facebook,kala kanni haththa ekath kawa asawen balan hitiye dn nam balanna wath kamathina ð­,14
C1423,Ane janadi patti tumeni udau karana,neutral,Facebook,ane janadi patti tumeni udau karana,6
C1424,Tho nm mage as dekata penne be sakkiliya tho mage athata ahuunoth maranwa Wal pakaya. Danna ekak Mata mekata maranna udaw karanna,hate,Facebook,tho nm mage as dekata penne be sakkiliya tho mage athata ahuunoth maranwa wal pakaya. danna ekak mata mekata maranna udaw karanna,22
C1425,Dennama waradi malliye 🙂,neutral,Facebook,dennama waradi malliye,3
C1426,Suba pathanna kohomada putha wage inna kollek ekka diga kanawa kiyanne nodakin anith kollo hada ganne kohomada,offensive,Facebook,suba pathanna kohomada putha wage inna kollek ekka diga kanawa kiyanne nodakin anith kollo hada ganne kohomada,17
C1427,Gada gahana ratak...gada gahana duushitha paalakayo......appiriyai,offensive,Facebook,gada gahana ratak..gada gahana duushitha paalakayo..appiriyai,6
C1428,Salli nam athi eth paulak nam nathiwa athið¤¯kauda mewa ganneð¤® 😒,offensive,Facebook,salli nam athi eth paulak nam nathiwa athið¤¯kauda mewa ganneð¤,10
C1429,Mona hukana katha 🙄,offensive,Facebook,mona hukana katha,3
C1430,kari ponnayo bn,hate,Facebook,kari ponnayo bn,3
C1431,Koheda bola hitiye________,neutral,Facebook,koheda bola hitiye__,3
C1432,Gam Biththara omlet ekak kala wela gediyak kamuda uncle...______ 👍,neutral,Facebook,gam biththara omlet ekak kala wela gediyak kamuda uncle..__,9
C1433,A yko mn withrk newe mun serm top fansla ne __,neutral,Facebook,a yko mn withrk newe mun serm top fansla ne __,11
C1434,Mokaedda mme kala kaniyek ai yako eka wisuruwama baya hitapalla 5pennenna danwath ara bahirawayata arliyagahamaduren yanna kiyapalla 😤,offensive,Facebook,mokaedda mme kala kaniyek ai yako eka wisuruwama baya hitapalla 5pennenna danwath ara bahirawayata arliyagahamaduren yanna kiyapalla,17
C1435,Koheda me...ane apita th kiyanna 😊,neutral,Facebook,koheda me..ane apita th kiyanna,5
C1436,"Mata hithena widiyata dinithi;semen manasa wedena; ehema nethnam manda buddika kenek, me wage ayada airline wala gihin ape rate genu aya mehemay kiyala loketa pennanne,",offensive,Facebook,"mata hithena widiyata dinithi;semen manasa wedena; ehema nethnam manda buddika kenek, me wage ayada airline wala gihin ape rate genu aya mehemay kiyala loketa pennanne,",25
C1437,Api meyata set karala demu. Lamayek free labena nisa wasi ❤️,neutral,Facebook,api meyata set karala demu. lamayek free labena nisa wasi,10
C1438,Magula ewarai mahida ta iwan suwa .. ✨,neutral,Facebook,magula ewarai mahida ta iwan suwa ..,7
C1439,Best of luck Akki aiya harima lassanai doni patiyawa ikmanata genna oyata nikak twins wage aneeeee ikmanata patiyawa genna api balan innawa dalada samidu pihitai,neutral,Facebook,best of luck akki aiya harima lassanai doni patiyawa ikmanata genna oyata nikak twins wage anee ikmanata patiyawa genna api balan innawa dalada samidu pihitai,25
C1440,Gon badui samanaloyo okkoma ekama wahanayaka,hate,Facebook,gon badui samanaloyo okkoma ekama wahanayaka,6
C1441,Owa unga thiresan wada,offensive,Facebook,owa unga thiresan wada,4
C1442,Salani tharaka kiyana higana ballita salli kohenda australia yanna,hate,Facebook,salani tharaka kiyana higana ballita salli kohenda australia yanna,9
C1443,Man issara harima asa karapu naluwek .dan nam penna ba.munge jara wada nisa....ganu daruwo anatha karala dala.dan reddak kiyanawa ð¤®ð¤®ð¤®ð¤®,offensive,Facebook,man issara harima asa karapu naluwek .dan nam penna ba.munge jara wada nisa..ganu daruwo anatha karala dala.dan reddak kiyanawa ð¤ ð¤ ð¤ ð¤,23
C1444,Ponna kariyanta niyamata denawa bro deoaththata nathi ponna kariyongen dena tharjana karana widiha dakkama heshan uba iwasanawa wadei ban uba kiyana 100% hari ponnayanta denna ona ridenna me depaththata nathi un samajayata marama wadayak podi lamai pawa apayojanaya karanawa mawa dala video ekak karapan mama dennam duwanna okun karana jara wada mara wada thiyenawa podi lamai apayojanaya karanwa eth ewa wadiya eliyata yanne naha 😡,hate,Facebook,ponna kariyanta niyamata denawa bro deoaththata nathi ponna kariyongen dena tharjana karana widiha dakkama heshan uba iwasanawa wadei ban uba kiyana 100% hari ponnayanta denna ona ridenna me depaththata nathi un samajayata marama wadayak podi lamai pawa apayojanaya karanawa mawa dala video ekak karapan mama dennam duwanna okun karana jara wada mara wada thiyenawa podi lamai apayojanaya karanwa eth ewa wadiya eliyata yanne naha,64
C1445,Aneh gon patta vwesiye thoge daruwath angawikal uneh thoge sapetai. . Gon wesiyo danne naha thanaka hasirena widihawath . Wesakama ihawaha gihin mekilage 😡 🤬,hate,Facebook,aneh gon patta vwesiye thoge daruwath angawikal uneh thoge sapetai. . gon wesiyo danne naha thanaka hasirena widihawath . wesakama ihawaha gihin mekilage,23
C1446,Divenya Pereira mona unath hitha hoda eki ____ 👍,neutral,Facebook,divenya pereira mona unath hitha hoda eki __,8
C1447,Adoo singhaa kodiyath aththatama hmehema ekak yawanna athi neda eyala,neutral,Facebook,adoo singhaa kodiyath aththatama hmehema ekak yawanna athi neda eyala,10
C1448,Meya innema bath kawana ewatama 🌸,neutral,Facebook,meya innema bath kawana ewatama,5
C1449,Ude miniha ponnayekda ban 🤬,hate,Facebook,ude miniha ponnayekda ban,4
C1450,Karapu hoda amthka à¶¸à·à¶±à·à·à·à¶±à·à¶§ hamadama banina keyala.oba tuma obe gamana yanna a à¶¸à·à¶±à·à·à·à·à· à¶±à·à·à·à¶»à·à¶¯à· dakkmakta anakam...gahana ayata samawa damu.dawaska ridenna.gahamu kriyawen...jaya niyathi..gamana subaiâ¤â¤â¤â¤ 🌸,neutral,Facebook,karapu hoda amthka à¶¸à·à¶±à·à·à·à¶±à·à¶§ hamadama banina keyala.oba tuma obe gamana yanna a à¶¸à·à¶±à·à·à·à·à· à¶±à·à·à·à¶»à·à¶¯à· dakkmakta anakam..gahana ayata samawa damu.dawaska ridenna.gahamu kriyawen..jaya niyathi..gamana subaiâ¤â¤â¤â¤,23
C1451,Ana rajapaksa paramparawama kunu welama marela pala,hate,Facebook,ana rajapaksa paramparawama kunu welama marela pala,7
C1452,Meke lokko dan meyalada ohoma kirula galawagena yanne...neethi reethi na wage.....neethiyak thiyanawa...a,neutral,Facebook,meke lokko dan meyalada ohoma kirula galawagena yanne..neethi reethi na wage..neethiyak thiyanawa..a,12
C1453,Ape kala tikath kapanawa. 🌸,neutral,Facebook,ape kala tikath kapanawa.,4
C1454,Me thirisannuta thamai ella marannama one,offensive,Facebook,me thirisannuta thamai ella marannama one,6
C1455,aiyo pau thola kata welila wathura bonna jvp kiyanne mada gaha na ekama thama 😤 🙄,offensive,Facebook,aiyo pau thola kata welila wathura bonna jvp kiyanne mada gaha na ekama thama,14
C1456,"Yudde dinne ape ahinsaka kollo Misa , dessha pauwo nemei bola",offensive,Facebook,"yudde dinne ape ahinsaka kollo misa , dessha pauwo nemei bola",11
C1457,Mangala samaraweerage katata wede tiyanna one henagahana katha kiyanawata mun tiyanta watinne,offensive,Facebook,mangala samaraweerage katata wede tiyanna one henagahana katha kiyanawata mun tiyanta watinne,12
C1458,"janadipathi da mu, Idakin katha karanne kavi kiyanawa wage..__",offensive,Facebook,"janadipathi da mu, idakin katha karanne kavi kiyanawa wage..__",9
C1459,An nethi gonað¤®ð¤®,hate,Facebook,an nethi gonað¤ ð¤,4
C1460,Pala vesiye yanna thova amma appa balanne nadda huththiye,hate,Facebook,pala vesiye yanna thova amma appa balanne nadda huththiye,9
C1461,OBA KIYANA KATHAWA SAMPURNA ATHTHA KISIMA AGAMAK ADAHANNE NATHI BALLO THTHTAMA INNAWA OKUNTA UPARIMA DADUWAM DENNA ONE 😠,hate,Facebook,oba kiyana kathawa sampurna aththa kisima agamak adahanne nathi ballo ththtama innawa okunta uparima daduwam denna one,17
C1462,Jarama wedak kale munta gal gahanna ona,offensive,Facebook,jarama wedak kale munta gal gahanna ona,7
C1463,Thota hariyana ratak hoyan pala. Meke thopita one widiyatama natanna ba. Meka sinhalayage rata. Innawa nm sinhalayata one widiyata hitu. Nattam pala makkamata,hate,Facebook,thota hariyana ratak hoyan pala. meke thopita one widiyatama natanna ba. meka sinhalayage rata. innawa nm sinhalayata one widiyata hitu. nattam pala makkamata,23
C1464,Idakin me parlimentuwe inne harak mokekhari hari ho waradi kata karaddi katawal wahagana inna danne na munta metaram jivita nati welah munta ganak na tirisanun hodai topi ballanta wadiya nodaki hatta 💢,hate,Facebook,idakin me parlimentuwe inne harak mokekhari hari ho waradi kata karaddi katawal wahagana inna danne na munta metaram jivita nati welah munta ganak na tirisanun hodai topi ballanta wadiya nodaki hatta,31
C1465,Pahath kama peenawa kariline and chuula oyalage,hate,Facebook,pahath kama peenawa kariline and chuula oyalage,7
C1466,Manga desa drohee para balla demala diaspora we gu kala dope wela bila gahanawa!,hate,Facebook,manga desa drohee para balla demala diaspora we gu kala dope wela bila gahanawa!,14
C1467,Udin pennala yatin rta kawa sirisenaya giya anduwe balo kata wahapiyuðððððð 😤,offensive,Facebook,udin pennala yatin rta kawa sirisenaya giya anduwe balo kata wahapiyuðððððð,11
C1468,Thota pissuda gon namaba..Rata kala kala hapa karala Dan enawa methana.. GotaThota wahi nathi hena gahanna onne gas gemba 💢 😡,hate,Facebook,thota pissuda gon namaba..Rata kala kala hapa karala dan enawa methana.. gotathota wahi nathi hena gahanna onne gas gemba,19
C1469,Tho Marana oone Para Balla,hate,Facebook,tho marana oone para balla,5
C1470,mool ghahak tiyanawa.Ewannea lipinaya dennea.ð¤£,offensive,Facebook,mool ghahak tiyanawa.Ewannea lipinaya dennea.ð¤£,5
C1472,Lassanata weda satahana karanawa,neutral,Facebook,lassanata weda satahana karanawa,4
C1473,Ounta nidahasa denna apa balo rtta kala mun wage sakkili ratema turan karala dana ona horu akekewat rassa karala na,offensive,Facebook,ounta nidahasa denna apa balo rtta kala mun wage sakkili ratema turan karala dana ona horu akekewat rassa karala na,20
C1474,Pirimi kiyanne ganikawo tamai ganiyakat pare bahala yanna ba baduwa kiyanwa ganikawo kiyanwa ganiyek baduwak wenne badu gahna un hinda wesiyo kiyanwa lajjai kiyanna pirimi taran vesiyo tawat na uma dapan malli oy vesh kame yan untamai ubat baninne oy banin un gankao nattan ubata baninne na 😡,hate,Facebook,pirimi kiyanne ganikawo tamai ganiyakat pare bahala yanna ba baduwa kiyanwa ganikawo kiyanwa ganiyek baduwak wenne badu gahna un hinda wesiyo kiyanwa lajjai kiyanna pirimi taran vesiyo tawat na uma dapan malli oy vesh kame yan untamai ubat baninne oy banin un gankao nattan ubata baninne na,47
C1475,Hm bs ciran gayatu 🙂 😊,neutral,Facebook,hm bs ciran gayatu,4
C1476,Coraolain maha jara ganiyak,offensive,Facebook,coraolain maha jara ganiyak,4
C1477,monawada oii mewa...thamuselath views ganna ona jarawak danawa.,offensive,Facebook,monawada oii mewa..thamuselath views ganna ona jarawak danawa.,8
C1478,Budusaranai kollo Ubata adare mewa danawata ð¹â¤ï¸ 🙂,neutral,Facebook,budusaranai kollo ubata adare mewa danawata ð¹â¤ï¸,7
C1480,Uba mariyan ubala wage wesa kello ganu jathiyatama nigawak 🙄,offensive,Facebook,uba mariyan ubala wage wesa kello ganu jathiyatama nigawak,9
C1481,Dnwth muge pade bhi 😤,offensive,Facebook,dnwth muge pade bhi,4
C1482,Dala thiyena chicken kalle size dakkama eka portion ekak 2500 ta padu naha.,neutral,Facebook,dala thiyena chicken kalle size dakkama eka portion ekak 2500 ta padu naha.,13
C1483,Kollo ravattana thopi vage Badu Nisa Ada Hoda kellekta vath edak ne Kollo maranna epa yako Nikan paw,offensive,Facebook,kollo ravattana thopi vage badu nisa ada hoda kellekta vath edak ne kollo maranna epa yako nikan paw,18
C1484,Ammata hukawanawa keri tmbi blla.yako 😒,offensive,Facebook,ammata hukawanawa keri tmbi blla.yako,5
C1486,Horata... Hamadame horakang karanne dawasaka mattu veneva.... Deng divath petelaneva nede..... ð¤,neutral,Facebook,Horata.. hamadame horakang karanne dawasaka mattu veneva.. deng divath petelaneva nede.. ð¤,12
C1487,Me mokkakda bn eka dapuwahama mahasona wagene,neutral,Facebook,me mokkakda bn eka dapuwahama mahasona wagene,7
C1488,Ane janadi patti tumeni me gammanetta udu karana pau â¤â¤â¤â¤â¤â¤â¤â¤â¤â¤â¤â¤â¤â¤â¤â¤â¤ððððððððððððððððððððð 👍,neutral,Facebook,ane janadi patti tumeni me gammanetta udu karana pau â¤â¤â¤â¤â¤â¤â¤â¤â¤â¤â¤â¤â¤â¤â¤â¤â¤ððððððððððððððððððððð,10
C1489,Para hambaya tho mariyan. Thota dan hodata sinhala puluwan dan.,hate,Facebook,para hambaya tho mariyan. thota dan hodata sinhala puluwan dan.,10
C1490,ranil a pita paw nodi mariyan,offensive,Facebook,ranil a pita paw nodi mariyan,6
C1491,Ane patta huththi thoge amma oya wagema badhuwakdha,hate,Facebook,ane patta huththi thoge amma oya wagema badhuwakdha,8
C1493,Ponna haththa katawahan hitiyot okunta hodai sakkili lajja natuwa wesa ballo kata krnwa,hate,Facebook,ponna haththa katawahan hitiyot okunta hodai sakkili lajja natuwa wesa ballo kata krnwa,13
C1494,Idakin witharak mun niliyoda 🤬,hate,Facebook,idakin witharak mun niliyoda,4
C1495,Niyama kakul deka.dakkama naginawa. 😤,offensive,Facebook,niyama kakul deka.dakkama naginawa.,4
C1496,Rajapassa Kalakannie reala chandayak pavathvala geavslvalatama pannala damanna ona. Aeadta tamaie mee rata dieyunu veanne 😠,hate,Facebook,rajapassa kalakannie reala chandayak pavathvala geavslvalatama pannala damanna ona. aeadta tamaie mee rata dieyunu veanne,15
C1497,Chiththa adina pirimi kiyann munta tamai 🙄 😒,offensive,Facebook,chiththa adina pirimi kiyann munta tamai,6
C1498,Ohoma daala tommorowland 1 4tos danna epa huththo sahara flash ghanne owage,hate,Facebook,ohoma daala tommorowland 1 4tos danna epa huththo sahara flash ghanne owage,12
C1499,Mn hitapu widiya wardi mn godak lassanyi ____,neutral,Facebook,mn hitapu widiya wardi mn godak lassanyi __,8
C1500,Muslim un serame illanne weneme munta weneme onnam yamallako arabiyeta yanne munge hamedeyakme wenemenak mun mune maguletade me lankawe jivath wenne kalekanniyo mun 😡 👎,hate,Facebook,muslim un serame illanne weneme munta weneme onnam yamallako arabiyeta yanne munge hamedeyakme wenemenak mun mune maguletade me lankawe jivath wenne kalekanniyo mun,23
C1501,Lankawe nine ponnayo mokada ganuratayawala hambakaran kana ponna ralak inne eahaw rate munta monawa karanna barida 💢,hate,Facebook,lankawe nine ponnayo mokada ganuratayawala hambakaran kana ponna ralak inne eahaw rate munta monawa karanna barida,16
C1502,Anemanda bn munuth,neutral,Facebook,anemanda bn munuth,3
C1503,RAJITHA LAT KATA GHING GU KAPAN PONNAYA,hate,Facebook,rajitha lat kata ghing gu kapan ponnaya,7
C1504,WiFi iwarai piumi oya ikamnata nirodayana wennako puke hila loku hinda karagaththa weda thama Owað¤£ yannam darling 😒,offensive,Facebook,wifi iwarai piumi oya ikamnata nirodayana wennako puke hila loku hinda karagaththa weda thama Owað¤£ yannam darling,17
C1505,Hoda wada para ballata ganekawo tekat ganna one attadanhuwata balliyot rata kawa 👎,hate,Facebook,hoda wada para ballata ganekawo tekat ganna one attadanhuwata balliyot rata kawa,12
C1506,Gota ubatath lajjawak kiyala deyak nahneh ban,offensive,Facebook,gota ubatath lajjawak kiyala deyak nahneh ban,7
C1507,Chula...ana gas kapanawa.udogoshanaya.karana yana nadda,neutral,Facebook,Chula..ana gas kapanawa.udogoshanaya.karana yana nadda,5
C1509,Menna niyama naayakayek . Oba wagey aya thamai apey ratata watinne. Api obata hisa namaa aachaara karanawa ! Dhirgayusha wewa ! ! 👍,neutral,Facebook,menna niyama naayakayek . oba wagey aya thamai apey ratata watinne. api obata hisa namaa aachaara karanawa ! dhirgayusha wewa ! !,22
C1510,69 deng nm sanipata innawa athi,neutral,Facebook,69 deng nm sanipata innawa athi,6
C1511,"Oy Indian karayoi,suddoi,thambilai, okkma apita eda indan keliye kumanthrana walinma thamai.mathawaladith ehemai,yudda waladith ehemai,deshapalanedith ehemai.kondak nathi napunsaka hatha. 💢",hate,Facebook,"oy indian karayoi,suddoi,thambilai, okkma apita eda indan keliye kumanthrana walinma thamai.mathawaladith ehemai,yudda waladith ehemai,deshapalanedith ehemai.kondak nathi napunsaka hatha.",18
C1512,Ammooooooo haminenawa me patta wesi,hate,Facebook,ammoo haminenawa me patta wesi,5
C1513,Darshana Dharshana Fernando monahari kiyanna ____,neutral,Facebook,darshana dharshana fernando monahari kiyanna __,6
C1514,Gaatha kiyanakotath Tin Tin mathak wenawalu.,neutral,Facebook,gaatha kiyanakotath tin tin mathak wenawalu.,6
C1515,Gota gon ballage amma mathak wenawa me rata apita inna nathi karata,hate,Facebook,gota gon ballage amma mathak wenawa me rata apita inna nathi karata,12
C1516,Ganunta wala kapana weesa ganu,offensive,Facebook,ganunta wala kapana weesa ganu,5
C1517,KG gahala. Kolla enne hadee.. me loke wenna baaa 😊,neutral,Facebook,kg gahala. kolla enne hadee.. me loke wenna baa,9
C1518,Ane pau bang naamal rajapaksh ekka dawasak budhiya kaththanam vinadi 10n gedara,offensive,Facebook,ane pau bang naamal rajapaksh ekka dawasak budhiya kaththanam vinadi 10n gedara,12
C1519,Me hutta monawsda me kiyanne .ponna ranila,hate,Facebook,me hutta monawsda me kiyanne .ponna ranila,7
C1520,oya gayan ara ballit ekka huratal wenawa kawada hari okunta owa pala wipaka labei hena hahanna one wahi nati hena wadinna one oya jara caturikata hena gahanna one 👎,hate,Facebook,oya gayan ara ballit ekka huratal wenawa kawada hari okunta owa pala wipaka labei hena hahanna one wahi nati hena wadinna one oya jara caturikata hena gahanna one,28
C1521,Medaapara Rata Bankoloth Karapu Kalakani Kambaa Horu Rala pohottuwe unwaAna ban ubath _______ tharam korona garagana kala dan npp ubata mthaka nadda jvp ____ ______ watA bomba gahuwa thopita sapa wanawa ______,hate,Facebook,medaapara rata bankoloth karapu kalakani kambaa horu rala pohottuwe unwaana ban ubath __ tharam korona garagana kala dan npp ubata mthaka nadda jvp __ __ wata bomba gahuwa thopita sapa wanawa __,32
C1522,Nodakin psttama parts gondenak sameti kiyanne lankaveth kiyanna lejjai apita am mam dubaihi sita,hate,Facebook,nodakin psttama parts gondenak sameti kiyanne lankaveth kiyanna lejjai apita am mam dubaihi sita,14
C1523,69 as pujakayo sinha rajayata wena aparada hu hu hu sepada sinhalaya modaya 😠,hate,Facebook,69 as pujakayo sinha rajayata wena aparada hu hu hu sepada sinhalaya modaya,13
C1524,Raja sini hora. Rajapaksa Sapaya.,offensive,Facebook,raja sini hora. rajapaksa Sapaya.,5
C1525,Penva neda unta onema udde Ape niladarin munta mona hari unama yanva munta salkNna one ballontA vage 😑,offensive,Facebook,penva neda unta onema udde ape niladarin munta mona hari unama yanva munta salknna one ballonta vage,17
C1526,anunge awa hoyana ponsiyo meka balapalla,offensive,Facebook,anunge awa hoyana ponsiyo meka balapalla,6
C1527,Ahinsaka minissunta baninna epa e minissunta monawa Hari deyak dipu nisa eminissu Enna aththe pau e ahinsaka minissu.,neutral,Facebook,ahinsaka minissunta baninna epa e minissunta monawa hari deyak dipu nisa eminissu enna aththe pau e ahinsaka minissu.,18
C1528,Buddhagamata niggrhakarana unwa galghala karanna one 👎,hate,Facebook,buddhagamata niggrhakarana unwa galghala karanna one,6
C1529,Oya apathaya thoge gabura lide bahala rata nagannawa athi oya lida haruwe athulatath wada joniya joniya oke bottu padda anthimata manda buddikayek dunna 👎,hate,Facebook,oya apathaya thoge gabura lide bahala rata nagannawa athi oya lida haruwe athulatath wada joniya joniya oke bottu padda anthimata manda buddikayek dunna,23
C1530,Me antuwa ponnayo inne sinhalayani kapuwoth eka let jathibeda athahara ekathuwenna mechchara Kal API bayanathiwa ekata hitiya,hate,Facebook,me antuwa ponnayo inne sinhalayani kapuwoth eka let jathibeda athahara ekathuwenna mechchara kal api bayanathiwa ekata hitiya,17
C1531,"Kiyanna wachana na supiri sir ð¯ðªðªe padama niyameta theruna ,katapadam karan hitapuwa den tharka karala liyanna puluwan ð",neutral,Facebook,"kiyanna wachana na supiri sir ð¯ðªðªe padama niyameta theruna ,katapadam karan hitapuwa den tharka karala liyanna puluwan ð",18
C1532,Chalaka Lakshan ________ hitha hada gnn welawak oyth ohm kynw nd..________ ✨,neutral,Facebook,chalaka lakshan __ hitha hada gnn welawak oyth ohm kynw nd..__,11
C1533,Kollo dennata uganna ganna...oya edata dinum...hodin lassanata jeewath wenna..,neutral,Facebook,kollo dennata uganna ganna..oya edata dinum..hodin lassanata jeewath wenna..,9
C1534,Maha kalakanni balloððð,hate,Facebook,maha kalakanni balloððð,3
C1535,Hitapu widiya nemei wadagath wenne dn inne widiya __,neutral,Facebook,hitapu widiya nemei wadagath wenne dn inne widiya __,9
C1536,Gayanta. Kohoma. Ennawada. Manda. Ara. Daruwo. Natuwa 😊,neutral,Facebook,Gayanta. Kohoma. Ennawada. Manda. Ara. Daruwo. natuwa,7
C1537,Pakaaas saali ammata huka gannathiwa hitu ura,offensive,Facebook,pakaas saali ammata huka gannathiwa hitu ura,7
C1538,dan inna ballanta kisima uwamanawak na tharagayak dinanna sellam karanna 💢,hate,Facebook,dan inna ballanta kisima uwamanawak na tharagayak dinanna sellam karanna,10
C1539,unp jvp ponna keriyo 🤬,hate,Facebook,unp jvp ponna keriyo,4
C1540,Hammo loku deyak wahi deyyo__ 👍 🙂,neutral,Facebook,hammo loku deyak wahi deyyo__,5
C1541,Duwata bandalÃ¡ dunnanam hondai neada aachchiye oyita vediya hondai putha gaththanam para geani,hate,Facebook,duwata bandalÃ¡ dunnanam hondai neada aachchiye oyita vediya hondai putha gaththanam para geani,13
C1542,Me kalakanni belliyanta knna node thiynna ona.,hate,Facebook,me kalakanni belliyanta knna node thiynna ona.,7
C1543,"Pau kara kalakannima hetikaraya , pallma pall hora awastawadi musalayo . 🤬",hate,Facebook,"pau kara kalakannima hetikaraya , pallma pall hora awastawadi musalayo .",11
C1544,GTA KNIGHT WA GAMUKO,neutral,Facebook,gta knight wa gamuko,4
C1545,Mun okma hinda lnkawe cricket iwari idkin,offensive,Facebook,mun okma hinda lnkawe cricket iwari idkin,7
C1546,Bf knkut nee yku owa tiya ____ 🙂,neutral,Facebook,bf knkut nee yku owa tiya __,7
C1548,KARI WESIYO THOPI,hate,Facebook,kari wesiyo thopi,3
C1549,Lagga nathi vesi dsamitha thoge duwanam hadi oka,hate,Facebook,lagga nathi vesi dsamitha thoge duwanam hadi oka,8
C1550,hesitha pakayooo<br />yako thota katha karanna danne naha<br />tho maha loku pakayek 😒,offensive,Facebook,hesitha pakayoo<br />yako thota katha karanna danne naha<br />tho maha loku pakayek,12
C1551,Obathumata apita therena tika me anduwe inna mahaekage indala pahalata wagakeemak daranne naha.kalakanni mongala ranila sajith saha buddasasana kiyana ponna amathiya deshadrohinge chandanisa sinhalaya golukaranawa.,hate,Facebook,obathumata apita therena tika me anduwe inna mahaekage indala pahalata wagakeemak daranne naha.kalakanni mongala ranila sajith saha buddasasana kiyana ponna amathiya deshadrohinge chandanisa sinhalaya golukaranawa.,25
C1552,Boru ne liyanna 🌸,neutral,Facebook,boru ne liyanna,3
C1553,polawa palagana yanna hithenawa yako me wa dekala thu nodaking,hate,Facebook,polawa palagana yanna hithenawa yako me wa dekala thu nodaking,10
C1554,kanne nathiwa marila palayau thopi 😠,hate,Facebook,kanne nathiwa marila palayau thopi,5
C1556,Okunta kiyanna deyak na bn pakaalatað,offensive,Facebook,okunta kiyanna deyak na bn pakaalatað,6
C1557,ranil ubala thmai whotto ape hiina kawe,offensive,Facebook,ranil ubala thmai whotto ape hiina kawe,7
C1558,Hadapu ekata hadanne therilath na. Meka galawana ekata galawanna therenneth na,neutral,Facebook,hadapu ekata hadanne therilath na. meka galawana ekata galawanna therenneth na,11
C1559,#Podimahinda playn httpta ynda. 👍,neutral,Facebook,#Podimahinda playn httpta ynda.,4
C1560,Api piligannawa pahu gia aanduwe asamandakama hinda tama aprel prahara sidda une kiala et den tianne presne ei egollanta tama danduwam dunne ne kianeka tama ❤️ 😊,neutral,Facebook,api piligannawa pahu gia aanduwe asamandakama hinda tama aprel prahara sidda une kiala et den tianne presne ei egollanta tama danduwam dunne ne kianeka tama,25
C1562,kalakanni belli ahinsaka kollekwa mara gaththu...boru kibul kadulu patta wesige,hate,Facebook,kalakanni belli ahinsaka kollekwa mara gaththu..boru kibul kadulu patta wesige,10
C1563,ane yako lamai nevi hadapan duwata lamayek 😒,offensive,Facebook,ane yako lamai nevi hadapan duwata lamayek,7
C1564,Uba kawada hari mata ahu unoth yakada kambiyak unu karala aekata uda ubawa waadi karawanawa kari wesi,hate,Facebook,uba kawada hari mata ahu unoth yakada kambiyak unu karala aekata uda ubawa waadi karawanawa kari wesi,17
C1565,Adooo thota kellek hitiyema nadda a samithooo botath minihek hitiye nadda thuuuuu nodakin,offensive,Facebook,adoo thota kellek hitiyema nadda a samithoo botath minihek hitiye nadda thuu nodakin,13
C1566,API hithagena inna kauru baleta awath mamanam hithanne rate minissunta hodak wei kiyala 🌸,neutral,Facebook,api hithagena inna kauru baleta awath mamanam hithanne rate minissunta hodak wei kiyala,13
C1567,"Munge widihata api inna dunne, munne pettaka inna anik minissu e widihata ne kiyala ahinsaka minissu meruwe, kuranaye ewage igenweem tiyenm api mokatada tawat sadda netuwa inne,",offensive,Facebook,"munge widihata api inna dunne, munne pettaka inna anik minissu e widihata ne kiyala ahinsaka minissu meruwe, kuranaye ewage igenweem tiyenm api mokatada tawat sadda netuwa inne,",27
C1568,"Ane dan thama ashaven balanne .kathava venaskaranna epa. Mokada api maga nohara balana,ape janappriyama kathavamekai. Ane enisa shinavai ,minoli missta thavath karadara vidana vidiyata nam kathava hadanna epa.apata balanna epa vei. Asaven blanna thavath lassanata hadanna .katahavaivara venakam api bali. 😊",neutral,Facebook,"ane dan thama ashaven balanne .kathava venaskaranna epa. mokada api maga nohara balana,ape janappriyama kathavamekai. ane enisa shinavai ,minoli missta thavath karadara vidana vidiyata nam kathava hadanna epa.apata balanna epa vei. asaven blanna thavath lassanata hadanna .katahavaivara venakam api bali.",40
C1569,Gotabe Americaven avith chande 👍,neutral,Facebook,gotabe americaven avith chande,4
C1570,Pala Pako yanna,hate,Facebook,pala pako yanna,3
C1571,Ratte enna hadena ganu daryo nomaga yanne ubala nisa ð 🙄,offensive,Facebook,ratte enna hadena ganu daryo nomaga yanne ubala nisa ð,10
C1572,Mehemath kuppa ratakð,offensive,Facebook,mehemath kuppa ratakð,3
C1573,CHUTE BABAY HADALA 5 DENAMA SATHUTEN ENNA GOD BLESS YOU ALL,neutral,Facebook,chute babay hadala 5 denama sathuten enna god bless you all,11
C1574,1499 pakge eka active karala eke 60gb walin passe 1mb enne na aduma 100kb wath enne na.mekata wisadumak denna.nimal speed eka 3mb walin thiyenawa 🙂,neutral,Facebook,1499 pakge eka active karala eke 60gb walin passe 1mb enne na aduma 100kb wath enne na.mekata wisadumak denna.nimal speed eka 3mb walin thiyenawa,24
C1576,"sri lankawe models la na, ahempitimma inne monawath karaganna deayak nathuwa jiwithe gon badu model vimai",hate,Facebook,"sri lankawe models la na, ahempitimma inne monawath karaganna deayak nathuwa jiwithe gon badu model vimai",16
C1578,Ade ow ne bn.sirawatama 👍,neutral,Facebook,ade ow ne bn.sirawatama,4
C1579,Mmmmm mru mru ðð,neutral,Facebook,mm mru mru ðð,4
C1581,Loku miyo kata athulatama dagannakota okun kisi saddayak nathuwa athi.boru pada sho 😒,offensive,Facebook,loku miyo kata athulatama dagannakota okun kisi saddayak nathuwa athi.boru pada sho,12
C1582,Meka ganna ona nam wadhagath widiyata ganna thibba. Chuuula mokada ara dagalanne ara tharam.,neutral,Facebook,meka ganna ona nam wadhagath widiyata ganna thibba. chuula mokada ara dagalanne ara tharam.,14
C1583,Naaki koti set eka,offensive,Facebook,naaki koti set eka,4
C1584,Aiye podi prashnayak thiyenawa mata oyage whatsapp number ekata dannada eka 👍 🙂,neutral,Facebook,aiye podi prashnayak thiyenawa mata oyage whatsapp number ekata dannada eka,11
C1585,Ade badama thattuwakda me ____________,neutral,Facebook,ade badama thattuwakda me __,5
C1586,Unp ponnayo thopi hadigavilama palayan ballo,hate,Facebook,unp ponnayo thopi hadigavilama palayan ballo,6
C1587,Islam allan thopi boomba gahala aurudu 4k na iyeta,hate,Facebook,islam allan thopi boomba gahala aurudu 4k na iyeta,9
C1588,Sawamin wahanse wenam chande ellan.gobbayo gawaganne nathuwaððð,offensive,Facebook,sawamin wahanse wenam chande ellan.gobbayo gawaganne nathuwaððð,7
C1589,Maako nam supiri bulat ekak ah _,neutral,Facebook,maako nam supiri bulat ekak ah _,7
C1590,Ane palayan ban yanna.. thope pawula pitin palliye bawusthisma wela sudu andan baila gajanna epa yakoo.. puluwanm prasiddiye kiyapan umbage daruwa 100% bawudda kiyla,hate,Facebook,ane palayan ban yanna.. thope pawula pitin palliye bawusthisma wela sudu andan baila gajanna epa yakoo.. puluwanm prasiddiye kiyapan umbage daruwa 100% bawudda kiyla,24
C1591,hora wesige putthu paulama akai.. ko okunta naduu,hate,Facebook,hora wesige putthu paulama akai.. ko okunta naduu,8
C1592,Mageth ehe dosayak wage______ 🌸,neutral,Facebook,mageth ehe dosayak wage__,4
C1593,Gindarane ban.. mokada mekata report gahapu kuhakaya 🌸,neutral,Facebook,gindarane ban.. mokada mekata report gahapu kuhakaya,7
C1594,Pottuwenam ithin gonek mee harakekma thamay ithin,hate,Facebook,pottuwenam ithin gonek mee harakekma thamay ithin,7
C1595,Diploma in psychology wenna ona advertisement eke.dnne ne hriyata,neutral,Facebook,diploma in psychology wenna ona advertisement eke.dnne ne hriyata,9
C1596,Me serama hadanne me ratata adareta newei balayata mudalata pagawal ganna..rate keli wikunanna.rata winasa karanna...ratak nethi karanna.hadanne,neutral,Facebook,me serama hadanne me ratata adareta newei balayata mudalata pagawal ganna..rate keli wikunanna.rata winasa karanna..ratak nethi karanna.hadanne,17
C1597,Ape hAmuduruwane jande ilanne API bawdda kiyala jande dinnata passe slam munge hitha kiyanna baha ape rata beraganna ona molen thama pirimi Hari kammali kondak Naha lajjai ape ratagana 🙂,neutral,Facebook,ape hamuduruwane jande ilanne api bawdda kiyala jande dinnata passe slam munge hitha kiyanna baha ape rata beraganna ona molen thama pirimi hari kammali kondak naha lajjai ape ratagana,29
C1598,Arunkanth mahaththayo. Oya kristhiyani pakayala kavada hari oyalage hindu ayath kristhiyani karanava.kavadahari demala kristhiyane vei.pulleyar sami nathivenava.,hate,Facebook,arunkanth mahaththayo. oya kristhiyani pakayala kavada hari oyalage hindu ayath kristhiyani karanava.kavadahari demala kristhiyane vei.pulleyar sami nathivenava.,17
C1599,thopi mariyaw desa paluwoooo.ratama iwarai.. 😡,hate,Facebook,thopi mariyaw desa paluwoo.ratama iwarai..,5
C1600,rajapaksala paul pitin awurudu samaranawa api mehe marenawa____,offensive,Facebook,rajapaksala paul pitin awurudu samaranawa api mehe marenawa__,8
C1601,Nodakin pin bathaaa....ethakota thajudeen laaa...? 😤,offensive,Facebook,nodakin pin bathaa..ethakota thajudeen laa..?,5
C1602,Amu Gon baiyoeee.....,hate,Facebook,amu gon baiyoee..,3
C1603,Kawda yako thriposha packet ekata ganja daapu paaharaya ððð,offensive,Facebook,kawda yako thriposha packet ekata ganja daapu paaharaya ððð,9
C1604,ea gaththu ewa unge genuta i hora genuntai hora amathi ballantath oennama denna aiye ea pakeyanta baya nowi,hate,Facebook,ea gaththu ewa unge genuta i hora genuntai hora amathi ballantath oennama denna aiye ea pakeyanta baya nowi,18
C1605,Baya. Wnna apa oyata kolu petaw.. Dennek inne ❤️ 🙂,neutral,Facebook,Baya. wnna apa oyata kolu petaw.. dennek inne,8
C1606,Ewa kal yai 🙏,neutral,Facebook,ewa kal yai,3
C1607,Illa as unama harida? Ethakota horakan karapauwa. 👍,neutral,Facebook,illa as unama harida? ethakota horakan karapauwa.,7
C1608,api ahala thiyena widihata jvp haththa rata 88 89 rata gini thibba tharuna tharuniyo maruwa rate sampath gini thibba... hoda nayako maruwa... Dan enawa rata hadanna,offensive,Facebook,api ahala thiyena widihata jvp haththa rata 88 89 rata gini thibba tharuna tharuniyo maruwa rate sampath gini thibba.. hoda nayako maruwa.. dan enawa rata hadanna,26
C1609,Aka tamai okiga lokukama mahindaga rasna,offensive,Facebook,aka tamai okiga lokukama mahindaga rasna,6
C1610,Oy kahaganne samanallu,offensive,Facebook,oy kahaganne samanallu,3
C1611,Lebrador nam ehemama thamai,neutral,Facebook,lebrador nam ehemama thamai,4
C1612,Ape scl eke namath kanawa gotha hutta.isipathane kiyala kiyanna ba ponnaya 😠,hate,Facebook,ape scl eke namath kanawa gotha hutta.isipathane kiyala kiyanna ba ponnaya,11
C1613,Badu illana taru samaga back side,offensive,Facebook,badu illana taru samaga back side,6
C1614,Bolu kiyala mata puludh ne mn kiynneth ne e mage hati ✨,neutral,Facebook,bolu kiyala mata puludh ne mn kiynneth ne e mage hati,11
C1616,Lesi wenne ne target eka,neutral,Facebook,lesi wenne ne target eka,5
C1618,Ganikawo tika eka thenakata set wela. ganika wedding ekakata 😤,offensive,Facebook,ganikawo tika eka thenakata set wela. ganika wedding ekakata,9
C1619,"Muu kata krna hati ,,,,plyn tho ragapanna....ponnaya.",hate,Facebook,"muu kata krna hati ,,plyn tho ragapanna..ponnaya.",7
C1620,Me thiyana film tike nam tika kiynnko,neutral,Facebook,me thiyana film tike nam tika kiynnko,7
C1621,Nodaki mun mokkuda ma thamga gani wana akak akka miniya thawa akak akka jivithata dakkami ma waga wedding akak,offensive,Facebook,nodaki mun mokkuda ma thamga gani wana akak akka miniya thawa akak akka jivithata dakkami ma waga wedding akak,19
C1622,Ahamawath hita had a gnilla awa awa gota awa kiyala apinamai kiyana17 wanidata googal baluma,neutral,Facebook,ahamawath hita had a gnilla awa awa gota awa kiyala apinamai kiyana17 wanidata googal baluma,15
C1623,Ara Police lokkath rugby gahapu ekek mama hithanne,neutral,Facebook,ara police lokkath rugby gahapu ekek mama hithanne,8
C1624,Aadarei bosa â¤ï¸,neutral,Facebook,aadarei bosa â¤ï¸,3
C1625,yako filty thota maha awajathakayek. balapan umba anunge wedding ekaka anwashya widiyata bride wa kiss karana heti... meka lankawa yako... apita sanskruthiyak thiyenawa.,offensive,Facebook,yako filty thota maha awajathakayek. balapan umba anunge wedding ekaka anwashya widiyata bride wa kiss karana heti.. meka lankawa yako.. apita sanskruthiyak thiyenawa.,23
C1626,Mokada une kaud dinne,neutral,Facebook,mokada une kaud dinne,4
C1627,Unp ponnayo tawath hambainta pukadenawa .ponna ranil thoge ammata hukapan keri ponnayo .thopi wagakiyapiyau me jeevita walata . 👎,hate,Facebook,unp ponnayo tawath hambainta pukadenawa .ponna ranil thoge ammata hukapan keri ponnayo .thopi wagakiyapiyau me jeevita walata .,18
C1629,"Derana hiru sirasa chanel kawruth mey vedio eka news walata dammada?media th unta orna ewa thamai darnne,meyka kichchara honda pahadeli kereemakda?",neutral,Facebook,"derana hiru sirasa chanel kawruth mey vedio eka news walata dammada?media th unta orna ewa thamai darnne,meyka kichchara honda pahadeli kereemakda?",21
C1630,Rahau fakimge Galbani gani uge wennati kata wahapya topi boru kiyane ballaððð 🤬,hate,Facebook,rahau fakimge galbani gani uge wennati kata wahapya topi boru kiyane ballaððð,12
C1631,Thambi heththa elawala danna one ape ratin okkoma,offensive,Facebook,thambi heththa elawala danna one ape ratin okkoma,8
C1632,Pare higa kanna one thopi wage wesa humthiyo yakoooo 😑,offensive,Facebook,pare higa kanna one thopi wage wesa humthiyo yakoo,9
C1634,Arjunna .aewith.krikat hadanna.oba.ratata.sewaya.kalaheki.kalayuthu.kenek.obata.suba.pethum.,neutral,Facebook,arjunna .aewith.krikat hadanna.oba.ratata.sewaya.kalaheki.kalayuthu.kenek.obata.suba.pethum.,3
C1635,Danushka gunathilaka gana ahapan komath mendis gana un danne naa..__ 🙂,neutral,Facebook,danushka gunathilaka gana ahapan komath mendis gana un danne naa..__,10
C1636,Dura balanna nha kamaya malle 🌸,neutral,Facebook,dura balanna nha kamaya malle,5
C1637,Uba potta sudu unata hutta wate kalui neda 😠,hate,Facebook,uba potta sudu unata hutta wate kalui neda,8
C1639,Ada idan rate mokak hari asadaranayak unama api police newe kiyanne chamudithata tamai kiyanne ðee ta passe policeyata eya hodata kiyai. Mehema aya tamai rate inna ona,neutral,Facebook,ada idan rate mokak hari asadaranayak unama api police newe kiyanne chamudithata tamai kiyanne ðee ta passe policeyata eya hodata kiyai. mehema aya tamai rate inna ona,27
C1640,Ane ponnayo thopita pewethmak nehe rajapakshala mada gahana aka nethiwa enna behe,hate,Facebook,ane ponnayo thopita pewethmak nehe rajapakshala mada gahana aka nethiwa enna behe,12
C1642,Dan ethakota api kiyana ganata ganna ona..,neutral,Facebook,dan ethakota api kiyana ganata ganna ona..,7
C1643,Aner uber ammata ukahan podi maina.. à¶¢à·à¶­à·à¶ à¶¸à·à¶­à·à·à¶»à¶«à·à¶§ à¶à·à·à·à¶½à·à¶½à· à¶´à·à¶ à¶¯à·à¶ºà¶±à· à¶¶à·à·à·à¶à¶º...à¶­à· à¶à·à¶­ à¶à·rià¶ºà·.. 🌸 🌸,neutral,Facebook,aner uber ammata ukahan podi maina.. à¶¢à·à¶­à·à¶ à¶¸à·à¶­à·à·à¶»à¶«à·à¶§ à¶à·à·à·à¶½à·à¶½à· à¶´à·à¶ à¶¯à·à¶ºà¶±à· à¶¶à·à·à·à¶à¶º..à¶­à· à¶à·à¶­ à¶à·rià¶ºà·..,14
C1644,Campus unwa nathi kra ilagata teacherslawa nathi kra dn scl lamai,neutral,Facebook,campus unwa nathi kra ilagata teacherslawa nathi kra dn scl lamai,11
C1645,Mata me malliwa sambanda karanna puluwanda 0757336698 🙏 ❤️,neutral,Facebook,mata me malliwa sambanda karanna puluwanda 0757336698,7
C1646,Thpoe lamaintath ekka hena gahanna one 💢,hate,Facebook,thpoe lamaintath ekka hena gahanna one,6
C1647,Demllu marpiywu wal heththa 😒,offensive,Facebook,demllu marpiywu wal heththa,4
C1648,Ewasanna oya.. nabithumath ewasuwa ... oyath ewasann,neutral,Facebook,ewasanna oya.. nabithumath ewasuwa .. oyath ewasann,7
C1649,mariyan thooooo sapayk ammp ratata.Wesiyek mekinam 💢 😠,hate,Facebook,mariyan thoo sapayk ammp ratata.Wesiyek mekinam,6
C1650,Api thama hodatama kare,neutral,Facebook,api thama hodatama kare,4
C1651,me ponna aanduwa thawa awrudu 3 bayawenna EPA gematama set weyan ðððððð¤ð¤ð¤â¥ï¸,hate,Facebook,me ponna aanduwa thawa awrudu 3 bayawenna epa gematama set weyan ðððððð¤ð¤ð¤â¥ï¸,12
C1652,Horu saga heluwen,neutral,Facebook,horu saga heluwen,3
C1653,Mea Mokada Aneð ❤️,neutral,Facebook,mea mokada Aneð,3
C1654,Thoge mune hati kalakanni rata kawa 🤬,hate,Facebook,thoge mune hati kalakanni rata kawa,6
C1655,Para geniyek me wesinam,hate,Facebook,para geniyek me wesinam,4
C1656,Carri ponnaya ashad muma kiyanwa buddayo muta innawa kiyala ahama inwaname un shinhala buddayo nawi 😡,hate,Facebook,carri ponnaya ashad muma kiyanwa buddayo muta innawa kiyala ahama inwaname un shinhala buddayo nawi,15
C1657,Wadha koththuwak ehema tibune nadda lokka..ðð 😒,offensive,Facebook,wadha koththuwak ehema tibune nadda lokka..ðð,6
C1658,...attma pattai aiye...supiriytma wade karala tinawa.... niymatema hoda kolitiyak tinwa... 🙂 🙂,neutral,Facebook,..attma pattai aiye..supiriytma wade karala tinawa.. niymatema hoda kolitiyak tinwa..,10
C1659,Ammai puthai vage 🙂,neutral,Facebook,ammai puthai vage,3
C1660,Mukkuda oya maddiya wediyoo un dakke nadda hitapu senagaa...m 🙄,offensive,Facebook,mukkuda oya maddiya wediyoo un dakke nadda hitapu senagaa..m,9
C1661,Deergayu vehva adharaneeya oba samata chiran jayathu budhu saranai dhevipihitai,neutral,Facebook,deergayu vehva adharaneeya oba samata chiran jayathu budhu saranai dhevipihitai,10
C1662,Higaa kapn mahinda rajapaksa,offensive,Facebook,higaa kapn mahinda rajapaksa,4
C1663,2048 land karanne,neutral,Facebook,2048 land karanne,3
C1664,udalata wada a kella.lassan nisada balu weda karanna epa yako..kaida ara kalu balli..yako uddayak dinala.wagd para haththa 🤬,hate,Facebook,udalata wada a kella.lassan nisada balu weda karanna epa yako..kaida ara kalu balli..yako uddayak dinala.wagd para haththa,17
C1666,Yako aurudu gaanak kiyanne meki ade chuu karana kaale idalama kolloth ekka set unaada..du mehema nam amma kohoma athida... 🙄,offensive,Facebook,yako aurudu gaanak kiyanne meki ade chuu karana kaale idalama kolloth ekka set unaada..du mehema nam amma kohoma athida..,19
C1667,topa atullanna ona Kari wallin nawenna ubala ape ge laga hitiye nane..ane a ada wane,hate,Facebook,topa atullanna ona kari wallin nawenna ubala ape ge laga hitiye nane..ane a ada wane,15
C1668,Tisara athi gadara.palyan.bola..akkak.gahnawa.20.paradinawa.,hate,Facebook,tisara athi gadara.palyan.bola..akkak.gahnawa.20.paradinawa.,3
C1670,E lamimge mulu vinodema kewa um salli deel trip evill tyenne unge bag check krnn denn____ 👍,neutral,Facebook,e lamimge mulu vinodema kewa um salli deel trip evill tyenne unge bag check krnn denn__,16
C1671,Balli buruwath ekai balan hitiyath ekai. 🙄,offensive,Facebook,balli buruwath ekai balan hitiyath ekai.,6
C1672,Moda mongole sl miniha. Mokada u muladi boru karala nameda. Kella rawatuna duradega geya badala keyala dana gatta kella randu keruwa... puwe podi kella matanam saki a miniyahage ganiwa me maraneta mokada me ganitath ona une me kalla adara katawa nawattaganna matanam hrema saki... 🙏,neutral,Facebook,moda mongole sl miniha. mokada u muladi boru karala nameda. kella rawatuna duradega geya badala keyala dana gatta kella randu keruwa.. puwe podi kella matanam saki a miniyahage ganiwa me maraneta mokada me ganitath ona une me kalla adara katawa nawattaganna matanam hrema saki..,44
C1673,api dannawa ban meka fillt gei aran gon gaanigei sinduwak release karanna hadanne kiyala 🤬,hate,Facebook,api dannawa ban meka fillt gei aran gon gaanigei sinduwak release karanna hadanne kiyala,14
C1674,Gihin puka deepang kari gon badu wesi ube ammata hukawanawa kari wesi ara malli ice gahala inne ubath hodatma gahala inne ube adiyawa daapan ubata diwa daan unta kari gon wesi ubalata lamai innawanM lamai balagena geadrata wela hitapanko ubala lankawata wadak nathi un mama oya bus eke driver unanam gihilla happanawa kohe hari bus eka kari gon badu wesi piumi hansamali ubath ekka inna un okkoma badu wesiyo ubata mona huthakda saadarana gihilla puka deepan kari gon wesi maradana paalama yata,hate,Facebook,gihin puka deepang kari gon badu wesi ube ammata hukawanawa kari wesi ara malli ice gahala inne ubath hodatma gahala inne ube adiyawa daapan ubata diwa daan unta kari gon wesi ubalata lamai innawanm lamai balagena geadrata wela hitapanko ubala lankawata wadak nathi un mama oya bus eke driver unanam gihilla happanawa kohe hari bus eka kari gon badu wesi piumi hansamali ubath ekka inna un okkoma badu wesiyo ubata mona huthakda saadarana gihilla puka deepan kari gon wesi maradana paalama yata,82
C1675,unge ammage kiyala thamai kiyanna thiyenne,offensive,Facebook,unge ammage kiyala thamai kiyanna thiyenne,6
C1676,adin passe tho iwarai 😒,offensive,Facebook,adin passe tho iwarai,4
C1678,"Ane ithin methumalage kattiya, kanawa hoda kemak.....horungeth horu, kanba horu",offensive,Facebook,"ane ithin methumalage kattiya, kanawa hoda kemak..horungeth horu, kanba horu",10
C1679,Horu team aka satwela,neutral,Facebook,horu team aka satwela,4
C1680,Nodakin naki badu ganja gahala lankawa jarawak wela jara ganu nisa.. Issr aththanmala kochara siriyawada . dan 60 panapu attanmala amu heluwen natanawa.. Kello hadagnda ba me naki balliyo nisa... Sanwara nathi ganu. 🤬,hate,Facebook,nodakin naki badu ganja gahala lankawa jarawak wela jara ganu nisa.. issr aththanmala kochara siriyawada . dan 60 panapu attanmala amu heluwen natanawa.. kello hadagnda ba me naki balliyo nisa.. sanwara nathi ganu.,33
C1681,Kawadada me karuma kathawa iwara wenne fb eke dakinakotat kenti yanawa 🙂,neutral,Facebook,kawadada me karuma kathawa iwara wenne fb eke dakinakotat kenti yanawa,11
C1682,Aravinda Senarath nidaganna edat ati oya redi tiyanna ____ ❤️,neutral,Facebook,aravinda senarath nidaganna edat ati oya redi tiyanna __,9
C1683,Laksiri Wijenayaka oba tumata duka hithila Waga. Hodata ma allala tiyanawa pauw,neutral,Facebook,laksiri wijenayaka oba tumata duka hithila Waga. hodata ma allala tiyanawa pauw,12
C1684,"PITARATAWALA INNA MEE AYAGEE TH MAANASIKATHWAYA OHOMA A THAMAI.... APEE UN BEEDA BINNA WENAWA, AND SECURE APP YOU TUBE CHANNEL THIYENA AWAJAATHAKA BALLO NAAYAKATHWAYA FAIL LU... FAIL HINDA THAMAI MEEWA SUDDA KARANNE... NODAKIN SIHALUNI THOPITA BADA PALENNA KARANNA WITHARADA OONI??<br>PEENAWA NEEDA???",offensive,Facebook,"pitaratawala inna mee ayagee th maanasikathwaya ohoma a THAMAI.. apee un beeda binna WENAWA, and secure app you tube channel thiyena awajaathaka ballo naayakathwaya fail LU.. fail hinda thamai meewa sudda KARANNE.. nodakin sihaluni thopita bada palenna karanna witharada OONI??<br>PEENAWA NEEDA??",41
C1685,ane muwa marala danna barida katawath kari balla rata kanwa 😠,hate,Facebook,ane muwa marala danna barida katawath kari balla rata kanwa,10
C1686,E dwas wala adare kraddi kalin birida hodaii... dan tma waradii... paw .. momawa unat eyat gahaniyak.. ayawat mathak kla nam thama hoda.. mokada aurudu 10 ka darwek labennet nikan nemeii oyage kalin birida ekka adaren hitapu kale labune.. paw e gahaniya..,neutral,Facebook,e dwas wala adare kraddi kalin birida hodaii.. dan tma waradii.. paw .. momawa unat eyat gahaniyak.. ayawat mathak kla nam thama hoda.. mokada aurudu 10 ka darwek labennet nikan nemeii oyage kalin birida ekka adaren hitapu kale labune.. paw e gahaniya..,42
C1687,Daruwek enna amma kenrk enna hti tu nodakin,offensive,Facebook,daruwek enna amma kenrk enna hti tu nodakin,8
C1688,"kuhaka jathiyata kawadawath hoda de denna ba,un wenasa karala danawa owa, 🙄",offensive,Facebook,"kuhaka jathiyata kawadawath hoda de denna ba,un wenasa karala danawa owa,",11
C1689,Okata henama gahai arakitath ekkama.,offensive,Facebook,okata henama gahai arakitath ekkama.,5
C1690,Ado tho palayan muslim ratakata....meka ape bautha ratak neethiya okkomatama akai..........aka rate neethi dekak naha................ 🤬,hate,Facebook,ado tho palayan muslim ratakata..meka ape bautha ratak neethiya okkomatama akai..aka rate neethi dekak naha..,15
C1691,Mea kathawa tharam epa karapu kathawak na .,neutral,Facebook,mea kathawa tharam epa karapu kathawak na .,8
C1692,Oba.thumata thaeranadae ape karey janadey ponna ranilta.thaeran Nha.munta.hana.ganda.ona.ahinsaka.minissunta.karana.awata.hena.ghanda.ona 🤬,hate,Facebook,Oba.thumata thaeranadae ape karey janadey ponna ranilta.thaeran Nha.munta.hana.ganda.ona.ahinsaka.minissunta.karana.awata.hena.ghanda.ona,8
C1693,owa mha ktha wada appiriyaii munge wada,offensive,Facebook,owa mha ktha wada appiriyaii munge wada,7
C1694,Api chandey dunney obawahanseta,neutral,Facebook,api chandey dunney obawahanseta,4
C1695,Ayeth gahapan bomba thopita raja karanna. Hena gahanna ona thopita,hate,Facebook,ayeth gahapan bomba thopita raja karanna. hena gahanna ona thopita,10
C1696,Adaws walm barii unanii mee thambi tikae dem hathae aka param ewaryk krnn.. 👎 🤬,hate,Facebook,adaws walm barii unanii mee thambi tikae dem hathae aka param ewaryk krnn..,13
C1697,Gonjata kela uneth me wesi nisa thmai.dem bath ekak ehma beda gena plyn ghn back side eka ilaganin 😡 👎,hate,Facebook,gonjata kela uneth me wesi nisa thmai.dem bath ekak ehma beda gena plyn ghn back side eka ilaganin,18
C1698,Ubalata hena hathama wadiyan...__,offensive,Facebook,ubalata hena hathama wadiyan..__,4
C1699,Math hoynva lks70 vithara awrudu 30 vithara patta gahapu caravan ekak __,neutral,Facebook,math hoynva lks70 vithara awrudu 30 vithara patta gahapu caravan ekak __,12
C1700,Nadakin oya gon ranjawa gennawe ai yako thopita lajja nadda,hate,Facebook,nadakin oya gon ranjawa gennawe ai yako thopita lajja nadda,10
C1701,Meke comment dakkahama terena akama de..tamat desapaluwanta kade yana..wahallu bara gaaanak ennawa kiyana ekai ❤️,neutral,Facebook,meke comment dakkahama terena akama de..tamat desapaluwanta kade yana..wahallu bara gaanak ennawa kiyana ekai,14
C1702,Awajathaka heththa.....munta chande dena apitama thama gaha ganna oni.....,offensive,Facebook,awajathaka heththa..munta chande dena apitama thama gaha ganna oni..,9
C1703,"Lassana voice ekak thiyena,eh wagema lassana roopa rachanawak thiyena meh wage dewal thamai api hamoma age karanne one....harsha withanage kiyanne danata lankawen bihiunu ragadhari shayiliyen,rock shayiliyen goda nagunu best artist kenek........",neutral,Facebook,"lassana voice ekak thiyena,eh wagema lassana roopa rachanawak thiyena meh wage dewal thamai api hamoma age karanne one..harsha withanage kiyanne danata lankawen bihiunu ragadhari shayiliyen,rock shayiliyen goda nagunu best artist kenek..",31
C1704,ane hkpn ð,offensive,Facebook,ane hkpn ð,3
C1705,Slankawa budunge desayai topi okkoma jiwath wenne sinhalayanta pin sidda wenna budunge ratee balu antha wado hethi karee 💢 🤬,hate,Facebook,slankawa budunge desayai topi okkoma jiwath wenne sinhalayanta pin sidda wenna budunge ratee balu antha wado hethi karee,18
C1706,Ara kaushi wesa haththa hithan inna akita witharai tanak thiyanna kiya wena gahnunta nathi widiyata mun wage vesa badu aa lankawe anith ghanun eliya dagana inna,offensive,Facebook,ara kaushi wesa haththa hithan inna akita witharai tanak thiyanna kiya wena gahnunta nathi widiyata mun wage vesa badu aa lankawe anith ghanun eliya dagana inna,26
C1707,Madu Shani man nam banum ahalama na,neutral,Facebook,madu shani man nam banum ahalama na,7
C1708,"Okige oluve otunna galevvata kulappu una neda kattiyak, lankave namath kanava me balliyo",hate,Facebook,"okige oluve otunna galevvata kulappu una neda kattiyak, lankave namath kanava me balliyo",13
C1709,Hena gahapan okunta lankawa cup eka dinalamai okunta padamak ugannanna ona thank you ikka apiwa denuwath karata,hate,Facebook,hena gahapan okunta lankawa cup eka dinalamai okunta padamak ugannanna ona thank you ikka apiwa denuwath karata,17
C1710,Lajjawak nathi kari desapalannyo 😡 🤬,hate,Facebook,lajjawak nathi kari desapalannyo,4
C1711,Ape rata palanaya karapu balli okkoma kare ape sinhala bauddayat arapu aeke oba wahansela natthan anith jathikayan sinhalayage puketh arala 🤬 💢,hate,Facebook,ape rata palanaya karapu balli okkoma kare ape sinhala bauddayat arapu aeke oba wahansela natthan anith jathikayan sinhalayage puketh arala,20
C1712,Chamudithah nikang chathuraya wage jathiwade awssannamai hadanne gothaya,offensive,Facebook,chamudithah nikang chathuraya wage jathiwade awssannamai hadanne gothaya,8
C1713,Kauda bolamee himepano kadenalta kadenal kiyapallako 🙂,neutral,Facebook,kauda bolamee himepano kadenalta kadenal kiyapallako,6
C1714,Kotawala jathin athara mehenath post danawa neda 🙏,neutral,Facebook,kotawala jathin athara mehenath post danawa neda,7
C1715,Ai hemadaama dc venne peya thunak indala ð¢ð¢ð¢,neutral,Facebook,ai hemadaama dc venne peya thunak indala ð¢ð¢ð¢,8
C1716,Koo nanee bn live,neutral,Facebook,koo nanee bn live,4
C1717,Mona huthakda bn Meeððð 😡 😠,hate,Facebook,mona huthakda bn Meeððð,4
C1718,Mewa trending enna one ewa newe. Mun waradie.badu huththi,hate,Facebook,mewa trending enna one ewa newe. mun waradie.badu huththi,9
C1719,Mewa maha Balu wada choola awith Ara crown eka galawana widiya mara sauththui,offensive,Facebook,mewa maha balu wada choola awith ara crown eka galawana widiya mara sauththui,13
C1720,Muge oluwa idimila<br />Okawa ohoma uda<br />Thiyanna epa ahinsaka <br />Muslim war unath karana <br />Apahasayak me miniha<br />Rata palanaya karanawada 💢,hate,Facebook,muge oluwa idimila<br />Okawa ohoma uda<br />Thiyanna epa ahinsaka <br />Muslim war unath karana <br />Apahasayak me miniha<br />Rata palanaya karanawada,21
C1721,Chandraleka Balaya ta genena kawudha udhaw Kare. Apidha? Ane kawuruth Ekai boru karayo. Jeppo,offensive,Facebook,chandraleka balaya ta genena kawudha udhaw Kare. Apidha? ane kawuruth ekai boru karayo. jeppo,14
C1722,Gahapu brand eka kiyapan.. plz,neutral,Facebook,gahapu brand eka kiyapan.. plz,5
C1723,Maha papekin dewiyan oyawa beragaththa kiyala hithala podi lamai ekka sathutin inna .,neutral,Facebook,maha papekin dewiyan oyawa beragaththa kiyala hithala podi lamai ekka sathutin inna .,13
C1724,Ahuwenna epa okun patta horu.api naya gewuwata passe ayith masekin call karala tharjanaya karanawa salli dapan kiyala gaththa aya baya wenna epa dan parikshna patan aran thiyenne.owa karanne chine pakeklu.ganna epa machanla marunath.mamath katta kawa.,neutral,Facebook,ahuwenna epa okun patta horu.api naya gewuwata passe ayith masekin call karala tharjanaya karanawa salli dapan kiyala gaththa aya baya wenna epa dan parikshna patan aran thiyenne.owa karanne chine pakeklu.ganna epa machanla marunath.mamath katta kawa.,35
C1726,Hari bn ela ðð,neutral,Facebook,hari bn ela ðð,4
C1727,Karolin Kare ballowath karannathi balu wadak,offensive,Facebook,karolin kare ballowath karannathi balu wadak,6
C1728,Pohottuwa pas wewa,offensive,Facebook,pohottuwa pas wewa,3
C1730,"cup eka gednna ona ownta final rewenna gahala, loke inna baluma jathiyak thamai Indian kiyanne 😒",offensive,Facebook,"cup eka gednna ona ownta final rewenna gahala, loke inna baluma jathiyak thamai indian kiyanne",15
C1731,raj pakayata hena hatha gahapan kiyala hithana eun me comment ekata like karanda 🤬,hate,Facebook,raj pakayata hena hatha gahapan kiyala hithana eun me comment ekata like karanda,13
C1732,Torch ð¦ ekak allagena ra mada mekita pissu wesi,hate,Facebook,torch ð¦ ekak allagena ra mada mekita pissu wesi,9
C1733,Kirula galwaddi iwasal idapu ekamkochchar deyakda.mata ehema kara nam.guti kala yanne dennam.nodaku kunu hutthiyo.ganiyekt ganiyek irisiya karann epa.anunt irisiya karann eke vipak ubala dennat labei.... 👎,hate,Facebook,kirula galwaddi iwasal idapu ekamkochchar deyakda.mata ehema kara nam.guti kala yanne dennam.nodaku kunu hutthiyo.ganiyekt ganiyek irisiya karann epa.anunt irisiya karann eke vipak ubala dennat labei..,25
C1734,tho me samajete karana aparadeta tho naki unama marenne redi natuwa. Redi100ta giyath ballo heluwen.wesawi.,hate,Facebook,tho me samajete karana aparadeta tho naki unama marenne redi natuwa. Redi100ta giyath ballo heluwen.wesawi.,15
C1735,Gim yaneva nam kanna ona paye kiyakata kalinda..kiyala denna puluvanda ❤️,neutral,Facebook,gim yaneva nam kanna ona paye kiyakata kalinda..kiyala denna puluvanda,10
C1736,Ade ptta athl bnðð,neutral,Facebook,ade ptta athl bnðð,4
C1737,Oyage mattaiya ponnaiya,hate,Facebook,oyage mattaiya ponnaiya,3
C1738,Kari basil uhge duwata denna athi salli 5000 k dunne nh hora basil wesika putha okata nam cancer ekak hadila marenna oneh 👎,hate,Facebook,kari basil uhge duwata denna athi salli 500 k dunne nh hora basil wesika putha okata nam cancer ekak hadila marenna oneh,22
C1739,Niwan suwa http okkotma,offensive,Facebook,niwan suwa http okkotma,4
C1740,Maha kalakanni okunta parajaya baraganna bað ð ð ð,hate,Facebook,maha kalakanni okunta parajaya baraganna bað ð ð ð,9
C1741,Ane ponna sajith toge anduwa karapu awa dega arinna tamai dan ape anduwa mahansi wanna ponnayo 🤬,hate,Facebook,ane ponna sajith toge anduwa karapu awa dega arinna tamai dan ape anduwa mahansi wanna ponnayo,16
C1742,Iyyyaaaaa yakooooo..Appiriyaiiii...thu nodakin pakai 😑,offensive,Facebook,iyyaa yakoo..Appiriyaii..thu nodakin pakai,4
C1743,Ane manda mu anagaththa,neutral,Facebook,ane manda mu anagaththa,4
C1745,Me kattiya okkogema katata vaccine eka gahuwanan hari. Piyumi hansamalita katata vaccine 5 wath Gahanna one. Mara athal ekak denne kattiya. Pati roll 😊,neutral,Facebook,me kattiya okkogema katata vaccine eka gahuwanan hari. piyumi hansamalita katata vaccine 5 wath gahanna one. mara athal ekak denne kattiya. pati roll,23
C1746,Ane wena kenekge deyak uduragena wage aragena katawak karanna me ganita lajja nadda attata harima hirikitai 😒,offensive,Facebook,ane wena kenekge deyak uduragena wage aragena katawak karanna me ganita lajja nadda attata harima hirikitai,16
C1747,ubage muna digaii,offensive,Facebook,ubage muna digaii,3
C1748,Airport akei harbour akei baluwa nm gennana un edala alla ganna puluwan 🙏,neutral,Facebook,airport akei harbour akei baluwa nm gennana un edala alla ganna puluwan,12
C1749,Ice gahalans inne kari kannadi polago uba palayan hutho 👎,hate,Facebook,ice gahalans inne kari kannadi polago uba palayan hutho,9
C1752,Gon pakayek thonam ponnayoð¤£ð¤£ð¤£ð,hate,Facebook,gon pakayek thonam ponnayoð¤£ð¤£ð¤£ð,4
C1753,rajapksa Ane aththata koheda mechchara kal giye ...,offensive,Facebook,rajapksa ane aththata koheda mechchara kal giye ..,8
C1754,Kohoma moka deagaluwath me rata allaganna bahea obathumalawage aya watinawa obathuma hindu aya deanuwath karanna 👍 ✨,neutral,Facebook,kohoma moka deagaluwath me rata allaganna bahea obathumalawage aya watinawa obathuma hindu aya deanuwath karanna,15
C1755,"Ballo, raja wela..",offensive,Facebook,"Ballo, raja wela..",3
C1756,jeppo Bara dunna horu tika ekathu wela. 😑,offensive,Facebook,jeppo bara dunna horu tika ekathu wela.,7
C1757,"Kadinal thumage awadanaya pinisa,",neutral,Facebook,"kadinal thumage awadanaya pinisa,",4
C1758,ane ape hamuduruwane kewata wedak ne.ape gon hetikareta.,hate,Facebook,ane ape hamuduruwane kewata wedak ne.ape gon hetikareta.,8
C1759,Pakay katha nayaka... Api hithapu ratak da apata may labunay? 😒,offensive,Facebook,pakay katha nayaka.. api hithapu ratak da apata may labunay?,10
C1760,Oshadhi adui. Hama gahapu issek wage,offensive,Facebook,oshadhi adui. hama gahapu issek wage,6
C1762,Me wage vikata ponna agamathi janadipathi kathanayaka enna rataka me wage vinasa wena aka ahanna deyakda,hate,Facebook,me wage vikata ponna agamathi janadipathi kathanayaka enna rataka me wage vinasa wena aka ahanna deyakda,16
C1763,A magulath iwarai hadigawilama Yano Onna Balapanð 🙂,neutral,Facebook,a magulath iwarai hadigawilama yano onna Balapanð,7
C1764,pala yanna r ss antha wadiya baudda jantha wani poddak ewasanna moo pahuwenakota hema jathiyatama kelinawa,hate,Facebook,pala yanna r ss antha wadiya baudda jantha wani poddak ewasanna moo pahuwenakota hema jathiyatama kelinawa,16
C1765,jvp kiyannea mea ratea thiyana janathawa epa kiyapu pakshayak mun thamay mea rata winasa karana katu kana kala waddo.oya 88 89 kalea hitapu janathawa dannawa mea gollo monawada karea kiyala. jvp thopi searama makabawila palayaw thirisannu,hate,Facebook,jvp kiyannea mea ratea thiyana janathawa epa kiyapu pakshayak mun thamay mea rata winasa karana katu kana kala waddo.oya 88 89 kalea hitapu janathawa dannawa mea gollo monawada karea kiyala. jvp thopi searama makabawila palayaw thirisannu,36
C1766,lankawe kalakanni ekka oka adugane awruddakwat oya widiyatama thibboth hodai 💢 😡,hate,Facebook,lankawe kalakanni ekka oka adugane awruddakwat oya widiyatama thibboth hodai,10
C1767,ME AWEJATHEKA DESADDROHI AMENA SAKKILLIYANWE PRESIDDIYE <br />GAL GASA MARA DAMIYE UTHUIY,offensive,Facebook,me awejatheka desaddrohi amena sakkilliyanwe presiddiye <br />GAL gasa mara damiye uthuiy,12
C1768,Munta mol amaruwa ponnayoðððð,hate,Facebook,munta mol amaruwa ponnayoðððð,4
C1769,Kari ponnaya oka .ratata wina karana un balaganilla . kapati pakaya diya yatin gindara aran yanne,hate,Facebook,kari ponnaya oka .ratata wina karana un balaganilla . kapati pakaya diya yatin gindara aran yanne,16
C1770,Ganja gahalada kheda,neutral,Facebook,ganja gahalada kheda,3
C1771,Oya ballanwa maran nathuwa punuruthtapanaya karapu ekai warda,hate,Facebook,oya ballanwa maran nathuwa punuruthtapanaya karapu ekai warda,8
C1772,Ko yako mask?,neutral,Facebook,ko yako mask?,3
C1773,pooja akki wage wenna haduwata uba wage manasika rogiyekta ehema wenna ba. pooja akki katha karana vidiyata asa hithenawa katath. uba dakiddith appiriyai 😒,offensive,Facebook,pooja akki wage wenna haduwata uba wage manasika rogiyekta ehema wenna ba. pooja akki katha karana vidiyata asa hithenawa katath. uba dakiddith appiriyai,23
C1774,Keheliya thoththa babek Oka kiyana kisima deyak wiswasa karanna epa .unta chande dena wahal haththata Gu kawanna Oni .,offensive,Facebook,keheliya thoththa babek oka kiyana kisima deyak wiswasa karanna epa .unta chande dena wahal haththata gu kawanna oni .,19
C1775,Patta vesiyoo dennek aveth fuka dena vediya dekkada 🤬,hate,Facebook,patta vesiyoo dennek aveth fuka dena vediya dekkada,8
C1776,Hiree inn ona minissu balaya nisa nidhse innvð¤,neutral,Facebook,hiree inn ona minissu balaya nisa nidhse innvð¤,8
C1778,munta puluvanda rata hadanna gahanna oni bombayak ivarayak venna,offensive,Facebook,munta puluvanda rata hadanna gahanna oni bombayak ivarayak venna,9
C1779,Camera karapu aka tama hodatama kre ____ ❤️,neutral,Facebook,camera karapu aka tama hodatama kre __,7
C1780,Malinga mathak una.._,neutral,Facebook,malinga mathak una.._,3
C1782,Tho mona yukthiyak sadaranaya da katha karanne peni sitinne. Sinhala cinemawata apakeerthiyak nokara wesakam karagena gitqpiya gon wesiye. Eeka rhamai thota obina rakiyawa,hate,Facebook,tho mona yukthiyak sadaranaya da katha karanne peni sitinne. sinhala cinemawata apakeerthiyak nokara wesakam karagena gitqpiya gon wesiye. eeka rhamai thota obina rakiyawa,23
C1783,"Mona unath karapu wade maha balu wadak, echcharayi, kucheethayi, pajathayi",offensive,Facebook,"mona unath karapu wade maha balu wadak, echcharayi, kucheethayi, pajathayi",10
C1784,Koheth eka wagene bn ammo Oka thawath rasawath bila awama 🙂,neutral,Facebook,koheth eka wagene bn ammo oka thawath rasawath bila awama,10
C1785,Bella ko...Den e Drama ekath Iwarai...ð 🙏,neutral,Facebook,bella ko..Den e drama ekath Iwarai..ð,6
C1786,Anduwa wagakiyanda ona ð,neutral,Facebook,anduwa wagakiyanda ona ð,4
C1787,Piccu whotta ð 😑 😒,offensive,Facebook,piccu whotta ð,3
C1788,Podi minihek jeewathwenna gahakin gediyak kadan kewath hire dana me wage kalakanni podu depala winasa karanakota balan inna pake niwata asikkitha ratak lankawa..thu nodakin..,hate,Facebook,podi minihek jeewathwenna gahakin gediyak kadan kewath hire dana me wage kalakanni podu depala winasa karanakota balan inna pake niwata asikkitha ratak lankawa..thu nodakin..,24
C1790,Ado muta like _______ na ne bn wambotta__________ kutti arachchiya,offensive,Facebook,ado muta like __ na ne bn wambotta__ kutti arachchiya,10
C1791,Munge bailawelata rewatenna epa mun arunta hapan npp eke in,offensive,Facebook,munge bailawelata rewatenna epa mun arunta hapan npp eke in,10
C1792,Rajapaksa weddo hora ballo.,offensive,Facebook,rajapaksa weddo hora ballo.,4
C1793,Kohila katu ekka denna ona,neutral,Facebook,kohila katu ekka denna ona,5
C1794,Oyawidiyata Lankawe set ekata final gahanna eddi Lanka team ekata korona kiyaida dannena oun.. Indeawa ea tharam badu..,offensive,Facebook,oyawidiyata lankawe set ekata final gahanna eddi lanka team ekata korona kiyaida dannena oun.. indeawa ea tharam badu..,18
C1795,Ana hutto saudiyata pala to 😠,hate,Facebook,ana hutto saudiyata pala to,5
C1796,Mahinda merune nedda tama ð¤ð¤ð¤,offensive,Facebook,mahinda merune nedda tama ð¤ð¤ð¤,5
C1797,Oya kathanayaka ballawai ranilai gon maeththiri pabayai unta oya bomma gehuwanam rata ta hodawenawa ahinsaka minissu maranawata okun merila giyanam ratata hodak wenawa 😡 💢,hate,Facebook,oya kathanayaka ballawai ranilai gon maeththiri pabayai unta oya bomma gehuwanam rata ta hodawenawa ahinsaka minissu maranawata okun merila giyanam ratata hodak wenawa,23
C1798,Demallu yaha palaneta kamati me wage ballo allannane,hate,Facebook,demallu yaha palaneta kamati me wage ballo allannane,8
C1799,Matath join wenna puluwandha mage ratharam,neutral,Facebook,matath join wenna puluwandha mage ratharam,6
C1800,Amooo adareI godak ... 😊,neutral,Facebook,amoo adarei godak ..,4
C1801,Lamai 3k thathila 3n denekge hapoi mewesa geni ratama kanawa,offensive,Facebook,lamai 3k thathila 3n denekge hapoi mewesa geni ratama kanawa,10
C1802,Me anduwatanam kade yanna epa attha katha karanna,neutral,Facebook,me anduwatanam kade yanna epa attha katha karanna,8
C1803,yako hasitha danaganin meka jana walin hata ganne. para wesige ge putha 💢 💢,hate,Facebook,yako hasitha danaganin meka jana walin hata ganne. para wesige ge putha,12
C1804,Dan thamai wade neee ____________ 🌸,neutral,Facebook,dan thamai wade nee __,5
C1806,Puduma kasillak munta thiyenne 🙄,offensive,Facebook,puduma kasillak munta thiyenne,4
C1807,Athakota Hama Anduwakma Kudugenna Anubaladenawa.,offensive,Facebook,athakota hama anduwakma kudugenna Anubaladenawa.,5
C1808,Mahinda wesige putha.Mahindage gani appa wesi amma wesi thatha nayakaraya 😡,hate,Facebook,mahinda wesige putha.Mahindage gani appa wesi amma wesi thatha nayakaraya,10
C1809,mahalu madama wage iyaaa labu bahapu naki hatta ð¤®,hate,Facebook,mahalu madama wage iyaa labu bahapu naki hatta ð¤,9
C1810,J v p kuhaka gonatal 😠,hate,Facebook,j v p kuhaka gonatal,5
C1811,Namal Rajapaksa ____ U.K Sumith Udukumbura ublege lokka horek neh bn ______,offensive,Facebook,namal rajapaksa __ U.K sumith udukumbura ublege lokka horek neh bn __,12
C1812,Goda giya ekek nam ahala na hamoma salli gewala register wela magin atha arapu aya ____ 😊 ❤️,neutral,Facebook,goda giya ekek nam ahala na hamoma salli gewala register wela magin atha arapu aya __,16
C1813,Make vinadi 5 Thami hodama tika aurudu 25 kadauree hitiyalu muta mechchhara salli kohenda me aurudu 11ta 👍,neutral,Facebook,make vinadi 5 thami hodama tika aurudu 25 kadauree hitiyalu muta mechchhara salli kohenda me aurudu 11ta,17
C1814,Naduwa ahpu ekata sapavewa..,offensive,Facebook,naduwa ahpu ekata sapavewa..,4
C1815,kaalakanni hattha Rata vinasai,offensive,Facebook,kaalakanni hattha rata vinasai,4
C1817,Ekha thamai post akak wath dakke naththe ____,neutral,Facebook,ekha thamai post akak wath dakke naththe __,8
C1818,Ane Ranil nakiyo umbata sathutu athi. Umba Batalanda rajane. Umba adath mini le bala bala sathutu una. Umba ada katha karanne Hi the sathutu. Mu baila kiyanne. Monawada me wal booruwa kiyawanne? GooNP wal sakkilinta hari sathutui. 💢,hate,Facebook,ane ranil nakiyo umbata sathutu athi. umba batalanda rajane. umba adath mini le bala bala sathutu una. umba ada katha karanne hi the sathutu. mu baila kiyanne. monawada me wal booruwa kiyawanne? goonp wal sakkilinta hari sathutui.,37
C1819,Nodakin witharak me wage Kello dakalama nane ððð,hate,Facebook,nodakin witharak me wage kello dakalama nane ððð,8
C1820,Malli carnt neni,neutral,Facebook,malli carnt neni,3
C1821,Apita upades epa oyage ayata kiyanna ahema karanna epa kiyala.ai apita kiyanne.ape kollo ewasana nisa tama oluwata atha hodanne.,neutral,Facebook,apita upades epa oyage ayata kiyanna ahema karanna epa kiyala.ai apita kiyanne.ape kollo ewasana nisa tama oluwata atha hodanne.,19
C1822,Chamuditha watti amma wagene...yako pirimiyek wage prashna ahapanko..demallu padi gatta wage katha karanne.. 😒,offensive,Facebook,chamuditha watti amma wagene..yako pirimiyek wage prashna ahapanko..demallu padi gatta wage katha karanne..,13
C1824,Ratakhma mokatada okata kelinna sakachcawa pathtaka tiyala okata kelapiyau 😑,offensive,Facebook,ratakhma mokatada okata kelinna sakachcawa pathtaka tiyala okata kelapiyau,9
C1825,Kalyana mithra sampatthiya,neutral,Facebook,kalyana mithra sampatthiya,3
C1826,Rajapassala wadakaranna bari jathiyak....__,offensive,Facebook,rajapassala wadakaranna bari jathiyak..__,4
C1827,Budu ammoo senagað ❤️,neutral,Facebook,budu ammoo senagað,3
C1828,Chuula thotath hodak wenn epa.,offensive,Facebook,chuula thotath hodak wenn epa.,5
C1829,Appa janadipathi unama pahara putha wanachara kame.hati vitharak namala hamathanama ganu gaththa.saththuma thamai.,hate,Facebook,appa janadipathi unama pahara putha wanachara kame.hati vitharak namala hamathanama ganu gaththa.saththuma thamai.,13
C1830,Puduma widiyta baya wela innee...ubla mi harak unta api mi hrak nemei.eththa mokk unath geheniyak thwath geheniykta oya wagee weda krnne nee. 💢,hate,Facebook,puduma widiyta baya wela innee..ubla mi harak unta api mi hrak nemei.eththa mokk unath geheniyak thwath geheniykta oya wagee weda krnne nee.,22
C1831,Hodai ath Wellampitiya welewatta area akata signal 4G signal adui,neutral,Facebook,hodai ath wellampitiya welewatta area akata signal 4G signal adui,10
C1832,Own desapla karna hadnwa gon karyoo,hate,Facebook,own desapla karna hadnwa gon karyoo,6
C1833,Moda wsige putha panna rata Gota thoge munapurantat ekka hena ghpiya,hate,Facebook,moda wsige putha panna rata gota thoge munapurantat ekka hena ghpiya,11
C1834,Ane hutta atulata miris guliyak danna tiyenan 😤,offensive,Facebook,ane hutta atulata miris guliyak danna tiyenan,7
C1835,Wesige kate hati 👎,hate,Facebook,wesige kate hati,3
C1836,90 ganan wala hadpuwa aspa ganan walata gann unta ohoma tama wenne__ 🌸,neutral,Facebook,90 ganan wala hadpuwa aspa ganan walata gann unta ohoma tama wenne__,12
C1837,Eyalata hodai nm apita moko bn apita rate minissunwa hadanna bane eka tama tamange kamattha 👍 🙏,neutral,Facebook,eyalata hodai nm apita moko bn apita rate minissunwa hadanna bane eka tama tamange kamattha,15
C1838,Anne Kurului Abhiman ui Akathu wenawanm __ 🙏,neutral,Facebook,anne kurului abhiman ui akathu wenawanm __,7
C1839,Meka maru athal ratak habai ____ 😊,neutral,Facebook,meka maru athal ratak habai __,6
C1840,Ane thoge appat hukpan wesige gani 😠,hate,Facebook,ane thoge appat hukpan wesige gani,6
C1841,Aniwa lankawa gahanawa ❤️,neutral,Facebook,aniwa lankawa gahanawa,3
C1843,Ane matanm balann ba ______ mata aduna hodatama____ pluwan nm gedara aran ❤️ ✨,neutral,Facebook,ane matanm balann ba __ mata aduna hodatama__ pluwan nm gedara aran,12
C1844,Gayanla vage ponnyo Hari yanne Hari Haman konda pana thiyena vadgath pirimiyek lagata yanna Bari chathurika vage patta vesiyanva.oya vadagath ganunta nevei akke.oyage jivithe loku vardimak karumyak galvila giya kiyla hitha hdagnna akke.,hate,Facebook,gayanla vage ponnyo hari yanne hari haman konda pana thiyena vadgath pirimiyek lagata yanna bari chathurika vage patta vesiyanva.oya vadagath ganunta nevei akke.oyage jivithe loku vardimak karumyak galvila giya kiyla hitha hdagnna akke.,33
C1845,Jackson ge seen eka wena ekek ne kiwwe,neutral,Facebook,jackson ge seen eka wena ekek ne kiwwe,8
C1846,Mona magula karath wedak na final eken ð±ð° kanawa indian kaaraya,neutral,Facebook,mona magula karath wedak na final eken ð±ð° kanawa indian kaaraya,11
C1847,Tho loku ponek 😒,offensive,Facebook,tho loku ponek,3
C1848,Kalakaine paulak mun okkoma 😤,offensive,Facebook,kalakaine paulak mun okkoma,4
C1849,Nodakin kalakaniyo ratama kanaws wesa badu,offensive,Facebook,nodakin kalakaniyo ratama kanaws wesa badu,6
C1850,Hiii piumi akki paw ane oya .pirimi pirimi widiht hitiynm iwaraine .akki jeewath wenne eyt hoda widihata .eyt prshnyk nettam apita kohomath prshnyk nane.akki oyge number eka dennakoo plz 🙂,neutral,Facebook,hii piumi akki paw ane oya .pirimi pirimi widiht hitiynm iwaraine .akki jeewath wenne eyt hoda widihata .eyt prshnyk nettam apita kohomath prshnyk nane.akki oyge number eka dennakoo plz,29
C1852,Hora haththa minimarim patan gaththada hathikare.,offensive,Facebook,hora haththa minimarim patan gaththada hathikare.,6
C1853,Tu nodakin wasiyo,offensive,Facebook,tu nodakin wasiyo,3
C1854,Me nam..sakkili awalam. idakin munwa marala danna oni,offensive,Facebook,me nam..sakkili awalam. idakin munwa marala danna oni,8
C1855,Mewa hemotama pihitanne ekai minissu kuhaka__,neutral,Facebook,mewa hemotama pihitanne ekai minissu kuhaka__,6
C1856,Thope thiyena paukarakamata thamai bn ehema merenne 😑,offensive,Facebook,thope thiyena paukarakamata thamai bn ehema merenne,7
C1857,Para balla mama hitiya nam mama yana hiraka yanna à·à·à¶¸à·à¶¶ talanawa 😠,hate,Facebook,para balla mama hitiya nam mama yana hiraka yanna à·à·à¶¸à·à¶¶ talanawa,11
C1859,"Balpan a wage ratata wadgth minussu marenawa, toi toge mha ekai wage ratata wadk nathi un marenne nanne",neutral,Facebook,"balpan a wage ratata wadgth minussu marenawa, toi toge mha ekai wage ratata wadk nathi un marenne nanne",18
C1860,"ane deyyane lankawata aba saranay, loke anith minissu lankawe genu okkoma mongal kiyala hithanawa athi me wahu kuna ragana regilla dekkama, nila messoth wahana badu maduruwo dekkama elawanna anith ayata katha karanawa,owata game kiyannebabahukkun danawa kiyalay 🙄",offensive,Facebook,"ane deyyane lankawata aba saranay, loke anith minissu lankawe genu okkoma mongal kiyala hithanawa athi me wahu kuna ragana regilla dekkama, nila messoth wahana badu maduruwo dekkama elawanna anith ayata katha karanawa,owata game kiyannebabahukkun danawa kiyalay",36
C1861,"Sakkili ballo katha Kara Kara Muslim unwa eliyata danawa hina wewi kalakanni,minissu marila ballo thopi gu kapalla ohoma hina wenne..thopi marun nahane,sapa wewa ubalata",hate,Facebook,"sakkili ballo katha kara kara muslim unwa eliyata danawa hina wewi kalakanni,minissu marila ballo thopi gu kapalla ohoma hina wenne..thopi marun nahane,sapa wewa ubalata",24
C1862,Mey booruwa pissek wage kaa gahala prashna ahala uththara denna yaddi madin panala aye uge hithe thiyena uthrayak denawa. Mokekda muð Amal Perera wage ekekwa interview karapu dawasata thamai mu aha ganne. Modayek,offensive,Facebook,mey booruwa pissek wage kaa gahala prashna ahala uththara denna yaddi madin panala aye uge hithe thiyena uthrayak denawa. mokekda muð amal perera wage ekekwa interview karapu dawasata thamai mu aha ganne. modayek,33
C1863,Me rate tawa bera gnna tiyenne monawada...kelawela hadigwila inne...knna ne..tiyena ewa gini gnn...ledakata behet ne....gmank ynna tel ne....eka lokkanta danenne ne....duppat ewun pare marenawa ekekutawat ganak ne 225ma tolonchi wela ynne ntuwa baila ghnawa vitari..ranil oyat awurudu gnak meka klane monwada ratta kle...oyala hodatama krapuwa tmai me ahinsaka duppat minissunta vidawanna une.....dnwat ynna paw nodi,offensive,Facebook,me rate tawa bera gnna tiyenne monawada..kelawela hadigwila inne..knna ne..tiyena ewa gini gnn..ledakata behet ne..gmank ynna tel ne..eka lokkanta danenne ne..duppat ewun pare marenawa ekekutawat ganak ne 225ma tolonchi wela ynne ntuwa baila ghnawa vitari..ranil oyat awurudu gnak meka klane monwada ratta kle..oyala hodatama krapuwa tmai me ahinsaka duppat minissunta vidawanna une..dnwat ynna paw nodi,55
C1864,U.N.P.gon haththata dan sathutuda.,hate,Facebook,U.N.P.gon haththata dan sathutuda.,4
C1865,Mewata balu postra kiyana eunta therenne nadda mewaye inne ballo kiyala.ungema aya thamayi mewata balu bostra kiyanne.,offensive,Facebook,mewata balu postra kiyana eunta therenne nadda mewaye inne ballo kiyala.ungema aya thamayi mewata balu bostra kiyanne.,17
C1866,Adeee sirawatama eee wagere ____ ✨,neutral,Facebook,adee sirawatama ee wagere __,5
C1867,Wilube iidam lewa kanawa hittha ta yana kam,offensive,Facebook,wilube iidam lewa kanawa hittha ta yana kam,8
C1868,Salli malu delath ganna bari una bahuthare pissu pakayata una hadenawa u n p karayo akathu unama.,hate,Facebook,salli malu delath ganna bari una bahuthare pissu pakayata una hadenawa u n p karayo akathu unama.,17
C1869,Irisiyawa thiyenne den,neutral,Facebook,irisiyawa thiyenne den,3
C1870,Ane kagenda baba?,neutral,Facebook,ane kagenda baba?,3
C1871,oya oya jiwithe widinawa newei akke widawanawa balanna ketha oyage huuu heluwen oyage amma paw minissu eyatai baninne 😒,offensive,Facebook,oya oya jiwithe widinawa newei akke widawanawa balanna ketha oyage huu heluwen oyage amma paw minissu eyatai baninne,18
C1872,Mona unat oya lassanai akkiyo.anika oyata mada gahana eun m qwat oya watenna EPA tawat nagitinna.umma akkiyo,neutral,Facebook,mona unat oya lassanai akkiyo.anika oyata mada gahana eun m qwat oya watenna epa tawat nagitinna.umma akkiyo,17
C1873,"Kawada hari wenne sinhala baudda kollo kello me ponnayonta erehiwa nagee inna eka edata oya hambayontai kalu suddontai duwanna wenawa habai, a",hate,Facebook,"kawada hari wenne sinhala baudda kollo kello me ponnayonta erehiwa nagee inna eka edata oya hambayontai kalu suddontai duwanna wenawa habai, a",22
C1874,Ane playan yanna,neutral,Facebook,ane playan yanna,3
C1875,Janatawata atta kewata obatumata thanks ðð,neutral,Facebook,janatawata atta kewata obatumata thanks ðð,6
C1876,Borudanna epa yakooooo...mulu ratakma dannawa ..thamange duwatath wada Bala ekek samitha badagaththa kiyala...chik vitharak..harima pilikul,hate,Facebook,borudanna epa yakoo..mulu ratakma dannawa ..thamange duwatath wada bala ekek samitha badagaththa kiyala..chik vitharak..harima pilikul,15
C1877,"Kelehi guna nati piyatumanla ,PASKU praharaya ta viruddawa OHOMA pelalali giyada",neutral,Facebook,"kelehi guna nati piyatumanla ,PASKU praharaya ta viruddawa ohoma pelalali giyada",11
C1878,Me liyume thiyenne duwek wage salakanna kiyala a kellatath ai a kellata thaththek nedda ehema unath ai duwek ekka ohoma sambandayak thiya gaththe mama nm kiyanne dennama waradi dn Mata hinenuth penwa oluwa nathi mala mini mage passen elawanwa wage ðª,neutral,Facebook,me liyume thiyenne duwek wage salakanna kiyala a kellatath ai a kellata thaththek nedda ehema unath ai duwek ekka ohoma sambandayak thiya gaththe mama nm kiyanne dennama waradi dn mata hinenuth penwa oluwa nathi mala mini mage passen elawanwa wage ðª,41
C1879,Yasay kalkm pala denawa rajapaksalata,hate,Facebook,yasay kalkm pala denawa rajapaksalata,5
C1880,Ane pau thamai.mulu lama samajayatama jeejai. 🙏 🙂,neutral,Facebook,ane pau thamai.mulu lama samajayatama jeejai.,6
C1881,Balamuko davas kiyak yaida kiya,neutral,Facebook,balamuko davas kiyak yaida kiya,5
C1882,anushage katata denna thibanm 😑,offensive,Facebook,anushage katata denna thibanm,4
C1883,Kisisethmajathiwadaya aussanne nallu unge nalikawa.....,neutral,Facebook,kisisethmajathiwadaya aussanne nallu unge nalikawa..,5
C1884,Me gon badu ape elaine na wasawal,hate,Facebook,me gon badu ape elaine na wasawal,7
C1885,Dupth minihta tenk ne Ada,neutral,Facebook,dupth minihta tenk ne ada,5
C1886,Mewa hodata pavichchi kerapiyau moda haththa lankawe nama katha kerane moda harakta wadiyan,hate,Facebook,mewa hodata pavichchi kerapiyau moda haththa lankawe nama katha kerane moda harakta wadiyan,13
C1887,Chamuditha gonoo ... Apita thoge acting balanna oone naa.. ðð<br />Over acting nodaa hitapiyað¤¬ð¤¬ð¤¬,hate,Facebook,chamuditha gonoo .. apita thoge acting balanna oone naa.. ðð<br />Over acting nodaa hitapiyað¤¬ð¤¬ð¤¬,14
C1888,Jaya wewa kiyana un lollo,offensive,Facebook,jaya wewa kiyana un lollo,5
C1889,Ane palayan huththiye uta asanipa une okata yanakotada ubala methana magull natala serama kela unata passe enawa magull katha karanna ubala thama balliye minissu marena welawe party damme uwa kudalagena yanne ubala magull natapu nisai rate nithi kadapu nisai ubalata oka une 😠,hate,Facebook,ane palayan huththiye uta asanipa une okata yanakotada ubala methana magull natala serama kela unata passe enawa magull katha karanna ubala thama balliye minissu marena welawe party damme uwa kudalagena yanne ubala magull natapu nisai rate nithi kadapu nisai ubalata oka une,42
C1890,Manam oyata harima asai godak lassanai,neutral,Facebook,manam oyata harima asai godak lassanai,6
C1892,ane pako hasitha yho danne monawada. tablets gahala aga puppawagena mona pakada karanne,offensive,Facebook,ane pako hasitha yho danne monawada. tablets gahala aga puppawagena mona pakada karanne,13
C1893,Ane hiwalo.... Thawa duratath minissu rawattanna baaa.. Rajapassalage katu kana eka danwath nawaththanawa 😤,offensive,Facebook,ane hiwalo.. thawa duratath minissu rawattanna baa.. rajapassalage katu kana eka danwath nawaththanawa,13
C1894,Ana deviyana ma apita mk una malli godak hodai danuwatkaranawata bs,neutral,Facebook,ana deviyana ma apita mk una malli godak hodai danuwatkaranawata bs,11
C1896,niragamika pokkek __ ____ ___ _____ _____ ___ okkoma kalin,hate,Facebook,niragamika pokkek __ __ __ __ __ __ okkoma kalin,10
C1897,Caroline nam tanikara irisiyawak. Anthima jara geniyak. 😤,offensive,Facebook,caroline nam tanikara irisiyawak. anthima jara geniyak.,7
C1898,Mun okkoma harak 😠,hate,Facebook,mun okkoma harak,3
C1899,Muta ganiyek dunnoth hondata karayi echcharayi mu danne .,offensive,Facebook,muta ganiyek dunnoth hondata karayi echcharayi mu danne .,9
C1900,Ravf hakim keri huththa accident ekak hari vela meriya.val balla.ððððð 💢,hate,Facebook,ravf hakim keri huththa accident ekak hari vela meriya.val balla.ððððð,10
C1901,. wadagath deyak dala ratata wadak athi deyak karala salli hoyanawa.. 🌸,neutral,Facebook,. wadagath deyak dala ratata wadak athi deyak karala salli hoyanawa..,11
C1902,__ anee itthin amu gawayo oya,offensive,Facebook,__ anee itthin amu gawayo oya,6
C1903,thota shot eka onada sudu van eke yanna asada...goda dura ...thope kona sunnaththu krala 4kta hukanna puluwan nam kona kapan nathi sinhalayage bale khoma weida ura kapiya ura badhala,hate,Facebook,thota shot eka onada sudu van eke yanna asada..goda dura ..thope kona sunnaththu krala 4kta hukanna puluwan nam kona kapan nathi sinhalayage bale khoma weida ura kapiya ura badhala,29
C1905,Aththatama oyage hasban kauda akki 👍,neutral,Facebook,aththatama oyage hasban kauda akki,5
C1906,Pala pala tho uda biruwata thopita ona dewal karanna meke hambenne na yako 💢,hate,Facebook,pala pala tho uda biruwata thopita ona dewal karanna meke hambenne na yako,13
C1907,Chanden passe mehema yanneththe ei 🙏 🙂,neutral,Facebook,chanden passe mehema yanneththe ei,5
C1908,Ape rate gawa sampatha 🙄,offensive,Facebook,ape rate gawa sampatha,4
C1909,Gu huththe indiaw hora out dila hri unm cup eka gni ikka blhnko borunm un prdigen awoth umpiresla hora out denn gnið 🤬,hate,Facebook,gu huththe indiaw hora out dila hri unm cup eka gni ikka blhnko borunm un prdigen awoth umpiresla hora out denn gnið,22
C1910,Ammo ammo HTTP!,neutral,Facebook,ammo ammo HTTP!,3
C1911,Maraa khomat horaa thamai,offensive,Facebook,maraa khomat horaa thamai,4
C1912,Muu kauda bn nikan pabayek wage,offensive,Facebook,muu kauda bn nikan pabayek wage,6
C1913,Jaara miniha okata henagahai,offensive,Facebook,jaara miniha okata henagahai,4
C1915,Awamangalaya ponnayek ne jathiya agama muta nehe sakkili geri ponnayek n g o akek mu 💢,hate,Facebook,awamangalaya ponnayek ne jathiya agama muta nehe sakkili geri ponnayek n g o akek mu,15
C1916,kohomath Islam kiyanne ithin tharsthawadi agamak ne ithin.. thopila wa pana pitin tiye wala dala gihi thyna a one,hate,Facebook,kohomath islam kiyanne ithin tharsthawadi agamak ne ithin.. thopila wa pana pitin tiye wala dala gihi thyna a one,19
C1917,Ada kale hadena godak pissu aklpa darana e pissu sankalpa darshnika lesa sadarnaya karanna u sindu athra me wage sinduwk ape pinkata aiya dunna kiyla kiynn puluwn,neutral,Facebook,ada kale hadena godak pissu aklpa darana e pissu sankalpa darshnika lesa sadarnaya karanna u sindu athra me wage sinduwk ape pinkata aiya dunna kiyla kiynn puluwn,27
C1918,Ane ape hAmuduruwane watina siddastana Tika rakadenna mehema giyoth hamuduruwanta athaharinna ussanawa apita balanna baha arthawath bana Tika deerga ayusha labewa,neutral,Facebook,ane ape hamuduruwane watina siddastana tika rakadenna mehema giyoth hamuduruwanta athaharinna ussanawa apita balanna baha arthawath bana tika deerga ayusha labewa,21
C1920,Pissu huththoo..ranganala giyata passe tho thamaii hiru ake pora kiyalada hithan inne..oakaya merenna hadanawa..gahapiya arjuna aiye okata 👎 💢,hate,Facebook,pissu huththoo..ranganala giyata passe tho thamaii hiru ake pora kiyalada hithan inne..oakaya merenna hadanawa..gahapiya arjuna aiye okata,17
C1921,Dan honda baba wage ❤️,neutral,Facebook,dan honda baba wage,4
C1922,Ane manda ithin,neutral,Facebook,ane manda ithin,3
C1923,Mekath abbahi unoth suduwakma thama.,neutral,Facebook,mekath abbahi unoth suduwakma thama.,5
C1924,Hari bn ela ð 🙏 👍,neutral,Facebook,hari bn ela ð,4
C1925,Nodakin patta wesi,hate,Facebook,nodakin patta wesi,3
C1926,Maha gonpart ekak ne meka 🤬,hate,Facebook,maha gonpart ekak ne meka,5
C1927,Ara wassiyo tikata mahum ddanda unada dannaa. Ranja awitne,offensive,Facebook,ara wassiyo tikata mahum ddanda unada dannaa. ranja awitne,9
C1928,Kadawala kulee gewagena kada karala pement ekee a baduma aduwata denawa laba labane permant ekee ekada kade ekada __,neutral,Facebook,kadawala kulee gewagena kada karala pement ekee a baduma aduwata denawa laba labane permant ekee ekada kade ekada __,19
C1929,Heen bovitiya hodai awoth denna puluwan,neutral,Facebook,heen bovitiya hodai awoth denna puluwan,6
C1930,Gota kenna Borumai,neutral,Facebook,gota kenna borumai,3
C1931,Chamundita obalata wada wedagath yamalla ganika madamakata,offensive,Facebook,chamundita obalata wada wedagath yamalla ganika madamakata,7
C1932,Ayyooooo ..Heminenavaað©ð©ð©,neutral,Facebook,ayyoo ..Heminenavaað ð ð,4
C1934,Hoda wade bollo hukana wesitaððð,hate,Facebook,hoda wade bollo hukana wesitaððð,5
C1935,Ella as wiya youthui ❤️,neutral,Facebook,ella as wiya youthui,4
C1936,Athulage loku baba ta 25y joniage mongalaata 19 ponnaya chirantha 23 thadi gon wassi samitha vesita 52 kay 😠,hate,Facebook,athulage loku baba ta 25y joniage mongalaata 19 ponnaya chirantha 23 thadi gon wassi samitha vesita 52 kay,18
C1937,Badapu minihalage ellenda ena ganu mewata waga kiyanna oni.,neutral,Facebook,badapu minihalage ellenda ena ganu mewata waga kiyanna oni.,9
C1938,Gu kapan jvp 🙄,offensive,Facebook,gu kapan jvp,3
C1939,Moda janatavata ova vadakna unta tava mokak unath jayaveva kiyai untama 😑 🙄,offensive,Facebook,moda janatavata ova vadakna unta tava mokak unath jayaveva kiyai untama,11
C1940,Gihi jiwithaye mage podi Putha.__,neutral,Facebook,gihi jiwithaye mage podi Putha.__,5
C1941,Ape aya awasan tharage dinnam oya okkotama uththara hambaii 🙏 👍,neutral,Facebook,ape aya awasan tharage dinnam oya okkotama uththara hambaii,9
C1942,Kanagatu wenna epa duwa oyata drviyo balanawa,neutral,Facebook,kanagatu wenna epa duwa oyata drviyo balanawa,7
C1943,Ammapa shik oka karannna ekek nane me rate uwa diwiyaloke gihin niwanuth daki appa e karana kusalayata samana karanna kusalayak thawa nathiwai me loke,neutral,Facebook,ammapa shik oka karanna ekek nane me rate uwa diwiyaloke gihin niwanuth daki appa e karana kusalayata samana karanna kusalayak thawa nathiwai me loke,24
C1944,Malshani Sewwandi __ vimukthiya tipar karala chocolate kewa mn athi wenna hebei ube pihiten ___,neutral,Facebook,malshani sewwandi __ vimukthiya tipar karala chocolate kewa mn athi wenna hebei ube pihiten __,15
C1945,Iya kawda me........ mun ge pissu weda hinda ape rata tama keta wenne..... rata kana topi wage harak.... inakan... 😡,hate,Facebook,iya kawda me.. mun ge pissu weda hinda ape rata tama keta wenne.. rata kana topi wage harak.. inakan..,19
C1946,Top 10 ara hora takkadiya mahindanandata kiyanda oney. Deng umbala thamai lankawe inna kamba horu.mekata umbala wandhi gewenda weneva,offensive,Facebook,top 10 ara hora takkadiya mahindanandata kiyanda oney. deng umbala thamai lankawe inna kamba horu.mekata umbala wandhi gewenda weneva,19
C1947,mahi wage ponnayoo nathi karanna sap eka dennawa ekenma ahâ,hate,Facebook,mahi wage ponnayoo nathi karanna sap eka dennawa ekenma ahâ,10
C1948,A apthaya gona wage kaka geta wela gon thadichchita gaghaennawa nodakin ponna rala 🤬,hate,Facebook,a apthaya gona wage kaka geta wela gon thadichchita gaghaennawa nodakin ponna rala,13
C1949,Pala balli u kiwe atta,hate,Facebook,pala balli u kiwe atta,5
C1950,Meka karanne kohomada kiyala video ekak danne nadda 😊,neutral,Facebook,meka karanne kohomada kiyala video ekak danne nadda,8
C1951,mun hari asawen inne adagahapu gaman sari galawanna wesiyo,hate,Facebook,mun hari asawen inne adagahapu gaman sari galawanna wesiyo,9
C1952,Uba wage Gon wesiyek toge huhtaa kunu wela ynna ona,hate,Facebook,uba wage gon wesiyek toge huhtaa kunu wela ynna ona,10
C1953,Apoo tv1 pen nh ne ...sirase pennpllako __,neutral,Facebook,apoo tv1 pen nh ne ..sirase pennpllako __,8
C1954,Ane bola sakkili premas tho oya gumuke redenne nedda bole jara jara gala kiyavanne amude revagana aneka beheth hora ragedeya unp avajathakasakili thopila ge. 🙄,offensive,Facebook,ane bola sakkili premas tho oya gumuke redenne nedda bole jara jara gala kiyavanne amude revagana aneka beheth hora ragedeya unp avajathakasakili thopila ge.,24
C1956,Mewa thiyana widiyata keedawasak thiyaganna puluwan weida ape moda noogathun ekka.,neutral,Facebook,mewa thiyana widiyata keedawasak thiyaganna puluwan weida ape moda noogathun ekka.,11
C1957,Muwa dammala me karanne .. siini (sugar) case ekata yana mahajana awadaanaya kadanna kiyala oyaala therum ganda. Muu oona payyak dodawapuden. Siini (sugar) horakama Kooti 1500 kata wediy. 🙄,offensive,Facebook,muwa dammala me karanne .. siini (sugar) case ekata yana mahajana awadaanaya kadanna kiyala oyaala therum ganda. muu oona payyak dodawapuden. siini (sugar) horakama kooti 1500 kata wediy.,28
C1959,Me uththala ballo wage ð ð ð ð,offensive,Facebook,me uththala ballo wage ð ð ð ð,8
C1960,Manussakama danna aye 😊,neutral,Facebook,manussakama danna aye,3
C1961,Game gahapan aiya api gannaw,neutral,Facebook,game gahapan aiya api gannaw,5
C1962,Den thiyena songs ekka baladdi methakadi asawen balapu ekama song eka ✨ 😊,neutral,Facebook,den thiyena songs ekka baladdi methakadi asawen balapu ekama song eka,11
C1964,Me gothaya mokadda me ❤️,neutral,Facebook,me gothaya mokadda me,4
C1965,Keri huthika puthala inne,hate,Facebook,keri huthika puthala inne,4
C1967,Ehema thama inna ona. 😊,neutral,Facebook,ehema thama inna ona.,4
C1969,A dannage sathuta nam anith ayata mokada .hamadama sathutin enna.,neutral,Facebook,a dannage sathuta nam anith ayata mokada .hamadama sathutin enna.,10
C1971,Lankawe Thibicha baage tath wede dunna wage thaatha 😊 🙏,neutral,Facebook,lankawe thibicha baage tath wede dunna wage thaatha,8
C1972,Boru gurukam karanawa minissu andagena.. hora samma sadula,offensive,Facebook,boru gurukam karanawa minissu andagena.. hora samma sadula,8
C1973,Current bill eka gewapan whottoð¡,neutral,Facebook,current bill eka gewapan whottoð¡,5
C1974,Karapu paw gewanna wenawa.,neutral,Facebook,karapu paw gewanna wenawa.,4
C1975,Gon sirisena karannema oya wage weda aparade janatavage salli,hate,Facebook,gon sirisena karannema oya wage weda aparade janatavage salli,9
C1976,Karolaein maha weseyik,offensive,Facebook,karolaein maha weseyik,3
C1977,Kauru varaddi kalath daduvan anivaren diya yuthui ..bala daraini obe avadanaya pinisai... ✨ 😊,neutral,Facebook,kauru varaddi kalath daduvan anivaren diya yuthui ..bala daraini obe avadanaya pinisai..,12
C1978,Dan salli nadda ðð ❤️,neutral,Facebook,dan salli nadda ðð,4
C1979,MENNA MUSLIM MAS WADDHOð¡ Pahara balla,hate,Facebook,menna muslim mas WADDHOð¡ pahara balla,6
C1980,Duwa huth danna paiyakuth ne 👎,hate,Facebook,duwa huth danna paiyakuth ne,5
C1981,sakkili thambi meka arabiya kiyala hithan atthe.,hate,Facebook,sakkili thambi meka arabiya kiyala hithan atthe.,7
C1982,Meka aluth product launch ekak karanna gahapu AD ekak,neutral,Facebook,meka aluth product launch ekak karanna gahapu ad ekak,9
C1983,Rwathe kari samithahota josa dunna mongalayek chiranthayagen oiu deke ekek thota moadauwoada thel mada arapu athinneho me kaana laggawata ganu sanhathiyatama thopuourala marenna ona i athinny thu nodakin pata gnona,hate,Facebook,rwathe kari samithahota josa dunna mongalayek chiranthayagen oiu deke ekek thota moadauwoada thel mada arapu athinneho me kaana laggawata ganu sanhathiyatama thopuourala marenna ona i athinny thu nodakin pata gnona,30
C1984,Mara akke niyamaii elâ¤ï¸â¤ï¸ ✨,neutral,Facebook,mara akke niyamaii elâ¤ï¸â¤ï¸,4
C1985,Caption eka english walin dala kollo form karanna epa yako 🙏,neutral,Facebook,caption eka english walin dala kollo form karanna epa yako,10
C1986,Apa uthum janadipathi uthum uthum uthum thruwan saranai digasiri ð·ð¤´ð·ð¤²ð»ððððððððððððððððððâ¤ï¸â¤ï¸â¤ï¸â¤ï¸â¤ï¸â¤ï¸â¤ï¸â¤ï¸â¤ï¸â¤ï¸â¤ï¸ð·ð·ð·ð·ð·ð·ð·ð·ð·ð·ð·ðð¤²ð»ð¤²ð»ð¤²ð»ð¤²ð» 🌸 🌸,neutral,Facebook,apa uthum janadipathi uthum uthum uthum thruwan saranai digasiri ð·ð¤´ð·ð¤²ð»ððððððððððððððððððâ¤ï¸â¤ï¸â¤ï¸â¤ï¸â¤ï¸â¤ï¸â¤ï¸â¤ï¸â¤ï¸â¤ï¸â¤ï¸ð·ð·ð·ð·ð·ð·ð·ð·ð·ð·ð·ðð¤²ð»ð¤²ð»ð¤²ð»ð¤²ð»,10
C1987,Ko thawath kade yana baiyo ? ðð 👍,neutral,Facebook,ko thawath kade yana baiyo ? ðð,7
C1988,Aththatama clz eka godak hodai __ __ __ 🌸,neutral,Facebook,aththatama clz eka godak hodai __ __ __,8
C1989,8 pass sakkili Gota gobbaya 😒,offensive,Facebook,8 pass sakkili gota gobbaya,5
C1990,Ai ban unp un chandyakata baya kepuwat kola kiyana harak tama unp ekata kade yanne mokda meccara ratata kelawapu raniltane mun kade yanne lajjai bn,hate,Facebook,ai ban unp un chandyakata baya kepuwat kola kiyana harak tama unp ekata kade yanne mokda meccara ratata kelawapu raniltane mun kade yanne lajjai bn,25
C1991,wesa ganiyek mekinam 🙄,offensive,Facebook,wesa ganiyek mekinam,3
C1992,puka di nasi kolloð¤£,offensive,Facebook,puka di nasi kolloð¤£,4
C1993,Matara hot news oya level akata wetenna epa please,neutral,Facebook,matara hot news oya level akata wetenna epa please,9
C1994,Manasika rogayak thiyenawa apoo ape lamainuth hadha ganna beri wei me belli nisa 😑,offensive,Facebook,manasika rogayak thiyenawa apoo ape lamainuth hadha ganna beri wei me belli nisa,13
C1995,Oya salliwelata karana wada kalakanni okun gana awadanayen sitinna 💢 😠,hate,Facebook,oya salliwelata karana wada kalakanni okun gana awadanayen sitinna,9
C1996,Ilage rata janadipethi fonsekað¤£ð¤£ð¤£ð¤£ð¤£katin bateale harenewa mun aurudu. 5k kore keruwawe madaii 👍,neutral,Facebook,ilage rata janadipethi fonsekað¤£ð¤£ð¤£ð¤£ð¤£katin bateale harenewa mun aurudu. 5k kore keruwawe madaii,12
C1997,Bauddayo higa kanwne 😠,hate,Facebook,bauddayo higa kanwne,3
C1998,Ane hukee ð¡ð¡ huttiyak,offensive,Facebook,ane hukee ð¡ð¡ huttiyak,4
C1999,Me wage math pethi kohomada ape ratta enne..munta wedi thiyala danna thiyenne 😤,offensive,Facebook,me wage math pethi kohomada ape ratta enne..munta wedi thiyala danna thiyenne,12
C2001,Mama nathiwa photo dapu thopita hodak wennepa,neutral,Facebook,mama nathiwa photo dapu thopita hodak wennepa,7
C2002,Adarayata wayasa balapaannah eth thamanta loku kasadabadina wayase lamain innawanam yaluwenakota poddak wayasa balala yaluwenna one Nathan lamainta eka balapanawa eth ithin janapriya ayatanam oka ganak nah kamannah subapathanawa dennatama 👍,neutral,Facebook,adarayata wayasa balapaannah eth thamanta loku kasadabadina wayase lamain innawanam yaluwenakota poddak wayasa balala yaluwenna one nathan lamainta eka balapanawa eth ithin janapriya ayatanam oka ganak nah kamannah subapathanawa dennatama,30
C2003,Ape mahattayata puke arino,offensive,Facebook,ape mahattayata puke arino,4
C2004,Kohomath pushpikata methanadi karapu de iriyawata karapu asadaranayak kiyalapahadili,neutral,Facebook,kohomath pushpikata methanadi karapu de iriyawata karapu asadaranayak kiyalapahadili,9
C2005,Drama mix wela mathaka ne me mohoke kotasakda kiyala__ 😊,neutral,Facebook,drama mix wela mathaka ne me mohoke kotasakda kiyala__,9
C2006,Bro uba katavath baya venna one ne oya ponnayo ekka heppenna yanna epa pohiyakinvath enala dai,hate,Facebook,bro uba katavath baya venna one ne oya ponnayo ekka heppenna yanna epa pohiyakinvath enala dai,16
C2007,Aka thama me wage akeak hitiyama athi ❤️,neutral,Facebook,aka thama me wage akeak hitiyama athi,7
C2008,Malinga dakkoth waha kavii ____,neutral,Facebook,malinga dakkoth waha kavii __,5
C2009,Moda wesa kello 😑,offensive,Facebook,moda wesa kello,3
C2010,Allha nabi thuma vesa ponyek 😒,offensive,Facebook,allha nabi thuma vesa ponyek,5
C2012,Danma katamatha nododa inna eka hondai.,neutral,Facebook,danma katamatha nododa inna eka hondai.,6
C2014,Ledek nemei ubata puke arala tired wela,offensive,Facebook,ledek nemei ubata puke arala tired wela,7
C2015,Anee pala musaliii.mage aiyt wage mehem deyk karanam maranwa balli.mam kellek widiyt mem katha karn hati waradiii.eth thota bnin wachana naa..nodakin mam 4n uus karanne awrudu 21dii.ekak on lin cz ynn genawe.,hate,Facebook,anee pala musalii.mage aiyt wage mehem deyk karanam maranwa balli.mam kellek widiyt mem katha karn hati waradii.eth thota bnin wachana naa..nodakin mam 4n uus karanne awrudu 21dii.ekak on lin cz ynn genawe.,32
C2017,Ane ban baila gahanawanee. Sakk 👍,neutral,Facebook,ane ban baila gahanawanee. sakk,5
C2018,rajapassala banga wewa____,offensive,Facebook,rajapassala banga wewa__,3
C2019,Holman pile Amu HARAKEK. 👎,hate,Facebook,holman pile amu HARAKEK.,4
C2020,Kawda bn me gona,hate,Facebook,kawda bn me gona,4
C2021,Kurunagala gas tika ewarai,neutral,Facebook,kurunagala gas tika ewarai,4
C2022,oya eana sanchrako gedaeinna ganu topee julla videsekaynta puoka dannakiyapan rate amtelage,hate,Facebook,oya eana sanchrako gedaeinna ganu topee julla videsekaynta puoka dannakiyapan rate amtelage,12
C2024,Fb walenyaluwena ayata honda padamak,neutral,Facebook,fb walenyaluwena ayata honda padamak,5
C2025,Ponnayo danne kellek aduwa gaman laga inna kollekta Allan gahanna witharai.,hate,Facebook,ponnayo danne kellek aduwa gaman laga inna kollekta allan gahanna witharai.,11
C2026,angavikala jeewithað¤®ð¤®ð¤®,offensive,Facebook,angavikala jeewithað¤ ð¤ ð¤,4
C2027,Palayan nande. Ratama kapu awalama,hate,Facebook,palayan nande. ratama kapu awalama,5
C2028,Mata hinava navathaganna beh ne 😊 🙏,neutral,Facebook,mata hinava navathaganna beh ne,5
C2029,Malli kawdawt katolik aya balu weda karanna,neutral,Facebook,malli kawdawt katolik aya balu weda karanna,7
C2030,Dawas 14 k idala parisamen gedara yanna ð 🌸,neutral,Facebook,dawas 14 k idala parisamen gedara yanna ð,8
C2031,ane malli mage <br />Miniha army eke ekata genu 50.k vithara inna we apita padiya denna ea nisa mama rata idan lamai schoole yawanne api unta daspin oya ballanta belliyanta diyo sapawenawa ape Papua aviluna gindara,hate,Facebook,ane malli mage <br />Miniha army eke ekata genu 50.k vithara inna we apita padiya denna ea nisa mama rata idan lamai schoole yawanne api unta daspin oya ballanta belliyanta diyo sapawenawa ape papua aviluna gindara,36
C2032,Karuma nalikawe balana un 🙂,neutral,Facebook,karuma nalikawe balana un,4
C2033,ko ara gota nariya,offensive,Facebook,ko ara gota nariya,4
C2034,Yako wesiyo thota therenne nedda .aran yanne maranna nemei .thopiwa polim danna,hate,Facebook,yako wesiyo thota therenne nedda .aran yanne maranna nemei .thopiwa polim danna,12
C2035,Mee vage keri ganunta hodak venna hodana 😒,offensive,Facebook,mee vage keri ganunta hodak venna hodana,7
C2036,Lakawa winasa krna gon huththi thoge baduwa kunuwela mriyan wesi podi ekk hdnnagnna ne lnkawe sadashare knwa wesii tho 💢 🤬,hate,Facebook,lakawa winasa krna gon huththi thoge baduwa kunuwela mriyan wesi podi ekk hdnnagnna ne lnkawe sadashare knwa wesii tho,19
C2037,Niyamai para demala hathta,hate,Facebook,niyamai para demala hathta,4
C2038,Nodakin Thota hena wadee samajema kanawat 😤,offensive,Facebook,nodakin thota hena wadee samajema kanawat,6
C2039,Mawa dannawada ai ane eda eda room giye.....raa nisa penne nathuwa athi ____,neutral,Facebook,mawa dannawada ai ane eda eda room giye..raa nisa penne nathuwa athi __,13
C2040,Aiyo aiyo bodubala bala,neutral,Facebook,aiyo aiyo bodubala bala,4
C2041,Kamba horek mu 🙏 👍,neutral,Facebook,kamba horek mu,3
C2042,Isselama ubala horakn karpu Dollar tika genath dapan pako,neutral,Facebook,isselama ubala horakn karpu dollar tika genath dapan pako,9
C2043,Kohlit daddi poddak case wuna cuddahÊ__ ❤️,neutral,Facebook,kohlit daddi poddak case wuna cuddahÊ__,6
C2044,Ubalata hena gahanna thaniyama nema pawula pitin kelawila yanna sakkili 🤬,hate,Facebook,ubalata hena gahanna thaniyama nema pawula pitin kelawila yanna sakkili,10
C2045,Dahami Perera english clz hodai ne___ ✨,neutral,Facebook,dahami perera english clz hodai ne__,6
C2046,Hemadaama un karanne hora karana ekane,neutral,Facebook,hemadaama un karanne hora karana ekane,6
C2047,Mona wage ganiyakda me.,offensive,Facebook,mona wage ganiyakda me.,4
C2048,Lankawa pinata pahala una janapathii,neutral,Facebook,lankawa pinata pahala una janapathii,5
C2049,Hi Namal Ayya.....komda....ðð,neutral,Facebook,hi namal Ayya..komda..ðð,3
C2050,Kawd me papadama __,neutral,Facebook,kawd me papadama __,4
C2051,Monawa genawath ape kalakanni minissu masen deken kanawa.,hate,Facebook,monawa genawath ape kalakanni minissu masen deken kanawa.,8
C2052,Meki guruwariyakda lamainta ugannanna me erisiyawada Thu...nodakin 🙄,offensive,Facebook,meki guruwariyakda lamainta ugannanna me erisiyawada Thu..nodakin,7
C2053,Nooodakin wal wesa geni,offensive,Facebook,noodakin wal wesa geni,4
C2054,"Hunu. Gal. Nidi. Thiyenawa. Pojja. Pitiya. Ehe. Patthen. Digatama. Thiyenawa. Ampitiya. Haraha. Digatama. , S. B. DISANAYAKE. ME. YALAGE. PATTHE. KAPU. LIYADDE. ME. HAMATHANAMA. THITENAWA.",neutral,Facebook,"Hunu. Gal. Nidi. Thiyenawa. Pojja. Pitiya. Ehe. Patthen. Digatama. Thiyenawa. Ampitiya. Haraha. Digatama. , S. B. DISANAYAKE. ME. YALAGE. PATTHE. KAPU. LIYADDE. ME. HAMATHANAMA. THITENAWA.",25
C2055,Ana tummodar prdasayasahanna kudu thiyanawa hanwalla nathna avissawalla polesiyata api keyanawa ma gana goyala balanna 😊,neutral,Facebook,ana tummodar prdasayasahanna kudu thiyanawa hanwalla nathna avissawalla polesiyata api keyanawa ma gana goyala balanna,15
C2056,Math enwa oi ponnyo mokkuda,offensive,Facebook,math enwa oi ponnyo mokkuda,5
C2057,Hansaka Prasad oi oi mathakad eka dawasak me wage wadk unaa ____,neutral,Facebook,hansaka prasad oi oi mathakad eka dawasak me wage wadk unaa __,12
C2058,Mekat Chanda gunduwakda danne naha,neutral,Facebook,mekat chanda gunduwakda danne naha,5
C2059,Harima kenava mention krala______,neutral,Facebook,harima kenava mention krala__,4
C2060,Lejja nathi heti muntaâ¹ï¸ ❤️,neutral,Facebook,lejja nathi heti muntaâ¹ï¸,4
C2061,Meka magull geyak nema badu pott ekak,offensive,Facebook,meka magull geyak nema badu pott ekak,7
C2062,"Anthima kathai wade, lajjai ð wadagath piliwelata karanna thibunað 🙂",neutral,Facebook,"anthima kathai wade, lajjai ð wadagath piliwelata karanna thibunað",9
C2063,Hmm ranil hora kapithan kenek._____ keeyala karapu labbak na.hora guhawak 🙄,offensive,Facebook,hmm ranil hora kapithan kenek.__ keeyala karapu labbak na.hora guhawak,10
C2064,Munta wena kathakarranna deyak na kalaknni,offensive,Facebook,munta wena kathakarranna deyak na kalaknni,6
C2065,Jvi kiyanneth lokanhoru 🙄,offensive,Facebook,jvi kiyanneth lokanhoru,3
C2067,Hoda henayak path wenna kiyala thamai prarthanawa,neutral,Facebook,hoda henayak path wenna kiyala thamai prarthanawa,7
C2068,Eekenuth horakan karannada kalpanawa ❤️,neutral,Facebook,eekenuth horakan karannada kalpanawa,4
C2069,Corona hadilath Ara gani marune na 😤,offensive,Facebook,corona hadilath ara gani marune na,6
C2070,Atha paya pananethiweyan,neutral,Facebook,atha paya pananethiweyan,3
C2071,Ganu wela thawa ganiyekta karana jara wadee.mona tharam jara minissuda ape rate inne.,offensive,Facebook,ganu wela thawa ganiyekta karana jara wadee.mona tharam jara minissuda ape rate inne.,13
C2072,Electricty bila gewwada?,neutral,Facebook,electricty bila gewwada?,3
C2073,Piumi thamuse nisa hodata inna genu apeth nambuwa neti wenawa.ealiye dan innawa madiwata kiyana katha.thamuse chatar halo molayak ne oheta innawako lassanata.,offensive,Facebook,piumi thamuse nisa hodata inna genu apeth nambuwa neti wenawa.ealiye dan innawa madiwata kiyana katha.thamuse chatar halo molayak ne oheta innawako lassanata.,22
C2075,Anee mee apitath oyage wayase nangi kenek innawa hebei Tik tok karanne yakoo..onama manussayek karanawa kiwwe ubata mongalada pissuu ne 🙄,offensive,Facebook,anee mee apitath oyage wayase nangi kenek innawa hebei tik tok karanne yakoo..onama manussayek karanawa kiwwe ubata mongalada pissuu ne,20
C2076,Pala ponna ranil,hate,Facebook,pala ponna ranil,3
C2077,Ape eha paththe gedr sirawatama sadamali kyla kenek innwa____ 😊,neutral,Facebook,ape eha paththe gedr sirawatama sadamali kyla kenek innwa__,9
C2079,Pisssu mala honthuwa,offensive,Facebook,pissu mala honthuwa,3
C2080,me wage dahadura weda karana un aniearyenma wayasata yanakota manasika keddu wenawa,offensive,Facebook,me wage dahadura weda karana un aniearyenma wayasata yanakota manasika keddu wenawa,12
C2081,ubalata itath eha widawanna labenna ona patta Balu amathila,offensive,Facebook,ubalata itath eha widawanna labenna ona patta balu amathila,9
C2082,Apita pena cenal akak dapan 👍,neutral,Facebook,apita pena cenal akak dapan,5
C2083,Renna thiyena puka denna epa wesiye,hate,Facebook,renna thiyena puka denna epa wesiye,6
C2084,harak amathila 225k athi krnwaneh lankawe____,hate,Facebook,harak amathila 225k athi krnwaneh lankawe__,6
C2086,munta eka miniyek madi ekai 😑,offensive,Facebook,munta eka miniyek madi ekai,5
C2087,mahinda mahaththaya garahana garahilla niwata jathiyak mun..... ara dawaswala paraka yanna ne bomba pupuranawa.. hamuduruwaru lamai keedahak maruwada... l.t.t.e thibunada kiyalawath mathaka ne...,hate,Facebook,mahinda mahaththaya garahana garahilla niwata jathiyak mun.. ara dawaswala paraka yanna ne bomba pupuranawa.. hamuduruwaru lamai keedahak maruwada.. l.t.t.e thibunada kiyalawath mathaka ne..,23
C2088,Rata kanne desapaluwoi.badapu dawasema wateyana wesa badui.nodakin,offensive,Facebook,rata kanne desapaluwoi.badapu dawasema wateyana wesa badui.nodakin,7
C2089,Lankawee Humana tv,neutral,Facebook,lankawee humana tv,3
C2090,HDL (hoda cholestrol ) wadi wena kama knn.,neutral,Facebook,hdl (hoda cholestrol ) wadi wena kama knn.,8
C2091,Apeksha Fernando gahanne nah...rawanwa..ekata ma diya wela wetenwa,neutral,Facebook,apeksha fernando gahanne nah..rawanwa..ekata ma diya wela wetenwa,8
C2092,Megamana maraganna bari unane tama,offensive,Facebook,megamana maraganna bari unane tama,5
C2093,Ammo aeththatama lassnai.______ happy birthday ________ thadi aiyee,neutral,Facebook,ammo aeththatama lassnai.__ happy birthday __ thadi aiyee,8
C2094,Oya haluwen innakota oita wadiya lassana athi nada akka.,offensive,Facebook,oya haluwen innakota oita wadiya lassana athi nada akka.,9
C2095,Munwa thami ara bag wala daala arinna ona.louwa nathi paaharayo.. 🙄,offensive,Facebook,munwa thami ara bag wala daala arinna ona.louwa nathi paaharayo..,10
C2096,Ado harak petiya wage prashna ahanna epa chamudika tho wage in thamai anthawadi prashna ahanna,hate,Facebook,ado harak petiya wage prashna ahanna epa chamudika tho wage in thamai anthawadi prashna ahanna,15
C2097,Ubata chathurikagen kollek am upadinna apaaa,offensive,Facebook,ubata chathurikagen kollek am upadinna apaa,6
C2098,thopila hedigewila yanna one..kalakanni hamba heththa,hate,Facebook,thopila hedigewila yanna one..kalakanni hamba heththa,6
C2099,Background sangeethaya nm galapenwa maruwta,neutral,Facebook,background sangeethaya nm galapenwa maruwta,5
C2100,Aruta coronada koheda,neutral,Facebook,aruta coronada koheda,3
C2101,Adare ona una kiyala lamayek bendagena hariyanawada. Mewata congratulations kiyanna hoda ne. Paw itin mewa adarshayata ganna lamai. ❤️,neutral,Facebook,adare ona una kiyala lamayek bendagena hariyanawada. mewata congratulations kiyanna hoda ne. paw itin mewa adarshayata ganna lamai.,18
C2102,Sinisena Hemaekemma.. 1.ka HORAKAMENUTH No.. 01..,offensive,Facebook,sinisena Hemaekemma.. 1.ka horakamenuth No.. 01..,6
C2103,Ponnaya tho ratat saapayak... kagehari atamagalayak vikunan kaapan.. tho meetavediya ammawa vikunapan ponsiya.. views hinganna 😡,hate,Facebook,ponnaya tho ratat saapayak.. kagehari atamagalayak vikunan kaapan.. tho meetavediya ammawa vikunapan ponsiya.. views hinganna,15
C2104,unp ballan passe yanaun me ratarekaganna jathiya rekaganna agama rekaganna ona un nemei 😠,hate,Facebook,unp ballan passe yanaun me ratarekaganna jathiya rekaganna agama rekaganna ona un nemei,13
C2105,Ara miniha oxygen nethuwa merenne,neutral,Facebook,ara miniha oxygen nethuwa merenne,5
C2106,Idakin ponna wesiyo denna. Lankawema redda galewwane haththilawwe. Wili lajjai yakow. 😠,hate,Facebook,idakin ponna wesiyo denna. lankawema redda galewwane haththilawwe. wili lajjai yakow.,11
C2107,Apaya suwa labewa ð¤®,neutral,Facebook,apaya suwa labewa ð¤,4
C2108,my kata hariyat boru kiyanne muta hena gahanne one boru kiyane balla hariyat pr.uttara dipan yako. 😡,hate,Facebook,my kata hariyat boru kiyanne muta hena gahanne one boru kiyane balla hariyat pr.uttara dipan yako.,16
C2109,Wal sakkili naki Ranilo... tho monawada oya kiyaeanna. Owa ape rata ta adala ne. Tho inne engalanthe da? Tho him a wevi jokes dala katha karanne. Thota sathutuda?,hate,Facebook,wal sakkili naki Ranilo.. tho monawada oya kiyaeanna. owa ape rata ta adala ne. tho inne engalanthe da? tho him a wevi jokes dala katha karanne. thota sathutuda?,28
C2111,hambayoi demalui ape rata winasa karanawa 👎,hate,Facebook,hambayoi demalui ape rata winasa karanawa,6
C2112,Kauda malli me..ð©ð©ð©ð©ð© guu goda 😤,offensive,Facebook,kauda malli me..ð ð ð ð ð guu goda,9
C2113,Dilrukshi Prabodhani ape gdr____ Thama ehmd? _____,neutral,Facebook,dilrukshi prabodhani ape gdr__ thama ehmd? __,7
C2114,Bath eka Thba kiyala thibbanam thawa maru,neutral,Facebook,bath eka thba kiyala thibbanam thawa maru,7
C2115,"Meke full program eka baluwanam, Milan kiyannege Moda kama penenawa. Pohottuwe sankethaya modakama, waachalakamai, uddachcha kamai. Api manthreenta gewal dena eka nathara karamu 😑",offensive,Facebook,"meke full program eka baluwanam, milan kiyannege moda kama penenawa. pohottuwe sankethaya modakama, waachalakamai, uddachcha kamai. api manthreenta gewal dena eka nathara karamu",23
C2116,Data limit karalane social media wala ____ 🙂,neutral,Facebook,data limit karalane social media wala __,7
C2117,Lajjai me competition eka gana,neutral,Facebook,lajjai me competition eka gana,5
C2118,Chula uba rata watetama chu kara,offensive,Facebook,chula uba rata watetama chu kara,6
C2119,! Kalakanni thopita dn wenasa sepada?apida sirawa genawe?wesa heththata rate thiyena wena kisima prashnayak lokuth ne mathakath ne ponna unp heththa 😠 👎,hate,Facebook,! kalakanni thopita dn wenasa sepada?apida sirawa genawe?wesa heththata rate thiyena wena kisima prashnayak lokuth ne mathakath ne ponna unp heththa,21
C2120,Palayan wesiye ganna thopi wage keri wesiyoo 🤬,hate,Facebook,palayan wesiye ganna thopi wage keri wesiyoo,7
C2121,E kale apith nagala photo gtha patta hoda set ekak 90 degrees team eka 2016__,neutral,Facebook,e kale apith nagala photo gtha patta hoda set ekak 90 degrees team eka 2016__,15
C2122,Aubowan Rajitha putha. obata chiran jayathu.Theruwan sarani. 👍,neutral,Facebook,aubowan rajitha putha. obata chiran jayathu.Theruwan sarani.,7
C2123,Apo chula.. oya mara kuhakai karoline oya itat wada kuhakai,offensive,Facebook,apo chula.. oya mara kuhakai karoline oya itat wada kuhakai,10
C2124,Yako gon athal denna epa..karolain wesa weda kRanna epa yako..,hate,Facebook,yako gon athal denna epa..karolain wesa weda kranna epa yako..,10
C2125,Ranil Rajapaksha. Thota jana waramak ne. Maha bank hora. Hena wedila meriyan 😤,offensive,Facebook,ranil Rajapaksha. thota jana waramak ne. maha bank hora. hena wedila meriyan,12
C2126,Wesa Badu huththiyo lankawata lejjawak mun hukala maranna ona munwa,hate,Facebook,wesa badu huththiyo lankawata lejjawak mun hukala maranna ona munwa,10
C2127,Thopi innakan merata hadanna ba 😑,offensive,Facebook,thopi innakan merata hadanna ba,5
C2128,Baladarin me satha diha balala wedanawa therum aran athage kakula saneepa karanna prathikara karapalla henagahanawa yako inna niladari mathi amathi waru thopita therenne nadda me atha vidinawa duka sobadahama nathuwa minissunta jeewath _____ ba bolau,neutral,Facebook,baladarin me satha diha balala wedanawa therum aran athage kakula saneepa karanna prathikara karapalla henagahanawa yako inna niladari mathi amathi waru thopita therenne nadda me atha vidinawa duka sobadahama nathuwa minissunta jeewath __ ba bolau,35
C2129,Oka boru kiyane boru okawa hire dapiyu balla boru kiyanne,hate,Facebook,oka boru kiyane boru okawa hire dapiyu balla boru kiyanne,10
C2130,Ounta corona hedila meranna one,offensive,Facebook,ounta corona hedila meranna one,5
C2131,"Kohomath adum adinne nane ban,rate nithiyata awanatha weyan gon wassi",hate,Facebook,"kohomath adum adinne nane ban,rate nithiyata awanatha weyan gon wassi",10
C2132,Apahu enna kiyala thiyenawane ao dekakuth dagena,neutral,Facebook,apahu enna kiyala thiyenawane ao dekakuth dagena,7
C2134,Ado goo kaapu thadiya oya ganja baila nawatthapang,offensive,Facebook,ado goo kaapu thadiya oya ganja baila nawatthapang,8
C2135,Moko wenasak ema welada danma__,neutral,Facebook,moko wenasak ema welada danma__,5
C2136,Wal pukayo kello lamgata genwanawa,offensive,Facebook,wal pukayo kello lamgata genwanawa,5
C2137,Eeya aiye munta pissu hadilada appiriyawe ba .. Ane dewiyanee mun ape rata neda mehema winasa karanna hadanne .. Jara saththu .. ð£ð£,hate,Facebook,eeya aiye munta pissu hadilada appiriyawe ba .. ane dewiyanee mun ape rata neda mehema winasa karanna hadanne .. jara saththu .. ð£ð£,23
C2139,Ponnayo 33k unlike kara etha. 😠,hate,Facebook,ponnayo 33k unlike kara etha.,5
C2140,Kerolin tho vesiyek tho kiyak salli gaththada patta belli uba loku amaruvaka vetenna yanne,hate,Facebook,kerolin tho vesiyek tho kiyak salli gaththada patta belli uba loku amaruvaka vetenna yanne,14
C2141,para thambiyo thowa kanawa,hate,Facebook,para thambiyo thowa kanawa,4
C2142,Nodakin jvp buruwo mahinda janadipathi wenna issella fonseka hamudawe nemeda sakkili ballo.ai kalin ydde iwara kale naththe,offensive,Facebook,nodakin jvp buruwo mahinda janadipathi wenna issella fonseka hamudawe nemeda sakkili ballo.ai kalin ydde iwara kale naththe,17
C2143,Chik jara wedak kare.mona de unath tawa ganu knekwa apahasayakata path kra,neutral,Facebook,chik jara wedak kare.mona de unath tawa ganu knekwa apahasayakata path kra,12
C2144,Irisiyakarayo Wal ganu denna.. Mekata monawa Hari Karanna one. 😤,offensive,Facebook,irisiyakarayo wal ganu denna.. mekata monawa hari karanna one.,9
C2146,Ape gedara oya warga dekenma innawa..______ 😊,neutral,Facebook,ape gedara oya warga dekenma innawa..__,6
C2147,Ape mahaththaya dennada naththan,neutral,Facebook,ape mahaththaya dennada naththan,4
C2148,Mamath kemathi ape hamuduruwnta nayakakama ganna aragena rata hadanna sudusu oba wahansema thamai .oba wahanseta sakthiya. Dairiya labewa rata rakinna niduk nirogi ausa labewa budu saranai oba wahanseta ❤️ 🌸,neutral,Facebook,mamath kemathi ape hamuduruwnta nayakakama ganna aragena rata hadanna sudusu oba wahansema thamai .oba wahanseta sakthiya. dairiya labewa rata rakinna niduk nirogi ausa labewa budu saranai oba wahanseta,28
C2149,Pala wesi thoge demaupiyoth pau yako 💢,hate,Facebook,pala wesi thoge demaupiyoth pau yako,6
C2150,Bandula buruwo tho gihin balapiya sathosa badu thiyanawadakiyala,offensive,Facebook,bandula buruwo tho gihin balapiya sathosa badu thiyanawadakiyala,8
C2151,Meya bath kawana scene walata hariyatama galapeno neda...e maayama niyametama karanawa habai ahhh...__,neutral,Facebook,meya bath kawana scene walata hariyatama galapeno neda..e maayama niyametama karanawa habai ahh..__,13
C2152,Luxury Brand Ekak api heduwata Prashnayak na neh __,neutral,Facebook,luxury brand ekak api heduwata prashnayak na neh __,9
C2153,Ane pala patta wesiiii,hate,Facebook,ane pala patta wesii,4
C2154,Kovil 13 k kada dhamana kota obathumanla monawadha kare janathawata kiyanna ? . ❤️,neutral,Facebook,kovil 13 k kada dhamana kota obathumanla monawadha kare janathawata kiyanna ? .,13
C2156,Indiyava kiyanne jara ratak,offensive,Facebook,indiyava kiyanne jara ratak,4
C2157,Laksiri Wijenayaka mahinda mahathaya ga loku puthata tharaha gihin wagað 🙂,neutral,Facebook,laksiri wijenayaka mahinda mahathaya ga loku puthata tharaha gihin wagað,10
C2158,Samanallu goda ðððð 🙄,offensive,Facebook,samanallu goda ðððð,3
C2159,Ha karagena palauau topi wage un marennama one ballo ahinsaka minisunta gewal hadanne 😡,hate,Facebook,ha karagena palauau topi wage un marennama one ballo ahinsaka minisunta gewal hadanne,13
C2160,demala kariyantath keyanna thiyenne meka sinhala ratak keyana akai demalunta puka dena sinhala kariyantath ekkala thamai keyanna thiyenne meka 😠,hate,Facebook,demala kariyantath keyanna thiyenne meka sinhala ratak keyana akai demalunta puka dena sinhala kariyantath ekkala thamai keyanna thiyenne meka,19
C2161,Mhaloku upadidariyo kasebawai&ibebai haduna ganna bae borukiyanda epa oi owathe news da thawa thiyanawa wana kunu rate ewa oyandað¥ð¥ð¥ð¥ð¥ð¥,hate,Facebook,mhaloku upadidariyo kasebawai&ibebai haduna ganna bae borukiyanda epa oi owathe news da thawa thiyanawa wana kunu rate ewa oyandað¥ð¥ð¥ð¥ð¥ð¥,19
C2162,Ko me ganagediyo tika....,offensive,Facebook,ko me ganagediyo tika..,4
C2163,balu wadak<br /><br />onna ada idiyawa paradu na nm hari 🤬,hate,Facebook,balu wadak<br /><br />onna ada idiyawa paradu na nm hari,10
C2165,Menna hodama wesiyek,hate,Facebook,menna hodama wesiyek,3
C2166,athi yanthan eka lollek mala,offensive,Facebook,athi yanthan eka lollek mala,5
C2167,Me kudu karayanwa athadanguwata gaththa aparada ballanta hoda sapa phasu gayak arandanna thibba kariyanta bissnas karanna kala kanninta kanna dannama narakai okunwa allalamaranna nathuwa bambu gahanawa,hate,Facebook,me kudu karayanwa athadanguwata gaththa aparada ballanta hoda sapa phasu gayak arandanna thibba kariyanta bissnas karanna kala kanninta kanna dannama narakai okunwa allalamaranna nathuwa bambu gahanawa,26
C2168,Meka me magulak newe kudu badu wesa atal 1k iyaaaa filt,offensive,Facebook,meka me magulak newe kudu badu wesa atal 1k iyaa filt,11
C2169,Deepal Peiris thanakola kana eka nathara kara...api 🙂,neutral,Facebook,deepal peiris thanakola kana eka nathara kara..api,7
C2170,ane ganiye issellama hitapan inne koheda kiyala weradi tibunat ohomad hesirenne balapan ratawal wala minissu hina wena hati erisiyawa tope,offensive,Facebook,ane ganiye issellama hitapan inne koheda kiyala weradi tibunat ohomad hesirenne balapan ratawal wala minissu hina wena hati erisiyawa tope,20
C2171,Hoda wde accala talk krnn ynwt____ 🌸,neutral,Facebook,hoda wde accala talk krnn ynwt__,6
C2172,Hupan thambi pako ðâ 🙄,offensive,Facebook,hupan thambi pako ðâ,4
C2173,Meka shere karanna _______ nm thawath hoday,neutral,Facebook,meka shere karanna __ nm thawath hoday,7
C2174,Muvage ekek hora,offensive,Facebook,muvage ekek hora,3
C2175,Amma thathha dawanta atha wanala anna kiyanna natha ayalag mawu hoyagana anawa ithin,neutral,Facebook,amma thathha dawanta atha wanala anna kiyanna natha ayalag mawu hoyagana anawa ithin,13
C2176,Pissu huththiyek dakkath appiriyay 👎,hate,Facebook,pissu huththiyek dakkath appiriyay,4
C2177,And baya wechcha thramata mata hat atek haduna dan enne spirithale aennae balannaðºðºðºðºðº 🙏,neutral,Facebook,and baya wechcha thramata mata hat atek haduna dan enne spirithale aennae balannaðºðºðºðºðº,13
C2179,Caroline ge puka uda ghn wage,offensive,Facebook,caroline ge puka uda ghn wage,6
C2180,Bandara matthayo oyala welassa addars aka sms karanna..nethin emel aka hari sms karanna bs,neutral,Facebook,bandara matthayo oyala welassa addars aka sms karanna..nethin emel aka hari sms karanna bs,14
C2181,Ane hutto toge pukata wedi tiyANNE,offensive,Facebook,ane hutto toge pukata wedi tiyanne,6
C2182,konda pana nathi nayakayek api mehe pitaratawala enna vidiyak naa hirawela inne asarana minissu gana hithanne nathi borukarayek wena kisima rataka nathi neethi 🙄,offensive,Facebook,konda pana nathi nayakayek api mehe pitaratawala enna vidiyak naa hirawela inne asarana minissu gana hithanne nathi borukarayek wena kisima rataka nathi neethi,23
C2183,Pissuda whottika paco gota 😑 😤,offensive,Facebook,pissuda whottika paco gota,4
C2184,Adikaranayen reles karapu eka lamayo bandaara wela yanna une nethnam remand ekene inna wenne .ekata wada oka hodaine .lamaya gena hithala oye party ekata noya inna thibbe dress eken 3/4eragena holla holla giya eka aparaade 😡,hate,Facebook,adikaranayen reles karapu eka lamayo bandaara wela yanna une nethnam remand ekene inna wenne .ekata wada oka hodaine .lamaya gena hithala oye party ekata noya inna thibbe dress eken 3/4eragena holla holla giya eka aparaade,35
C2185,kari wesige bDU UDIN MUGE LAMAYEK NATHI UNATH MUTA GANAK NA PAKAYA,hate,Facebook,kari wesige bdu udin muge lamayek nathi unath muta ganak na pakaya,12
C2186,Kiruliwanam sihinata lan karanna epaa aaaye. 🙏,neutral,Facebook,kiruliwanam sihinata lan karanna epaa aaye.,6
C2187,Ahara nogatthata lamak na denna epa illiim 😒,offensive,Facebook,ahara nogatthata lamak na denna epa illiim,7
C2188,"Eelangata rajithada, basilda, mahindada,",neutral,Facebook,"eelangata rajithada, basilda, mahindada,",4
C2189,Haraka beruna ehenam wal thambiyagen.,hate,Facebook,haraka beruna ehenam wal thambiyagen.,5
C2190,Akk ahanakota thahayak uththara ✨,neutral,Facebook,akk ahanakota thahayak uththara,4
C2191,Galu policeyama awwilla yako. 🌸 ❤️,neutral,Facebook,galu policeyama awwilla yako.,4
C2192,"ane uduburana ballo rate ganu thota gahanne<br />ape ganu nemi, <br />Muslim ganu kalinma thota kelinne<br />thawa burapan ballo thota mokadawenne balaganin",hate,Facebook,"ane uduburana ballo rate ganu thota gahanne<br />ape ganu nemi, <br />Muslim ganu kalinma thota kelinne<br />thawa burapan ballo thota mokadawenne balaganin",22
C2193,Ubath salli hoyanna danna nathi reddawal nokiya job ekak karapan pako,offensive,Facebook,ubath salli hoyanna danna nathi reddawal nokiya job ekak karapan pako,11
C2194,Me dawasakata kiyak withara hoyanawada ❤️,neutral,Facebook,me dawasakata kiyak withara hoyanawada,5
C2195,Oya godak lassanai chathurika gona wage newi oyata waradinne nha okun wage ballo pare marila yavi 🤬,hate,Facebook,oya godak lassanai chathurika gona wage newi oyata waradinne nha okun wage ballo pare marila yavi,16
C2196,RataÕta karapu waradda wahaganna owa kiyala ba gota pakayoÉ ..,offensive,Facebook,RataÕta karapu waradda wahaganna owa kiyala ba gota pakayoÉ ..,10
C2197,Kawda dan meyata adare karanne ð¤£ð¤£ð¤£,neutral,Facebook,kawda dan meyata adare karanne ð¤£ð¤£ð¤£,6
C2198,munta mahasona gahalada diwawal adagana konda kadagana than aliyadagana prissu kalinna aka minihak thoraganin ganiya 😒,offensive,Facebook,munta mahasona gahalada diwawal adagana konda kadagana than aliyadagana prissu kalinna aka minihak thoraganin ganiya,15
C2199,Cari gothayaa ubawa kalath madi 🌸 🌸,neutral,Facebook,cari gothayaa ubawa kalath madi,5
C2200,"thamnge nithyanukula lei ipaduna lassana drive patau dennek vinasa krala avilla me ponnya vesiyanta dava ipdichcha druvo rakinva.thopi denna vage Nehara,menka vage kunugodval vlata ipdichcha lamainuth kvda Hari kranne loku Vela thva asran ganunge Paul kadana eka.kalkanni kalakruvo thopi vage eun",hate,Facebook,"thamnge nithyanukula lei ipaduna lassana drive patau dennek vinasa krala avilla me ponnya vesiyanta dava ipdichcha druvo rakinva.thopi denna vage Nehara,menka vage kunugodval vlata ipdichcha lamainuth kvda hari kranne loku vela thva asran ganunge paul kadana eka.kalkanni kalakruvo thopi vage eun",41
C2201,Miss dukwaena apaa yana akaa kohomath yanava raththran vagae puthaa la daennaek oyaata ennae . Ayaala loku unaama oyaata salaka Ave dan daruvan daenna assdaeka vagae balaganna budusaranaei,neutral,Facebook,miss dukwaena apaa yana akaa kohomath yanava raththran vagae puthaa la daennaek oyaata ennae . ayaala loku unaama oyaata salaka ave dan daruvan daenna assdaeka vagae balaganna budusaranaei,28
C2202,Neddoking hora balla 😠,hate,Facebook,neddoking hora balla,3
C2203,Gotabaya. War. Eka. Kalaye. Ratin. Panala. Giya. Hamuda. Karayek.,neutral,Facebook,Gotabaya. War. Eka. Kalaye. Ratin. Panala. Giya. Hamuda. Karayek.,9
C2204,Apo. Shihan. HariyatA. Gahanawane ✨,neutral,Facebook,Apo. Shihan. HariyatA. gahanawane,4
C2205,Bokak set wela thibunoth thama wade ____ ❤️ 🙏,neutral,Facebook,bokak set wela thibunoth thama wade __,7
C2206,Cholestrol kohomt age hadenw oyge LDL(bad cholesrol) kiyd? 160t wadi nm aniw behet bonn wenw mkd excercise kltm LDL ekpr aduwenne na .,neutral,Facebook,cholestrol kohomt age hadenw oyge LDL(bad cholesrol) kiyd? 160t wadi nm aniw behet bonn wenw mkd excercise kltm ldl ekpr aduwenne na .,23
C2207,Ithin apita pucada,neutral,Facebook,ithin apita pucada,3
C2208,"maduruwo nomarana , minee marana kaalakanni &quot;BUDUNGE DESHAYA&quot; ðð ð",offensive,Facebook,"maduruwo nomarana , minee marana kaalakanni &quot;BUDUNGE DESHAYA&quot; ðð ð",10
C2209,"Meka rate anik prashna yata gahanada daapu sandarshayak kiyalamai hithenne,,, dn pol thel gena ktha ne China gena ktha ne meka thama dn kathawa",neutral,Facebook,"meka rate anik prashna yata gahanada daapu sandarshayak kiyalamai hithenne,, dn pol thel gena ktha ne china gena ktha ne meka thama dn kathawa",24
C2210,Chanaka Dinarathna obathumata ita kalin niwansuwa pathanna weida danne naa 😊,neutral,Facebook,chanaka dinarathna obathumata ita kalin niwansuwa pathanna weida danne naa,10
